_id,SlNo,Station,Agency,State LGD Code,State,District LGD Code,District,Tehsil,Block,Village,River,Basin,Tributary,Subtributary,SubSubtributary,Local River,Latitude,Longitude,Data Acquisition Time,Telemetry Hourly Rainfall (mm)
1,1,Doyang Hep Reservoir,CWC,13,Nagaland,250,WOKHA,WOKHA,-,-,Dhansiri,Brahmaputra,BRAHMAPUTRA,BRAHMAPUTRA,BRAMAPUTRA,Dhansiri,26.23000000,94.26083333,21-01-2021 09:30,3
2,2,Doyang Hep Reservoir,CWC,13,Nagaland,250,WOKHA,WOKHA,-,-,Dhansiri,Brahmaputra,BRAHMAPUTRA,BRAHMAPUTRA,BRAMAPUTRA,Dhansiri,26.23000000,94.26083333,21-01-2021 10:30,2.5
3,3,Doyang Hep Reservoir,CWC,13,Nagaland,250,WOKHA,WOKHA,-,-,Dhansiri,Brahmaputra,BRAHMAPUTRA,BRAHMAPUTRA,BRAMAPUTRA,Dhansiri,26.23000000,94.26083333,21-01-2021 11:30,2.5
4,4,Doyang Hep Reservoir,CWC,13,Nagaland,250,WOKHA,WOKHA,-,-,Dhansiri,Brahmaputra,BRAHMAPUTRA,BRAHMAPUTRA,BRAMAPUTRA,Dhansiri,26.23000000,94.26083333,25-02-2021 20:30,0.5
5,5,Doyang Hep Reservoir,CWC,13,Nagaland,250,WOKHA,WOKHA,-,-,Dhansiri,Brahmaputra,BRAHMAPUTRA,BRAHMAPUTRA,BRAMAPUTRA,Dhansiri,26.23000000,94.26083333,25-02-2021 21:30,0.5
6,6,Doyang Hep Reservoir,CWC,13,Nagaland,250,WOKHA,WOKHA,-,-,Dhansiri,Brahmaputra,BRAHMAPUTRA,BRAHMAPUTRA,BRAMAPUTRA,Dhansiri,26.23000000,94.26083333,25-02-2021 22:30,0.5
7,7,Doyang Hep Reservoir,CWC,13,Nagaland,250,WOKHA,WOKHA,-,-,Dhansiri,Brahmaputra,BRAHMAPUTRA,BRAHMAPUTRA,BRAMAPUTRA,Dhansiri,26.23000000,94.26083333,28-02-2021 07:30,0.5
8,8,Doyang Hep Reservoir,CWC,13,Nagaland,250,WOKHA,WOKHA,-,-,Dhansiri,Brahmaputra,BRAHMAPUTRA,BRAHMAPUTRA,BRAMAPUTRA,Dhansiri,26.23000000,94.26083333,04-03-2021 10:30,0.5
9,9,Doyang Hep Reservoir,CWC,13,Nagaland,250,WOKHA,WOKHA,-,-,Dhansiri,Brahmaputra,BRAHMAPUTRA,BRAHMAPUTRA,BRAMAPUTRA,Dhansiri,26.23000000,94.26083333,12-03-2021 23:30,0.5
10,10,Doyang Hep Reservoir,CWC,13,Nagaland,250,WOKHA,WOKHA,-,-,Dhansiri,Brahmaputra,BRAHMAPUTRA,BRAHMAPUTRA,BRAMAPUTRA,Dhansiri,26.23000000,94.26083333,13-03-2021 20:30,0.5
11,11,Doyang Hep Reservoir,CWC,13,Nagaland,250,WOKHA,WOKHA,-,-,Dhansiri,Brahmaputra,BRAHMAPUTRA,BRAHMAPUTRA,BRAMAPUTRA,Dhansiri,26.23000000,94.26083333,14-03-2021 05:30,0.5
12,12,Doyang Hep Reservoir,CWC,13,Nagaland,250,WOKHA,WOKHA,-,-,Dhansiri,Brahmaputra,BRAHMAPUTRA,BRAHMAPUTRA,BRAMAPUTRA,Dhansiri,26.23000000,94.26083333,14-03-2021 12:30,0.5
13,13,Doyang Hep Reservoir,CWC,13,Nagaland,250,WOKHA,WOKHA,-,-,Dhansiri,Brahmaputra,BRAHMAPUTRA,BRAHMAPUTRA,BRAMAPUTRA,Dhansiri,26.23000000,94.26083333,16-03-2021 06:30,0.5
14,14,Doyang Hep Reservoir,CWC,13,Nagaland,250,WOKHA,WOKHA,-,-,Dhansiri,Brahmaputra,BRAHMAPUTRA,BRAHMAPUTRA,BRAMAPUTRA,Dhansiri,26.23000000,94.26083333,17-03-2021 16:30,0.5
15,15,Doyang Hep Reservoir,CWC,13,Nagaland,250,WOKHA,WOKHA,-,-,Dhansiri,Brahmaputra,BRAHMAPUTRA,BRAHMAPUTRA,BRAMAPUTRA,Dhansiri,26.23000000,94.26083333,18-03-2021 21:30,0.5
16,16,Doyang Hep Reservoir,CWC,13,Nagaland,250,WOKHA,WOKHA,-,-,Dhansiri,Brahmaputra,BRAHMAPUTRA,BRAHMAPUTRA,BRAMAPUTRA,Dhansiri,26.23000000,94.26083333,22-03-2021 07:30,0.5
17,17,Doyang Hep Reservoir,CWC,13,Nagaland,250,WOKHA,WOKHA,-,-,Dhansiri,Brahmaputra,BRAHMAPUTRA,BRAHMAPUTRA,BRAMAPUTRA,Dhansiri,26.23000000,94.26083333,29-03-2021 17:00,0.5
18,18,Doyang Hep Reservoir,CWC,13,Nagaland,250,WOKHA,WOKHA,-,-,Dhansiri,Brahmaputra,BRAHMAPUTRA,BRAHMAPUTRA,BRAMAPUTRA,Dhansiri,26.23000000,94.26083333,29-03-2021 22:30,0.5
19,19,Doyang Hep Reservoir,CWC,13,Nagaland,250,WOKHA,WOKHA,-,-,Dhansiri,Brahmaputra,BRAHMAPUTRA,BRAHMAPUTRA,BRAMAPUTRA,Dhansiri,26.23000000,94.26083333,30-03-2021 00:00,0.5
20,20,Doyang Hep Reservoir,CWC,13,Nagaland,250,WOKHA,WOKHA,-,-,Dhansiri,Brahmaputra,BRAHMAPUTRA,BRAHMAPUTRA,BRAMAPUTRA,Dhansiri,26.23000000,94.26083333,30-03-2021 01:00,0.5
21,21,Doyang Hep Reservoir,CWC,13,Nagaland,250,WOKHA,WOKHA,-,-,Dhansiri,Brahmaputra,BRAHMAPUTRA,BRAHMAPUTRA,BRAMAPUTRA,Dhansiri,26.23000000,94.26083333,30-03-2021 05:30,0.5
22,22,Doyang Hep Reservoir,CWC,13,Nagaland,250,WOKHA,WOKHA,-,-,Dhansiri,Brahmaputra,BRAHMAPUTRA,BRAHMAPUTRA,BRAMAPUTRA,Dhansiri,26.23000000,94.26083333,30-03-2021 06:00,0.5
23,23,Doyang Hep Reservoir,CWC,13,Nagaland,250,WOKHA,WOKHA,-,-,Dhansiri,Brahmaputra,BRAHMAPUTRA,BRAHMAPUTRA,BRAMAPUTRA,Dhansiri,26.23000000,94.26083333,30-03-2021 06:30,0.5
24,24,Doyang Hep Reservoir,CWC,13,Nagaland,250,WOKHA,WOKHA,-,-,Dhansiri,Brahmaputra,BRAHMAPUTRA,BRAHMAPUTRA,BRAMAPUTRA,Dhansiri,26.23000000,94.26083333,30-03-2021 09:30,0.5
25,25,Doyang Hep Reservoir,CWC,13,Nagaland,250,WOKHA,WOKHA,-,-,Dhansiri,Brahmaputra,BRAHMAPUTRA,BRAHMAPUTRA,BRAMAPUTRA,Dhansiri,26.23000000,94.26083333,30-03-2021 11:30,0.5
26,26,Doyang Hep Reservoir,CWC,13,Nagaland,250,WOKHA,WOKHA,-,-,Dhansiri,Brahmaputra,BRAHMAPUTRA,BRAHMAPUTRA,BRAMAPUTRA,Dhansiri,26.23000000,94.26083333,31-03-2021 12:30,0.5
27,27,Doyang Hep Reservoir,CWC,13,Nagaland,250,WOKHA,WOKHA,-,-,Dhansiri,Brahmaputra,BRAHMAPUTRA,BRAHMAPUTRA,BRAMAPUTRA,Dhansiri,26.23000000,94.26083333,01-04-2021 08:30,0.5
28,28,Doyang Hep Reservoir,CWC,13,Nagaland,250,WOKHA,WOKHA,-,-,Dhansiri,Brahmaputra,BRAHMAPUTRA,BRAHMAPUTRA,BRAMAPUTRA,Dhansiri,26.23000000,94.26083333,01-04-2021 22:30,1
29,29,Doyang Hep Reservoir,CWC,13,Nagaland,250,WOKHA,WOKHA,-,-,Dhansiri,Brahmaputra,BRAHMAPUTRA,BRAHMAPUTRA,BRAMAPUTRA,Dhansiri,26.23000000,94.26083333,01-04-2021 23:30,1.5
30,30,Doyang Hep Reservoir,CWC,13,Nagaland,250,WOKHA,WOKHA,-,-,Dhansiri,Brahmaputra,BRAHMAPUTRA,BRAHMAPUTRA,BRAMAPUTRA,Dhansiri,26.23000000,94.26083333,02-04-2021 00:30,1.5
31,31,Doyang Hep Reservoir,CWC,13,Nagaland,250,WOKHA,WOKHA,-,-,Dhansiri,Brahmaputra,BRAHMAPUTRA,BRAHMAPUTRA,BRAMAPUTRA,Dhansiri,26.23000000,94.26083333,02-04-2021 01:30,0.5
32,32,Doyang Hep Reservoir,CWC,13,Nagaland,250,WOKHA,WOKHA,-,-,Dhansiri,Brahmaputra,BRAHMAPUTRA,BRAHMAPUTRA,BRAMAPUTRA,Dhansiri,26.23000000,94.26083333,02-04-2021 03:30,1.5
33,33,Doyang Hep Reservoir,CWC,13,Nagaland,250,WOKHA,WOKHA,-,-,Dhansiri,Brahmaputra,BRAHMAPUTRA,BRAHMAPUTRA,BRAMAPUTRA,Dhansiri,26.23000000,94.26083333,02-04-2021 04:30,1.5
34,34,Doyang Hep Reservoir,CWC,13,Nagaland,250,WOKHA,WOKHA,-,-,Dhansiri,Brahmaputra,BRAHMAPUTRA,BRAHMAPUTRA,BRAMAPUTRA,Dhansiri,26.23000000,94.26083333,02-04-2021 05:30,1.5
35,35,Doyang Hep Reservoir,CWC,13,Nagaland,250,WOKHA,WOKHA,-,-,Dhansiri,Brahmaputra,BRAHMAPUTRA,BRAHMAPUTRA,BRAMAPUTRA,Dhansiri,26.23000000,94.26083333,02-04-2021 06:30,1.5
36,36,Doyang Hep Reservoir,CWC,13,Nagaland,250,WOKHA,WOKHA,-,-,Dhansiri,Brahmaputra,BRAHMAPUTRA,BRAHMAPUTRA,BRAMAPUTRA,Dhansiri,26.23000000,94.26083333,02-04-2021 07:30,1.5
37,37,Doyang Hep Reservoir,CWC,13,Nagaland,250,WOKHA,WOKHA,-,-,Dhansiri,Brahmaputra,BRAHMAPUTRA,BRAHMAPUTRA,BRAMAPUTRA,Dhansiri,26.23000000,94.26083333,02-04-2021 08:30,1.5
38,38,Doyang Hep Reservoir,CWC,13,Nagaland,250,WOKHA,WOKHA,-,-,Dhansiri,Brahmaputra,BRAHMAPUTRA,BRAHMAPUTRA,BRAMAPUTRA,Dhansiri,26.23000000,94.26083333,08-04-2021 23:00,0.5
39,39,Doyang Hep Reservoir,CWC,13,Nagaland,250,WOKHA,WOKHA,-,-,Dhansiri,Brahmaputra,BRAHMAPUTRA,BRAHMAPUTRA,BRAMAPUTRA,Dhansiri,26.23000000,94.26083333,10-04-2021 11:00,0.5
40,40,Doyang Hep Reservoir,CWC,13,Nagaland,250,WOKHA,WOKHA,-,-,Dhansiri,Brahmaputra,BRAHMAPUTRA,BRAHMAPUTRA,BRAMAPUTRA,Dhansiri,26.23000000,94.26083333,16-04-2021 04:00,0.5
41,41,Doyang Hep Reservoir,CWC,13,Nagaland,250,WOKHA,WOKHA,-,-,Dhansiri,Brahmaputra,BRAHMAPUTRA,BRAHMAPUTRA,BRAMAPUTRA,Dhansiri,26.23000000,94.26083333,16-04-2021 06:00,0.5
42,42,Doyang Hep Reservoir,CWC,13,Nagaland,250,WOKHA,WOKHA,-,-,Dhansiri,Brahmaputra,BRAHMAPUTRA,BRAHMAPUTRA,BRAMAPUTRA,Dhansiri,26.23000000,94.26083333,16-04-2021 08:00,1.5
43,43,Doyang Hep Reservoir,CWC,13,Nagaland,250,WOKHA,WOKHA,-,-,Dhansiri,Brahmaputra,BRAHMAPUTRA,BRAHMAPUTRA,BRAMAPUTRA,Dhansiri,26.23000000,94.26083333,16-04-2021 09:00,1.5
44,44,Doyang Hep Reservoir,CWC,13,Nagaland,250,WOKHA,WOKHA,-,-,Dhansiri,Brahmaputra,BRAHMAPUTRA,BRAHMAPUTRA,BRAMAPUTRA,Dhansiri,26.23000000,94.26083333,16-04-2021 10:00,1
45,45,Doyang Hep Reservoir,CWC,13,Nagaland,250,WOKHA,WOKHA,-,-,Dhansiri,Brahmaputra,BRAHMAPUTRA,BRAHMAPUTRA,BRAMAPUTRA,Dhansiri,26.23000000,94.26083333,16-04-2021 11:00,1
46,46,Doyang Hep Reservoir,CWC,13,Nagaland,250,WOKHA,WOKHA,-,-,Dhansiri,Brahmaputra,BRAHMAPUTRA,BRAHMAPUTRA,BRAMAPUTRA,Dhansiri,26.23000000,94.26083333,16-04-2021 12:00,0.5
47,47,Doyang Hep Reservoir,CWC,13,Nagaland,250,WOKHA,WOKHA,-,-,Dhansiri,Brahmaputra,BRAHMAPUTRA,BRAHMAPUTRA,BRAMAPUTRA,Dhansiri,26.23000000,94.26083333,16-04-2021 14:00,1
48,48,Doyang Hep Reservoir,CWC,13,Nagaland,250,WOKHA,WOKHA,-,-,Dhansiri,Brahmaputra,BRAHMAPUTRA,BRAHMAPUTRA,BRAMAPUTRA,Dhansiri,26.23000000,94.26083333,16-04-2021 15:00,1
49,49,Doyang Hep Reservoir,CWC,13,Nagaland,250,WOKHA,WOKHA,-,-,Dhansiri,Brahmaputra,BRAHMAPUTRA,BRAHMAPUTRA,BRAMAPUTRA,Dhansiri,26.23000000,94.26083333,18-04-2021 23:00,0.5
50,50,Doyang Hep Reservoir,CWC,13,Nagaland,250,WOKHA,WOKHA,-,-,Dhansiri,Brahmaputra,BRAHMAPUTRA,BRAHMAPUTRA,BRAMAPUTRA,Dhansiri,26.23000000,94.26083333,19-04-2021 00:00,0.5
51,51,Doyang Hep Reservoir,CWC,13,Nagaland,250,WOKHA,WOKHA,-,-,Dhansiri,Brahmaputra,BRAHMAPUTRA,BRAHMAPUTRA,BRAMAPUTRA,Dhansiri,26.23000000,94.26083333,19-04-2021 01:00,1
52,52,Doyang Hep Reservoir,CWC,13,Nagaland,250,WOKHA,WOKHA,-,-,Dhansiri,Brahmaputra,BRAHMAPUTRA,BRAHMAPUTRA,BRAMAPUTRA,Dhansiri,26.23000000,94.26083333,19-04-2021 02:00,0.5
53,53,Doyang Hep Reservoir,CWC,13,Nagaland,250,WOKHA,WOKHA,-,-,Dhansiri,Brahmaputra,BRAHMAPUTRA,BRAHMAPUTRA,BRAMAPUTRA,Dhansiri,26.23000000,94.26083333,01-05-2021 12:00,1.5
54,54,Doyang Hep Reservoir,CWC,13,Nagaland,250,WOKHA,WOKHA,-,-,Dhansiri,Brahmaputra,BRAHMAPUTRA,BRAHMAPUTRA,BRAMAPUTRA,Dhansiri,26.23000000,94.26083333,02-05-2021 03:00,1
55,55,Doyang Hep Reservoir,CWC,13,Nagaland,250,WOKHA,WOKHA,-,-,Dhansiri,Brahmaputra,BRAHMAPUTRA,BRAHMAPUTRA,BRAMAPUTRA,Dhansiri,26.23000000,94.26083333,02-05-2021 04:00,1
56,56,Doyang Hep Reservoir,CWC,13,Nagaland,250,WOKHA,WOKHA,-,-,Dhansiri,Brahmaputra,BRAHMAPUTRA,BRAHMAPUTRA,BRAMAPUTRA,Dhansiri,26.23000000,94.26083333,02-05-2021 06:00,0.5
57,57,Doyang Hep Reservoir,CWC,13,Nagaland,250,WOKHA,WOKHA,-,-,Dhansiri,Brahmaputra,BRAHMAPUTRA,BRAHMAPUTRA,BRAMAPUTRA,Dhansiri,26.23000000,94.26083333,03-05-2021 05:00,1.5
58,58,Doyang Hep Reservoir,CWC,13,Nagaland,250,WOKHA,WOKHA,-,-,Dhansiri,Brahmaputra,BRAHMAPUTRA,BRAHMAPUTRA,BRAMAPUTRA,Dhansiri,26.23000000,94.26083333,03-05-2021 07:00,0.5
59,59,Doyang Hep Reservoir,CWC,13,Nagaland,250,WOKHA,WOKHA,-,-,Dhansiri,Brahmaputra,BRAHMAPUTRA,BRAHMAPUTRA,BRAMAPUTRA,Dhansiri,26.23000000,94.26083333,03-05-2021 12:00,0.5
60,60,Doyang Hep Reservoir,CWC,13,Nagaland,250,WOKHA,WOKHA,-,-,Dhansiri,Brahmaputra,BRAHMAPUTRA,BRAHMAPUTRA,BRAMAPUTRA,Dhansiri,26.23000000,94.26083333,06-05-2021 10:00,0.5
61,61,Doyang Hep Reservoir,CWC,13,Nagaland,250,WOKHA,WOKHA,-,-,Dhansiri,Brahmaputra,BRAHMAPUTRA,BRAHMAPUTRA,BRAMAPUTRA,Dhansiri,26.23000000,94.26083333,12-05-2021 20:00,0.5
62,62,Doyang Hep Reservoir,CWC,13,Nagaland,250,WOKHA,WOKHA,-,-,Dhansiri,Brahmaputra,BRAHMAPUTRA,BRAHMAPUTRA,BRAMAPUTRA,Dhansiri,26.23000000,94.26083333,15-05-2021 18:00,0.5
63,63,Doyang Hep Reservoir,CWC,13,Nagaland,250,WOKHA,WOKHA,-,-,Dhansiri,Brahmaputra,BRAHMAPUTRA,BRAHMAPUTRA,BRAMAPUTRA,Dhansiri,26.23000000,94.26083333,20-05-2021 21:00,0.5
64,64,Doyang Hep Reservoir,CWC,13,Nagaland,250,WOKHA,WOKHA,-,-,Dhansiri,Brahmaputra,BRAHMAPUTRA,BRAHMAPUTRA,BRAMAPUTRA,Dhansiri,26.23000000,94.26083333,20-08-2021 02:00,0.5
65,65,Doyang Hep Reservoir,CWC,13,Nagaland,250,WOKHA,WOKHA,-,-,Dhansiri,Brahmaputra,BRAHMAPUTRA,BRAHMAPUTRA,BRAMAPUTRA,Dhansiri,26.23000000,94.26083333,20-08-2021 03:00,0.5
66,66,Doyang Hep Reservoir,CWC,13,Nagaland,250,WOKHA,WOKHA,-,-,Dhansiri,Brahmaputra,BRAHMAPUTRA,BRAHMAPUTRA,BRAMAPUTRA,Dhansiri,26.23000000,94.26083333,02-09-2021 07:00,1.5
67,67,Doyang Hep Reservoir,CWC,13,Nagaland,250,WOKHA,WOKHA,-,-,Dhansiri,Brahmaputra,BRAHMAPUTRA,BRAHMAPUTRA,BRAMAPUTRA,Dhansiri,26.23000000,94.26083333,06-09-2021 10:00,21
68,68,Doyang Hep Reservoir,CWC,13,Nagaland,250,WOKHA,WOKHA,-,-,Dhansiri,Brahmaputra,BRAHMAPUTRA,BRAHMAPUTRA,BRAMAPUTRA,Dhansiri,26.23000000,94.26083333,09-09-2021 11:00,2.5
69,69,Doyang Hep Reservoir,CWC,13,Nagaland,250,WOKHA,WOKHA,-,-,Dhansiri,Brahmaputra,BRAHMAPUTRA,BRAHMAPUTRA,BRAMAPUTRA,Dhansiri,26.23000000,94.26083333,09-09-2021 15:00,0.5
70,70,Doyang Hep Reservoir,CWC,13,Nagaland,250,WOKHA,WOKHA,-,-,Dhansiri,Brahmaputra,BRAHMAPUTRA,BRAHMAPUTRA,BRAMAPUTRA,Dhansiri,26.23000000,94.26083333,16-05-2022 05:00,0.5
71,71,Doyang Hep Reservoir,CWC,13,Nagaland,250,WOKHA,WOKHA,-,-,Dhansiri,Brahmaputra,BRAHMAPUTRA,BRAHMAPUTRA,BRAMAPUTRA,Dhansiri,26.23000000,94.26083333,16-05-2022 07:00,2
72,72,Doyang Hep Reservoir,CWC,13,Nagaland,250,WOKHA,WOKHA,-,-,Dhansiri,Brahmaputra,BRAHMAPUTRA,BRAHMAPUTRA,BRAMAPUTRA,Dhansiri,26.23000000,94.26083333,16-05-2022 10:00,2.5
73,73,Doyang Hep Reservoir,CWC,13,Nagaland,250,WOKHA,WOKHA,-,-,Dhansiri,Brahmaputra,BRAHMAPUTRA,BRAHMAPUTRA,BRAMAPUTRA,Dhansiri,26.23000000,94.26083333,16-05-2022 12:00,2.5
74,74,Doyang Hep Reservoir,CWC,13,Nagaland,250,WOKHA,WOKHA,-,-,Dhansiri,Brahmaputra,BRAHMAPUTRA,BRAHMAPUTRA,BRAMAPUTRA,Dhansiri,26.23000000,94.26083333,16-05-2022 13:00,2.5
75,75,Doyang Hep Reservoir,CWC,13,Nagaland,250,WOKHA,WOKHA,-,-,Dhansiri,Brahmaputra,BRAHMAPUTRA,BRAHMAPUTRA,BRAMAPUTRA,Dhansiri,26.23000000,94.26083333,16-05-2022 14:00,2.5
76,76,Doyang Hep Reservoir,CWC,13,Nagaland,250,WOKHA,WOKHA,-,-,Dhansiri,Brahmaputra,BRAHMAPUTRA,BRAHMAPUTRA,BRAMAPUTRA,Dhansiri,26.23000000,94.26083333,16-05-2022 15:00,2.5
77,77,Doyang Hep Reservoir,CWC,13,Nagaland,250,WOKHA,WOKHA,-,-,Dhansiri,Brahmaputra,BRAHMAPUTRA,BRAHMAPUTRA,BRAMAPUTRA,Dhansiri,26.23000000,94.26083333,16-05-2022 16:00,2.5
78,78,Doyang Hep Reservoir,CWC,13,Nagaland,250,WOKHA,WOKHA,-,-,Dhansiri,Brahmaputra,BRAHMAPUTRA,BRAHMAPUTRA,BRAMAPUTRA,Dhansiri,26.23000000,94.26083333,16-05-2022 17:00,2.5
79,79,Doyang Hep Reservoir,CWC,13,Nagaland,250,WOKHA,WOKHA,-,-,Dhansiri,Brahmaputra,BRAHMAPUTRA,BRAHMAPUTRA,BRAMAPUTRA,Dhansiri,26.23000000,94.26083333,16-05-2022 18:00,2.5
80,80,Doyang Hep Reservoir,CWC,13,Nagaland,250,WOKHA,WOKHA,-,-,Dhansiri,Brahmaputra,BRAHMAPUTRA,BRAHMAPUTRA,BRAMAPUTRA,Dhansiri,26.23000000,94.26083333,16-05-2022 23:00,3
81,81,Doyang Hep Reservoir,CWC,13,Nagaland,250,WOKHA,WOKHA,-,-,Dhansiri,Brahmaputra,BRAHMAPUTRA,BRAHMAPUTRA,BRAMAPUTRA,Dhansiri,26.23000000,94.26083333,17-05-2022 00:00,3
82,82,Doyang Hep Reservoir,CWC,13,Nagaland,250,WOKHA,WOKHA,-,-,Dhansiri,Brahmaputra,BRAHMAPUTRA,BRAHMAPUTRA,BRAMAPUTRA,Dhansiri,26.23000000,94.26083333,17-05-2022 01:00,3.5
83,83,Doyang Hep Reservoir,CWC,13,Nagaland,250,WOKHA,WOKHA,-,-,Dhansiri,Brahmaputra,BRAHMAPUTRA,BRAHMAPUTRA,BRAMAPUTRA,Dhansiri,26.23000000,94.26083333,17-05-2022 03:00,3.5
84,84,Doyang Hep Reservoir,CWC,13,Nagaland,250,WOKHA,WOKHA,-,-,Dhansiri,Brahmaputra,BRAHMAPUTRA,BRAHMAPUTRA,BRAMAPUTRA,Dhansiri,26.23000000,94.26083333,17-05-2022 11:00,1.5
85,85,Doyang Hep Reservoir,CWC,13,Nagaland,250,WOKHA,WOKHA,-,-,Dhansiri,Brahmaputra,BRAHMAPUTRA,BRAHMAPUTRA,BRAMAPUTRA,Dhansiri,26.23000000,94.26083333,17-05-2022 12:00,1.5
86,86,Doyang Hep Reservoir,CWC,13,Nagaland,250,WOKHA,WOKHA,-,-,Dhansiri,Brahmaputra,BRAHMAPUTRA,BRAHMAPUTRA,BRAMAPUTRA,Dhansiri,26.23000000,94.26083333,17-05-2022 16:00,2
87,87,Doyang Hep Reservoir,CWC,13,Nagaland,250,WOKHA,WOKHA,-,-,Dhansiri,Brahmaputra,BRAHMAPUTRA,BRAHMAPUTRA,BRAMAPUTRA,Dhansiri,26.23000000,94.26083333,17-05-2022 17:00,2
88,88,Doyang Hep Reservoir,CWC,13,Nagaland,250,WOKHA,WOKHA,-,-,Dhansiri,Brahmaputra,BRAHMAPUTRA,BRAHMAPUTRA,BRAMAPUTRA,Dhansiri,26.23000000,94.26083333,17-05-2022 20:00,2
89,89,Doyang Hep Reservoir,CWC,13,Nagaland,250,WOKHA,WOKHA,-,-,Dhansiri,Brahmaputra,BRAHMAPUTRA,BRAHMAPUTRA,BRAMAPUTRA,Dhansiri,26.23000000,94.26083333,17-05-2022 21:00,2
90,90,Doyang Hep Reservoir,CWC,13,Nagaland,250,WOKHA,WOKHA,-,-,Dhansiri,Brahmaputra,BRAHMAPUTRA,BRAHMAPUTRA,BRAMAPUTRA,Dhansiri,26.23000000,94.26083333,18-05-2022 00:00,2
91,91,Doyang Hep Reservoir,CWC,13,Nagaland,250,WOKHA,WOKHA,-,-,Dhansiri,Brahmaputra,BRAHMAPUTRA,BRAHMAPUTRA,BRAMAPUTRA,Dhansiri,26.23000000,94.26083333,18-05-2022 01:00,2
92,92,Doyang Hep Reservoir,CWC,13,Nagaland,250,WOKHA,WOKHA,-,-,Dhansiri,Brahmaputra,BRAHMAPUTRA,BRAHMAPUTRA,BRAMAPUTRA,Dhansiri,26.23000000,94.26083333,18-05-2022 02:00,2
93,93,Doyang Hep Reservoir,CWC,13,Nagaland,250,WOKHA,WOKHA,-,-,Dhansiri,Brahmaputra,BRAHMAPUTRA,BRAHMAPUTRA,BRAMAPUTRA,Dhansiri,26.23000000,94.26083333,18-05-2022 03:00,2.5
94,94,Doyang Hep Reservoir,CWC,13,Nagaland,250,WOKHA,WOKHA,-,-,Dhansiri,Brahmaputra,BRAHMAPUTRA,BRAHMAPUTRA,BRAMAPUTRA,Dhansiri,26.23000000,94.26083333,18-05-2022 23:00,2
95,95,Doyang Hep Reservoir,CWC,13,Nagaland,250,WOKHA,WOKHA,-,-,Dhansiri,Brahmaputra,BRAHMAPUTRA,BRAHMAPUTRA,BRAMAPUTRA,Dhansiri,26.23000000,94.26083333,19-05-2022 02:00,26
96,96,Doyang Hep Reservoir,CWC,13,Nagaland,250,WOKHA,WOKHA,-,-,Dhansiri,Brahmaputra,BRAHMAPUTRA,BRAHMAPUTRA,BRAMAPUTRA,Dhansiri,26.23000000,94.26083333,19-05-2022 03:00,35
97,97,Doyang Hep Reservoir,CWC,13,Nagaland,250,WOKHA,WOKHA,-,-,Dhansiri,Brahmaputra,BRAHMAPUTRA,BRAHMAPUTRA,BRAMAPUTRA,Dhansiri,26.23000000,94.26083333,19-05-2022 05:00,0.5
98,98,Doyang Hep Reservoir,CWC,13,Nagaland,250,WOKHA,WOKHA,-,-,Dhansiri,Brahmaputra,BRAHMAPUTRA,BRAHMAPUTRA,BRAMAPUTRA,Dhansiri,26.23000000,94.26083333,19-05-2022 08:00,0.5
99,99,Doyang Hep Reservoir,CWC,13,Nagaland,250,WOKHA,WOKHA,-,-,Dhansiri,Brahmaputra,BRAHMAPUTRA,BRAHMAPUTRA,BRAMAPUTRA,Dhansiri,26.23000000,94.26083333,19-05-2022 12:00,0.5
100,100,Doyang Hep Reservoir,CWC,13,Nagaland,250,WOKHA,WOKHA,-,-,Dhansiri,Brahmaputra,BRAHMAPUTRA,BRAHMAPUTRA,BRAMAPUTRA,Dhansiri,26.23000000,94.26083333,19-05-2022 15:00,0.5
101,101,Doyang Hep Reservoir,CWC,13,Nagaland,250,WOKHA,WOKHA,-,-,Dhansiri,Brahmaputra,BRAHMAPUTRA,BRAHMAPUTRA,BRAMAPUTRA,Dhansiri,26.23000000,94.26083333,19-05-2022 17:00,0.5
102,102,Doyang Hep Reservoir,CWC,13,Nagaland,250,WOKHA,WOKHA,-,-,Dhansiri,Brahmaputra,BRAHMAPUTRA,BRAHMAPUTRA,BRAMAPUTRA,Dhansiri,26.23000000,94.26083333,19-05-2022 18:00,0.5
103,103,Doyang Hep Reservoir,CWC,13,Nagaland,250,WOKHA,WOKHA,-,-,Dhansiri,Brahmaputra,BRAHMAPUTRA,BRAHMAPUTRA,BRAMAPUTRA,Dhansiri,26.23000000,94.26083333,19-05-2022 21:00,13
104,104,Doyang Hep Reservoir,CWC,13,Nagaland,250,WOKHA,WOKHA,-,-,Dhansiri,Brahmaputra,BRAHMAPUTRA,BRAHMAPUTRA,BRAMAPUTRA,Dhansiri,26.23000000,94.26083333,19-05-2022 23:00,13
105,105,Doyang Hep Reservoir,CWC,13,Nagaland,250,WOKHA,WOKHA,-,-,Dhansiri,Brahmaputra,BRAHMAPUTRA,BRAHMAPUTRA,BRAMAPUTRA,Dhansiri,26.23000000,94.26083333,20-05-2022 02:00,13
106,106,Doyang Hep Reservoir,CWC,13,Nagaland,250,WOKHA,WOKHA,-,-,Dhansiri,Brahmaputra,BRAHMAPUTRA,BRAHMAPUTRA,BRAMAPUTRA,Dhansiri,26.23000000,94.26083333,20-05-2022 18:00,1.5
107,107,Doyang Hep Reservoir,CWC,13,Nagaland,250,WOKHA,WOKHA,-,-,Dhansiri,Brahmaputra,BRAHMAPUTRA,BRAHMAPUTRA,BRAMAPUTRA,Dhansiri,26.23000000,94.26083333,20-05-2022 22:00,4
108,108,Doyang Hep Reservoir,CWC,13,Nagaland,250,WOKHA,WOKHA,-,-,Dhansiri,Brahmaputra,BRAHMAPUTRA,BRAHMAPUTRA,BRAMAPUTRA,Dhansiri,26.23000000,94.26083333,21-05-2022 00:00,4.5
109,109,Doyang Hep Reservoir,CWC,13,Nagaland,250,WOKHA,WOKHA,-,-,Dhansiri,Brahmaputra,BRAHMAPUTRA,BRAHMAPUTRA,BRAMAPUTRA,Dhansiri,26.23000000,94.26083333,21-05-2022 01:00,4.5
110,110,Doyang Hep Reservoir,CWC,13,Nagaland,250,WOKHA,WOKHA,-,-,Dhansiri,Brahmaputra,BRAHMAPUTRA,BRAHMAPUTRA,BRAMAPUTRA,Dhansiri,26.23000000,94.26083333,21-05-2022 02:00,4.5
111,111,Doyang Hep Reservoir,CWC,13,Nagaland,250,WOKHA,WOKHA,-,-,Dhansiri,Brahmaputra,BRAHMAPUTRA,BRAHMAPUTRA,BRAMAPUTRA,Dhansiri,26.23000000,94.26083333,21-05-2022 03:00,4.5
112,112,Doyang Hep Reservoir,CWC,13,Nagaland,250,WOKHA,WOKHA,-,-,Dhansiri,Brahmaputra,BRAHMAPUTRA,BRAHMAPUTRA,BRAMAPUTRA,Dhansiri,26.23000000,94.26083333,21-05-2022 21:00,7
113,113,Doyang Hep Reservoir,CWC,13,Nagaland,250,WOKHA,WOKHA,-,-,Dhansiri,Brahmaputra,BRAHMAPUTRA,BRAHMAPUTRA,BRAMAPUTRA,Dhansiri,26.23000000,94.26083333,24-05-2022 09:00,1
114,114,Doyang Hep Reservoir,CWC,13,Nagaland,250,WOKHA,WOKHA,-,-,Dhansiri,Brahmaputra,BRAHMAPUTRA,BRAHMAPUTRA,BRAMAPUTRA,Dhansiri,26.23000000,94.26083333,24-05-2022 10:00,3
115,115,Doyang Hep Reservoir,CWC,13,Nagaland,250,WOKHA,WOKHA,-,-,Dhansiri,Brahmaputra,BRAHMAPUTRA,BRAHMAPUTRA,BRAMAPUTRA,Dhansiri,26.23000000,94.26083333,24-05-2022 11:00,4.5
116,116,Doyang Hep Reservoir,CWC,13,Nagaland,250,WOKHA,WOKHA,-,-,Dhansiri,Brahmaputra,BRAHMAPUTRA,BRAHMAPUTRA,BRAMAPUTRA,Dhansiri,26.23000000,94.26083333,24-05-2022 17:00,6
117,117,Doyang Hep Reservoir,CWC,13,Nagaland,250,WOKHA,WOKHA,-,-,Dhansiri,Brahmaputra,BRAHMAPUTRA,BRAHMAPUTRA,BRAMAPUTRA,Dhansiri,26.23000000,94.26083333,24-05-2022 19:00,7.5
118,118,Doyang Hep Reservoir,CWC,13,Nagaland,250,WOKHA,WOKHA,-,-,Dhansiri,Brahmaputra,BRAHMAPUTRA,BRAHMAPUTRA,BRAMAPUTRA,Dhansiri,26.23000000,94.26083333,24-05-2022 21:00,7.5
119,119,Doyang Hep Reservoir,CWC,13,Nagaland,250,WOKHA,WOKHA,-,-,Dhansiri,Brahmaputra,BRAHMAPUTRA,BRAHMAPUTRA,BRAMAPUTRA,Dhansiri,26.23000000,94.26083333,24-05-2022 23:00,7.5
120,120,Doyang Hep Reservoir,CWC,13,Nagaland,250,WOKHA,WOKHA,-,-,Dhansiri,Brahmaputra,BRAHMAPUTRA,BRAHMAPUTRA,BRAMAPUTRA,Dhansiri,26.23000000,94.26083333,25-05-2022 10:00,0.5
121,121,Doyang Hep Reservoir,CWC,13,Nagaland,250,WOKHA,WOKHA,-,-,Dhansiri,Brahmaputra,BRAHMAPUTRA,BRAHMAPUTRA,BRAMAPUTRA,Dhansiri,26.23000000,94.26083333,25-05-2022 12:00,1
122,122,Doyang Hep Reservoir,CWC,13,Nagaland,250,WOKHA,WOKHA,-,-,Dhansiri,Brahmaputra,BRAHMAPUTRA,BRAHMAPUTRA,BRAMAPUTRA,Dhansiri,26.23000000,94.26083333,25-05-2022 18:00,1
123,123,Doyang Hep Reservoir,CWC,13,Nagaland,250,WOKHA,WOKHA,-,-,Dhansiri,Brahmaputra,BRAHMAPUTRA,BRAHMAPUTRA,BRAMAPUTRA,Dhansiri,26.23000000,94.26083333,26-05-2022 00:00,1.5
124,124,Doyang Hep Reservoir,CWC,13,Nagaland,250,WOKHA,WOKHA,-,-,Dhansiri,Brahmaputra,BRAHMAPUTRA,BRAHMAPUTRA,BRAMAPUTRA,Dhansiri,26.23000000,94.26083333,26-05-2022 03:00,1.5
125,125,Doyang Hep Reservoir,CWC,13,Nagaland,250,WOKHA,WOKHA,-,-,Dhansiri,Brahmaputra,BRAHMAPUTRA,BRAHMAPUTRA,BRAMAPUTRA,Dhansiri,26.23000000,94.26083333,27-05-2022 13:00,2
126,126,Doyang Hep Reservoir,CWC,13,Nagaland,250,WOKHA,WOKHA,-,-,Dhansiri,Brahmaputra,BRAHMAPUTRA,BRAHMAPUTRA,BRAMAPUTRA,Dhansiri,26.23000000,94.26083333,27-05-2022 15:00,2
127,127,Doyang Hep Reservoir,CWC,13,Nagaland,250,WOKHA,WOKHA,-,-,Dhansiri,Brahmaputra,BRAHMAPUTRA,BRAHMAPUTRA,BRAMAPUTRA,Dhansiri,26.23000000,94.26083333,27-05-2022 16:00,2
128,128,Doyang Hep Reservoir,CWC,13,Nagaland,250,WOKHA,WOKHA,-,-,Dhansiri,Brahmaputra,BRAHMAPUTRA,BRAHMAPUTRA,BRAMAPUTRA,Dhansiri,26.23000000,94.26083333,27-05-2022 20:00,2
129,129,Doyang Hep Reservoir,CWC,13,Nagaland,250,WOKHA,WOKHA,-,-,Dhansiri,Brahmaputra,BRAHMAPUTRA,BRAHMAPUTRA,BRAMAPUTRA,Dhansiri,26.23000000,94.26083333,27-05-2022 21:00,2
130,130,Doyang Hep Reservoir,CWC,13,Nagaland,250,WOKHA,WOKHA,-,-,Dhansiri,Brahmaputra,BRAHMAPUTRA,BRAHMAPUTRA,BRAMAPUTRA,Dhansiri,26.23000000,94.26083333,27-05-2022 22:00,2
131,131,Doyang Hep Reservoir,CWC,13,Nagaland,250,WOKHA,WOKHA,-,-,Dhansiri,Brahmaputra,BRAHMAPUTRA,BRAHMAPUTRA,BRAMAPUTRA,Dhansiri,26.23000000,94.26083333,27-05-2022 23:00,2
132,132,Doyang Hep Reservoir,CWC,13,Nagaland,250,WOKHA,WOKHA,-,-,Dhansiri,Brahmaputra,BRAHMAPUTRA,BRAHMAPUTRA,BRAMAPUTRA,Dhansiri,26.23000000,94.26083333,28-05-2022 00:00,2
133,133,Doyang Hep Reservoir,CWC,13,Nagaland,250,WOKHA,WOKHA,-,-,Dhansiri,Brahmaputra,BRAHMAPUTRA,BRAHMAPUTRA,BRAMAPUTRA,Dhansiri,26.23000000,94.26083333,28-05-2022 01:00,2
134,134,Doyang Hep Reservoir,CWC,13,Nagaland,250,WOKHA,WOKHA,-,-,Dhansiri,Brahmaputra,BRAHMAPUTRA,BRAHMAPUTRA,BRAMAPUTRA,Dhansiri,26.23000000,94.26083333,28-05-2022 06:00,0.5
135,135,Doyang Hep Reservoir,CWC,13,Nagaland,250,WOKHA,WOKHA,-,-,Dhansiri,Brahmaputra,BRAHMAPUTRA,BRAHMAPUTRA,BRAMAPUTRA,Dhansiri,26.23000000,94.26083333,28-05-2022 12:00,1.5
136,136,Doyang Hep Reservoir,CWC,13,Nagaland,250,WOKHA,WOKHA,-,-,Dhansiri,Brahmaputra,BRAHMAPUTRA,BRAHMAPUTRA,BRAMAPUTRA,Dhansiri,26.23000000,94.26083333,28-05-2022 13:00,1.5
137,137,Doyang Hep Reservoir,CWC,13,Nagaland,250,WOKHA,WOKHA,-,-,Dhansiri,Brahmaputra,BRAHMAPUTRA,BRAHMAPUTRA,BRAMAPUTRA,Dhansiri,26.23000000,94.26083333,28-05-2022 15:00,1.5
138,138,Doyang Hep Reservoir,CWC,13,Nagaland,250,WOKHA,WOKHA,-,-,Dhansiri,Brahmaputra,BRAHMAPUTRA,BRAHMAPUTRA,BRAMAPUTRA,Dhansiri,26.23000000,94.26083333,28-05-2022 18:00,1.5
139,139,Doyang Hep Reservoir,CWC,13,Nagaland,250,WOKHA,WOKHA,-,-,Dhansiri,Brahmaputra,BRAHMAPUTRA,BRAHMAPUTRA,BRAMAPUTRA,Dhansiri,26.23000000,94.26083333,28-05-2022 20:00,1.5
140,140,Doyang Hep Reservoir,CWC,13,Nagaland,250,WOKHA,WOKHA,-,-,Dhansiri,Brahmaputra,BRAHMAPUTRA,BRAHMAPUTRA,BRAMAPUTRA,Dhansiri,26.23000000,94.26083333,28-05-2022 22:00,1.5
141,141,Doyang Hep Reservoir,CWC,13,Nagaland,250,WOKHA,WOKHA,-,-,Dhansiri,Brahmaputra,BRAHMAPUTRA,BRAHMAPUTRA,BRAMAPUTRA,Dhansiri,26.23000000,94.26083333,29-05-2022 00:00,1.5
142,142,Doyang Hep Reservoir,CWC,13,Nagaland,250,WOKHA,WOKHA,-,-,Dhansiri,Brahmaputra,BRAHMAPUTRA,BRAHMAPUTRA,BRAMAPUTRA,Dhansiri,26.23000000,94.26083333,29-05-2022 02:00,1.5
143,143,Doyang Hep Reservoir,CWC,13,Nagaland,250,WOKHA,WOKHA,-,-,Dhansiri,Brahmaputra,BRAHMAPUTRA,BRAHMAPUTRA,BRAMAPUTRA,Dhansiri,26.23000000,94.26083333,30-05-2022 11:00,16.5
144,144,Doyang Hep Reservoir,CWC,13,Nagaland,250,WOKHA,WOKHA,-,-,Dhansiri,Brahmaputra,BRAHMAPUTRA,BRAHMAPUTRA,BRAMAPUTRA,Dhansiri,26.23000000,94.26083333,30-05-2022 14:00,26.5
145,145,Doyang Hep Reservoir,CWC,13,Nagaland,250,WOKHA,WOKHA,-,-,Dhansiri,Brahmaputra,BRAHMAPUTRA,BRAHMAPUTRA,BRAMAPUTRA,Dhansiri,26.23000000,94.26083333,30-05-2022 15:00,26.5
146,146,Doyang Hep Reservoir,CWC,13,Nagaland,250,WOKHA,WOKHA,-,-,Dhansiri,Brahmaputra,BRAHMAPUTRA,BRAHMAPUTRA,BRAMAPUTRA,Dhansiri,26.23000000,94.26083333,30-05-2022 16:00,27
147,147,Doyang Hep Reservoir,CWC,13,Nagaland,250,WOKHA,WOKHA,-,-,Dhansiri,Brahmaputra,BRAHMAPUTRA,BRAHMAPUTRA,BRAMAPUTRA,Dhansiri,26.23000000,94.26083333,30-05-2022 21:00,27
148,148,Doyang Hep Reservoir,CWC,13,Nagaland,250,WOKHA,WOKHA,-,-,Dhansiri,Brahmaputra,BRAHMAPUTRA,BRAHMAPUTRA,BRAMAPUTRA,Dhansiri,26.23000000,94.26083333,30-05-2022 23:00,27
149,149,Doyang Hep Reservoir,CWC,13,Nagaland,250,WOKHA,WOKHA,-,-,Dhansiri,Brahmaputra,BRAHMAPUTRA,BRAHMAPUTRA,BRAMAPUTRA,Dhansiri,26.23000000,94.26083333,31-05-2022 17:00,4
150,150,Doyang Hep Reservoir,CWC,13,Nagaland,250,WOKHA,WOKHA,-,-,Dhansiri,Brahmaputra,BRAHMAPUTRA,BRAHMAPUTRA,BRAMAPUTRA,Dhansiri,26.23000000,94.26083333,31-05-2022 18:00,27.5
151,151,Doyang Hep Reservoir,CWC,13,Nagaland,250,WOKHA,WOKHA,-,-,Dhansiri,Brahmaputra,BRAHMAPUTRA,BRAHMAPUTRA,BRAMAPUTRA,Dhansiri,26.23000000,94.26083333,31-05-2022 19:00,40.5
152,152,Doyang Hep Reservoir,CWC,13,Nagaland,250,WOKHA,WOKHA,-,-,Dhansiri,Brahmaputra,BRAHMAPUTRA,BRAHMAPUTRA,BRAMAPUTRA,Dhansiri,26.23000000,94.26083333,31-05-2022 21:00,51.5
153,153,Doyang Hep Reservoir,CWC,13,Nagaland,250,WOKHA,WOKHA,-,-,Dhansiri,Brahmaputra,BRAHMAPUTRA,BRAHMAPUTRA,BRAMAPUTRA,Dhansiri,26.23000000,94.26083333,01-06-2022 00:00,52
154,154,Doyang Hep Reservoir,CWC,13,Nagaland,250,WOKHA,WOKHA,-,-,Dhansiri,Brahmaputra,BRAHMAPUTRA,BRAHMAPUTRA,BRAMAPUTRA,Dhansiri,26.23000000,94.26083333,02-06-2022 09:00,0.5
155,155,Doyang Hep Reservoir,CWC,13,Nagaland,250,WOKHA,WOKHA,-,-,Dhansiri,Brahmaputra,BRAHMAPUTRA,BRAHMAPUTRA,BRAMAPUTRA,Dhansiri,26.23000000,94.26083333,02-06-2022 11:00,0.5
156,156,Doyang Hep Reservoir,CWC,13,Nagaland,250,WOKHA,WOKHA,-,-,Dhansiri,Brahmaputra,BRAHMAPUTRA,BRAHMAPUTRA,BRAMAPUTRA,Dhansiri,26.23000000,94.26083333,02-06-2022 13:00,0.5
157,157,Doyang Hep Reservoir,CWC,13,Nagaland,250,WOKHA,WOKHA,-,-,Dhansiri,Brahmaputra,BRAHMAPUTRA,BRAHMAPUTRA,BRAMAPUTRA,Dhansiri,26.23000000,94.26083333,02-06-2022 14:00,0.5
158,158,Doyang Hep Reservoir,CWC,13,Nagaland,250,WOKHA,WOKHA,-,-,Dhansiri,Brahmaputra,BRAHMAPUTRA,BRAHMAPUTRA,BRAMAPUTRA,Dhansiri,26.23000000,94.26083333,02-06-2022 15:00,0.5
159,159,Doyang Hep Reservoir,CWC,13,Nagaland,250,WOKHA,WOKHA,-,-,Dhansiri,Brahmaputra,BRAHMAPUTRA,BRAHMAPUTRA,BRAMAPUTRA,Dhansiri,26.23000000,94.26083333,02-06-2022 17:00,0.5
160,160,Doyang Hep Reservoir,CWC,13,Nagaland,250,WOKHA,WOKHA,-,-,Dhansiri,Brahmaputra,BRAHMAPUTRA,BRAHMAPUTRA,BRAMAPUTRA,Dhansiri,26.23000000,94.26083333,02-06-2022 19:00,0.5
161,161,Doyang Hep Reservoir,CWC,13,Nagaland,250,WOKHA,WOKHA,-,-,Dhansiri,Brahmaputra,BRAHMAPUTRA,BRAHMAPUTRA,BRAMAPUTRA,Dhansiri,26.23000000,94.26083333,02-06-2022 21:00,0.5
162,162,Doyang Hep Reservoir,CWC,13,Nagaland,250,WOKHA,WOKHA,-,-,Dhansiri,Brahmaputra,BRAHMAPUTRA,BRAHMAPUTRA,BRAMAPUTRA,Dhansiri,26.23000000,94.26083333,02-06-2022 22:00,0.5
163,163,Doyang Hep Reservoir,CWC,13,Nagaland,250,WOKHA,WOKHA,-,-,Dhansiri,Brahmaputra,BRAHMAPUTRA,BRAHMAPUTRA,BRAMAPUTRA,Dhansiri,26.23000000,94.26083333,02-06-2022 23:00,0.5
164,164,Doyang Hep Reservoir,CWC,13,Nagaland,250,WOKHA,WOKHA,-,-,Dhansiri,Brahmaputra,BRAHMAPUTRA,BRAHMAPUTRA,BRAMAPUTRA,Dhansiri,26.23000000,94.26083333,03-06-2022 00:00,0.5
165,165,Doyang Hep Reservoir,CWC,13,Nagaland,250,WOKHA,WOKHA,-,-,Dhansiri,Brahmaputra,BRAHMAPUTRA,BRAHMAPUTRA,BRAMAPUTRA,Dhansiri,26.23000000,94.26083333,03-06-2022 01:00,0.5
166,166,Doyang Hep Reservoir,CWC,13,Nagaland,250,WOKHA,WOKHA,-,-,Dhansiri,Brahmaputra,BRAHMAPUTRA,BRAHMAPUTRA,BRAMAPUTRA,Dhansiri,26.23000000,94.26083333,03-06-2022 02:00,0.5
167,167,Doyang Hep Reservoir,CWC,13,Nagaland,250,WOKHA,WOKHA,-,-,Dhansiri,Brahmaputra,BRAHMAPUTRA,BRAHMAPUTRA,BRAMAPUTRA,Dhansiri,26.23000000,94.26083333,03-06-2022 03:00,0.5
168,168,Doyang Hep Reservoir,CWC,13,Nagaland,250,WOKHA,WOKHA,-,-,Dhansiri,Brahmaputra,BRAHMAPUTRA,BRAHMAPUTRA,BRAMAPUTRA,Dhansiri,26.23000000,94.26083333,03-06-2022 11:00,5
169,169,Doyang Hep Reservoir,CWC,13,Nagaland,250,WOKHA,WOKHA,-,-,Dhansiri,Brahmaputra,BRAHMAPUTRA,BRAHMAPUTRA,BRAMAPUTRA,Dhansiri,26.23000000,94.26083333,03-06-2022 13:00,5
170,170,Doyang Hep Reservoir,CWC,13,Nagaland,250,WOKHA,WOKHA,-,-,Dhansiri,Brahmaputra,BRAHMAPUTRA,BRAHMAPUTRA,BRAMAPUTRA,Dhansiri,26.23000000,94.26083333,03-06-2022 14:00,5
171,171,Doyang Hep Reservoir,CWC,13,Nagaland,250,WOKHA,WOKHA,-,-,Dhansiri,Brahmaputra,BRAHMAPUTRA,BRAHMAPUTRA,BRAMAPUTRA,Dhansiri,26.23000000,94.26083333,03-06-2022 15:00,5
172,172,Doyang Hep Reservoir,CWC,13,Nagaland,250,WOKHA,WOKHA,-,-,Dhansiri,Brahmaputra,BRAHMAPUTRA,BRAHMAPUTRA,BRAMAPUTRA,Dhansiri,26.23000000,94.26083333,03-06-2022 22:00,13
173,173,Doyang Hep Reservoir,CWC,13,Nagaland,250,WOKHA,WOKHA,-,-,Dhansiri,Brahmaputra,BRAHMAPUTRA,BRAHMAPUTRA,BRAMAPUTRA,Dhansiri,26.23000000,94.26083333,04-06-2022 00:00,13
174,174,Doyang Hep Reservoir,CWC,13,Nagaland,250,WOKHA,WOKHA,-,-,Dhansiri,Brahmaputra,BRAHMAPUTRA,BRAHMAPUTRA,BRAMAPUTRA,Dhansiri,26.23000000,94.26083333,07-06-2022 13:00,19
175,175,Doyang Hep Reservoir,CWC,13,Nagaland,250,WOKHA,WOKHA,-,-,Dhansiri,Brahmaputra,BRAHMAPUTRA,BRAHMAPUTRA,BRAMAPUTRA,Dhansiri,26.23000000,94.26083333,07-06-2022 14:00,19
176,176,Doyang Hep Reservoir,CWC,13,Nagaland,250,WOKHA,WOKHA,-,-,Dhansiri,Brahmaputra,BRAHMAPUTRA,BRAHMAPUTRA,BRAMAPUTRA,Dhansiri,26.23000000,94.26083333,07-06-2022 16:00,19
177,177,Doyang Hep Reservoir,CWC,13,Nagaland,250,WOKHA,WOKHA,-,-,Dhansiri,Brahmaputra,BRAHMAPUTRA,BRAHMAPUTRA,BRAMAPUTRA,Dhansiri,26.23000000,94.26083333,07-06-2022 18:00,19
178,178,Doyang Hep Reservoir,CWC,13,Nagaland,250,WOKHA,WOKHA,-,-,Dhansiri,Brahmaputra,BRAHMAPUTRA,BRAHMAPUTRA,BRAMAPUTRA,Dhansiri,26.23000000,94.26083333,07-06-2022 21:00,19
179,179,Doyang Hep Reservoir,CWC,13,Nagaland,250,WOKHA,WOKHA,-,-,Dhansiri,Brahmaputra,BRAHMAPUTRA,BRAHMAPUTRA,BRAMAPUTRA,Dhansiri,26.23000000,94.26083333,08-06-2022 00:00,19
180,180,Doyang Hep Reservoir,CWC,13,Nagaland,250,WOKHA,WOKHA,-,-,Dhansiri,Brahmaputra,BRAHMAPUTRA,BRAHMAPUTRA,BRAMAPUTRA,Dhansiri,26.23000000,94.26083333,08-06-2022 01:00,19
181,181,Doyang Hep Reservoir,CWC,13,Nagaland,250,WOKHA,WOKHA,-,-,Dhansiri,Brahmaputra,BRAHMAPUTRA,BRAHMAPUTRA,BRAMAPUTRA,Dhansiri,26.23000000,94.26083333,08-06-2022 02:00,19
182,182,Doyang Hep Reservoir,CWC,13,Nagaland,250,WOKHA,WOKHA,-,-,Dhansiri,Brahmaputra,BRAHMAPUTRA,BRAHMAPUTRA,BRAMAPUTRA,Dhansiri,26.23000000,94.26083333,08-06-2022 03:00,19
183,183,Doyang Hep Reservoir,CWC,13,Nagaland,250,WOKHA,WOKHA,-,-,Dhansiri,Brahmaputra,BRAHMAPUTRA,BRAHMAPUTRA,BRAMAPUTRA,Dhansiri,26.23000000,94.26083333,08-06-2022 12:00,2.5
184,184,Doyang Hep Reservoir,CWC,13,Nagaland,250,WOKHA,WOKHA,-,-,Dhansiri,Brahmaputra,BRAHMAPUTRA,BRAHMAPUTRA,BRAMAPUTRA,Dhansiri,26.23000000,94.26083333,08-06-2022 13:00,2.5
185,185,Doyang Hep Reservoir,CWC,13,Nagaland,250,WOKHA,WOKHA,-,-,Dhansiri,Brahmaputra,BRAHMAPUTRA,BRAHMAPUTRA,BRAMAPUTRA,Dhansiri,26.23000000,94.26083333,08-06-2022 17:00,2.5
186,186,Doyang Hep Reservoir,CWC,13,Nagaland,250,WOKHA,WOKHA,-,-,Dhansiri,Brahmaputra,BRAHMAPUTRA,BRAHMAPUTRA,BRAMAPUTRA,Dhansiri,26.23000000,94.26083333,08-06-2022 19:00,2.5
187,187,Doyang Hep Reservoir,CWC,13,Nagaland,250,WOKHA,WOKHA,-,-,Dhansiri,Brahmaputra,BRAHMAPUTRA,BRAHMAPUTRA,BRAMAPUTRA,Dhansiri,26.23000000,94.26083333,08-06-2022 20:00,2.5
188,188,Doyang Hep Reservoir,CWC,13,Nagaland,250,WOKHA,WOKHA,-,-,Dhansiri,Brahmaputra,BRAHMAPUTRA,BRAHMAPUTRA,BRAMAPUTRA,Dhansiri,26.23000000,94.26083333,08-06-2022 23:00,2.5
189,189,Doyang Hep Reservoir,CWC,13,Nagaland,250,WOKHA,WOKHA,-,-,Dhansiri,Brahmaputra,BRAHMAPUTRA,BRAHMAPUTRA,BRAMAPUTRA,Dhansiri,26.23000000,94.26083333,09-06-2022 02:00,2.5
190,190,Doyang Hep Reservoir,CWC,13,Nagaland,250,WOKHA,WOKHA,-,-,Dhansiri,Brahmaputra,BRAHMAPUTRA,BRAHMAPUTRA,BRAMAPUTRA,Dhansiri,26.23000000,94.26083333,09-06-2022 03:00,2.5
191,191,Doyang Hep Reservoir,CWC,13,Nagaland,250,WOKHA,WOKHA,-,-,Dhansiri,Brahmaputra,BRAHMAPUTRA,BRAHMAPUTRA,BRAMAPUTRA,Dhansiri,26.23000000,94.26083333,09-06-2022 13:00,10
192,192,Doyang Hep Reservoir,CWC,13,Nagaland,250,WOKHA,WOKHA,-,-,Dhansiri,Brahmaputra,BRAHMAPUTRA,BRAHMAPUTRA,BRAMAPUTRA,Dhansiri,26.23000000,94.26083333,09-06-2022 14:00,10
193,193,Doyang Hep Reservoir,CWC,13,Nagaland,250,WOKHA,WOKHA,-,-,Dhansiri,Brahmaputra,BRAHMAPUTRA,BRAHMAPUTRA,BRAMAPUTRA,Dhansiri,26.23000000,94.26083333,09-06-2022 15:00,10
194,194,Doyang Hep Reservoir,CWC,13,Nagaland,250,WOKHA,WOKHA,-,-,Dhansiri,Brahmaputra,BRAHMAPUTRA,BRAHMAPUTRA,BRAMAPUTRA,Dhansiri,26.23000000,94.26083333,09-06-2022 17:00,10
195,195,Doyang Hep Reservoir,CWC,13,Nagaland,250,WOKHA,WOKHA,-,-,Dhansiri,Brahmaputra,BRAHMAPUTRA,BRAHMAPUTRA,BRAMAPUTRA,Dhansiri,26.23000000,94.26083333,09-06-2022 18:00,10
196,196,Doyang Hep Reservoir,CWC,13,Nagaland,250,WOKHA,WOKHA,-,-,Dhansiri,Brahmaputra,BRAHMAPUTRA,BRAHMAPUTRA,BRAMAPUTRA,Dhansiri,26.23000000,94.26083333,10-06-2022 02:00,10.5
197,197,Doyang Hep Reservoir,CWC,13,Nagaland,250,WOKHA,WOKHA,-,-,Dhansiri,Brahmaputra,BRAHMAPUTRA,BRAHMAPUTRA,BRAMAPUTRA,Dhansiri,26.23000000,94.26083333,10-06-2022 08:00,1.5
198,198,Doyang Hep Reservoir,CWC,13,Nagaland,250,WOKHA,WOKHA,-,-,Dhansiri,Brahmaputra,BRAHMAPUTRA,BRAHMAPUTRA,BRAMAPUTRA,Dhansiri,26.23000000,94.26083333,10-06-2022 10:00,2
199,199,Doyang Hep Reservoir,CWC,13,Nagaland,250,WOKHA,WOKHA,-,-,Dhansiri,Brahmaputra,BRAHMAPUTRA,BRAHMAPUTRA,BRAMAPUTRA,Dhansiri,26.23000000,94.26083333,10-06-2022 11:00,2
200,200,Doyang Hep Reservoir,CWC,13,Nagaland,250,WOKHA,WOKHA,-,-,Dhansiri,Brahmaputra,BRAHMAPUTRA,BRAHMAPUTRA,BRAMAPUTRA,Dhansiri,26.23000000,94.26083333,10-06-2022 14:00,2
201,201,Doyang Hep Reservoir,CWC,13,Nagaland,250,WOKHA,WOKHA,-,-,Dhansiri,Brahmaputra,BRAHMAPUTRA,BRAHMAPUTRA,BRAMAPUTRA,Dhansiri,26.23000000,94.26083333,10-06-2022 16:00,2
202,202,Doyang Hep Reservoir,CWC,13,Nagaland,250,WOKHA,WOKHA,-,-,Dhansiri,Brahmaputra,BRAHMAPUTRA,BRAHMAPUTRA,BRAMAPUTRA,Dhansiri,26.23000000,94.26083333,10-06-2022 17:00,2
203,203,Doyang Hep Reservoir,CWC,13,Nagaland,250,WOKHA,WOKHA,-,-,Dhansiri,Brahmaputra,BRAHMAPUTRA,BRAHMAPUTRA,BRAMAPUTRA,Dhansiri,26.23000000,94.26083333,10-06-2022 18:00,2
204,204,Doyang Hep Reservoir,CWC,13,Nagaland,250,WOKHA,WOKHA,-,-,Dhansiri,Brahmaputra,BRAHMAPUTRA,BRAHMAPUTRA,BRAMAPUTRA,Dhansiri,26.23000000,94.26083333,10-06-2022 19:00,2
205,205,Doyang Hep Reservoir,CWC,13,Nagaland,250,WOKHA,WOKHA,-,-,Dhansiri,Brahmaputra,BRAHMAPUTRA,BRAHMAPUTRA,BRAMAPUTRA,Dhansiri,26.23000000,94.26083333,14-06-2022 01:00,0.5
206,206,Doyang Hep Reservoir,CWC,13,Nagaland,250,WOKHA,WOKHA,-,-,Dhansiri,Brahmaputra,BRAHMAPUTRA,BRAHMAPUTRA,BRAMAPUTRA,Dhansiri,26.23000000,94.26083333,14-06-2022 03:00,0.5
207,207,Doyang Hep Reservoir,CWC,13,Nagaland,250,WOKHA,WOKHA,-,-,Dhansiri,Brahmaputra,BRAHMAPUTRA,BRAHMAPUTRA,BRAMAPUTRA,Dhansiri,26.23000000,94.26083333,14-06-2022 07:00,0.5
208,208,Doyang Hep Reservoir,CWC,13,Nagaland,250,WOKHA,WOKHA,-,-,Dhansiri,Brahmaputra,BRAHMAPUTRA,BRAHMAPUTRA,BRAMAPUTRA,Dhansiri,26.23000000,94.26083333,14-06-2022 11:00,6
209,209,Doyang Hep Reservoir,CWC,13,Nagaland,250,WOKHA,WOKHA,-,-,Dhansiri,Brahmaputra,BRAHMAPUTRA,BRAHMAPUTRA,BRAMAPUTRA,Dhansiri,26.23000000,94.26083333,14-06-2022 18:00,6
210,210,Doyang Hep Reservoir,CWC,13,Nagaland,250,WOKHA,WOKHA,-,-,Dhansiri,Brahmaputra,BRAHMAPUTRA,BRAHMAPUTRA,BRAMAPUTRA,Dhansiri,26.23000000,94.26083333,14-06-2022 19:00,6.5
211,211,Doyang Hep Reservoir,CWC,13,Nagaland,250,WOKHA,WOKHA,-,-,Dhansiri,Brahmaputra,BRAHMAPUTRA,BRAHMAPUTRA,BRAMAPUTRA,Dhansiri,26.23000000,94.26083333,14-06-2022 21:00,6.5
212,212,Doyang Hep Reservoir,CWC,13,Nagaland,250,WOKHA,WOKHA,-,-,Dhansiri,Brahmaputra,BRAHMAPUTRA,BRAHMAPUTRA,BRAMAPUTRA,Dhansiri,26.23000000,94.26083333,14-06-2022 22:00,6.5
213,213,Doyang Hep Reservoir,CWC,13,Nagaland,250,WOKHA,WOKHA,-,-,Dhansiri,Brahmaputra,BRAHMAPUTRA,BRAHMAPUTRA,BRAMAPUTRA,Dhansiri,26.23000000,94.26083333,14-06-2022 23:00,6.5
214,214,Doyang Hep Reservoir,CWC,13,Nagaland,250,WOKHA,WOKHA,-,-,Dhansiri,Brahmaputra,BRAHMAPUTRA,BRAHMAPUTRA,BRAMAPUTRA,Dhansiri,26.23000000,94.26083333,15-06-2022 00:00,6.5
215,215,Doyang Hep Reservoir,CWC,13,Nagaland,250,WOKHA,WOKHA,-,-,Dhansiri,Brahmaputra,BRAHMAPUTRA,BRAHMAPUTRA,BRAMAPUTRA,Dhansiri,26.23000000,94.26083333,15-06-2022 01:00,6.5
216,216,Doyang Hep Reservoir,CWC,13,Nagaland,250,WOKHA,WOKHA,-,-,Dhansiri,Brahmaputra,BRAHMAPUTRA,BRAHMAPUTRA,BRAMAPUTRA,Dhansiri,26.23000000,94.26083333,15-06-2022 03:00,6.5
217,217,Doyang Hep Reservoir,CWC,13,Nagaland,250,WOKHA,WOKHA,-,-,Dhansiri,Brahmaputra,BRAHMAPUTRA,BRAHMAPUTRA,BRAMAPUTRA,Dhansiri,26.23000000,94.26083333,15-06-2022 11:00,4
218,218,Doyang Hep Reservoir,CWC,13,Nagaland,250,WOKHA,WOKHA,-,-,Dhansiri,Brahmaputra,BRAHMAPUTRA,BRAHMAPUTRA,BRAMAPUTRA,Dhansiri,26.23000000,94.26083333,15-06-2022 15:00,4
219,219,Doyang Hep Reservoir,CWC,13,Nagaland,250,WOKHA,WOKHA,-,-,Dhansiri,Brahmaputra,BRAHMAPUTRA,BRAHMAPUTRA,BRAMAPUTRA,Dhansiri,26.23000000,94.26083333,15-06-2022 16:00,4
220,220,Doyang Hep Reservoir,CWC,13,Nagaland,250,WOKHA,WOKHA,-,-,Dhansiri,Brahmaputra,BRAHMAPUTRA,BRAHMAPUTRA,BRAMAPUTRA,Dhansiri,26.23000000,94.26083333,15-06-2022 20:00,4.5
221,221,Doyang Hep Reservoir,CWC,13,Nagaland,250,WOKHA,WOKHA,-,-,Dhansiri,Brahmaputra,BRAHMAPUTRA,BRAHMAPUTRA,BRAMAPUTRA,Dhansiri,26.23000000,94.26083333,15-06-2022 21:00,4.5
222,222,Doyang Hep Reservoir,CWC,13,Nagaland,250,WOKHA,WOKHA,-,-,Dhansiri,Brahmaputra,BRAHMAPUTRA,BRAHMAPUTRA,BRAMAPUTRA,Dhansiri,26.23000000,94.26083333,15-06-2022 22:00,4.5
223,223,Doyang Hep Reservoir,CWC,13,Nagaland,250,WOKHA,WOKHA,-,-,Dhansiri,Brahmaputra,BRAHMAPUTRA,BRAHMAPUTRA,BRAMAPUTRA,Dhansiri,26.23000000,94.26083333,15-06-2022 23:00,4.5
224,224,Doyang Hep Reservoir,CWC,13,Nagaland,250,WOKHA,WOKHA,-,-,Dhansiri,Brahmaputra,BRAHMAPUTRA,BRAHMAPUTRA,BRAMAPUTRA,Dhansiri,26.23000000,94.26083333,16-06-2022 00:00,4.5
225,225,Doyang Hep Reservoir,CWC,13,Nagaland,250,WOKHA,WOKHA,-,-,Dhansiri,Brahmaputra,BRAHMAPUTRA,BRAHMAPUTRA,BRAMAPUTRA,Dhansiri,26.23000000,94.26083333,16-06-2022 01:00,6
226,226,Doyang Hep Reservoir,CWC,13,Nagaland,250,WOKHA,WOKHA,-,-,Dhansiri,Brahmaputra,BRAHMAPUTRA,BRAHMAPUTRA,BRAMAPUTRA,Dhansiri,26.23000000,94.26083333,16-06-2022 06:00,1.5
227,227,Doyang Hep Reservoir,CWC,13,Nagaland,250,WOKHA,WOKHA,-,-,Dhansiri,Brahmaputra,BRAHMAPUTRA,BRAHMAPUTRA,BRAMAPUTRA,Dhansiri,26.23000000,94.26083333,16-06-2022 07:00,2
228,228,Doyang Hep Reservoir,CWC,13,Nagaland,250,WOKHA,WOKHA,-,-,Dhansiri,Brahmaputra,BRAHMAPUTRA,BRAHMAPUTRA,BRAMAPUTRA,Dhansiri,26.23000000,94.26083333,16-06-2022 11:00,3
229,229,Doyang Hep Reservoir,CWC,13,Nagaland,250,WOKHA,WOKHA,-,-,Dhansiri,Brahmaputra,BRAHMAPUTRA,BRAHMAPUTRA,BRAMAPUTRA,Dhansiri,26.23000000,94.26083333,16-06-2022 12:00,3
230,230,Doyang Hep Reservoir,CWC,13,Nagaland,250,WOKHA,WOKHA,-,-,Dhansiri,Brahmaputra,BRAHMAPUTRA,BRAHMAPUTRA,BRAMAPUTRA,Dhansiri,26.23000000,94.26083333,16-06-2022 14:00,3
231,231,Doyang Hep Reservoir,CWC,13,Nagaland,250,WOKHA,WOKHA,-,-,Dhansiri,Brahmaputra,BRAHMAPUTRA,BRAHMAPUTRA,BRAMAPUTRA,Dhansiri,26.23000000,94.26083333,16-06-2022 17:00,3
232,232,Doyang Hep Reservoir,CWC,13,Nagaland,250,WOKHA,WOKHA,-,-,Dhansiri,Brahmaputra,BRAHMAPUTRA,BRAHMAPUTRA,BRAMAPUTRA,Dhansiri,26.23000000,94.26083333,16-06-2022 18:00,3
233,233,Doyang Hep Reservoir,CWC,13,Nagaland,250,WOKHA,WOKHA,-,-,Dhansiri,Brahmaputra,BRAHMAPUTRA,BRAHMAPUTRA,BRAMAPUTRA,Dhansiri,26.23000000,94.26083333,16-06-2022 19:00,3
234,234,Doyang Hep Reservoir,CWC,13,Nagaland,250,WOKHA,WOKHA,-,-,Dhansiri,Brahmaputra,BRAHMAPUTRA,BRAHMAPUTRA,BRAMAPUTRA,Dhansiri,26.23000000,94.26083333,16-06-2022 20:00,3
235,235,Doyang Hep Reservoir,CWC,13,Nagaland,250,WOKHA,WOKHA,-,-,Dhansiri,Brahmaputra,BRAHMAPUTRA,BRAHMAPUTRA,BRAMAPUTRA,Dhansiri,26.23000000,94.26083333,16-06-2022 21:00,3
236,236,Doyang Hep Reservoir,CWC,13,Nagaland,250,WOKHA,WOKHA,-,-,Dhansiri,Brahmaputra,BRAHMAPUTRA,BRAHMAPUTRA,BRAMAPUTRA,Dhansiri,26.23000000,94.26083333,16-06-2022 22:00,3
237,237,Doyang Hep Reservoir,CWC,13,Nagaland,250,WOKHA,WOKHA,-,-,Dhansiri,Brahmaputra,BRAHMAPUTRA,BRAHMAPUTRA,BRAMAPUTRA,Dhansiri,26.23000000,94.26083333,17-06-2022 00:00,3
238,238,Doyang Hep Reservoir,CWC,13,Nagaland,250,WOKHA,WOKHA,-,-,Dhansiri,Brahmaputra,BRAHMAPUTRA,BRAHMAPUTRA,BRAMAPUTRA,Dhansiri,26.23000000,94.26083333,17-06-2022 01:00,3
239,239,Doyang Hep Reservoir,CWC,13,Nagaland,250,WOKHA,WOKHA,-,-,Dhansiri,Brahmaputra,BRAHMAPUTRA,BRAHMAPUTRA,BRAMAPUTRA,Dhansiri,26.23000000,94.26083333,17-06-2022 02:00,3.5
240,240,Doyang Hep Reservoir,CWC,13,Nagaland,250,WOKHA,WOKHA,-,-,Dhansiri,Brahmaputra,BRAHMAPUTRA,BRAHMAPUTRA,BRAMAPUTRA,Dhansiri,26.23000000,94.26083333,17-06-2022 03:00,3.5
241,241,Doyang Hep Reservoir,CWC,13,Nagaland,250,WOKHA,WOKHA,-,-,Dhansiri,Brahmaputra,BRAHMAPUTRA,BRAHMAPUTRA,BRAMAPUTRA,Dhansiri,26.23000000,94.26083333,17-06-2022 04:00,2
242,242,Doyang Hep Reservoir,CWC,13,Nagaland,250,WOKHA,WOKHA,-,-,Dhansiri,Brahmaputra,BRAHMAPUTRA,BRAHMAPUTRA,BRAMAPUTRA,Dhansiri,26.23000000,94.26083333,17-06-2022 05:00,3
243,243,Doyang Hep Reservoir,CWC,13,Nagaland,250,WOKHA,WOKHA,-,-,Dhansiri,Brahmaputra,BRAHMAPUTRA,BRAHMAPUTRA,BRAMAPUTRA,Dhansiri,26.23000000,94.26083333,17-06-2022 06:00,4
244,244,Doyang Hep Reservoir,CWC,13,Nagaland,250,WOKHA,WOKHA,-,-,Dhansiri,Brahmaputra,BRAHMAPUTRA,BRAHMAPUTRA,BRAMAPUTRA,Dhansiri,26.23000000,94.26083333,17-06-2022 07:00,5
245,245,Doyang Hep Reservoir,CWC,13,Nagaland,250,WOKHA,WOKHA,-,-,Dhansiri,Brahmaputra,BRAHMAPUTRA,BRAHMAPUTRA,BRAMAPUTRA,Dhansiri,26.23000000,94.26083333,17-06-2022 08:00,5.5
246,246,Doyang Hep Reservoir,CWC,13,Nagaland,250,WOKHA,WOKHA,-,-,Dhansiri,Brahmaputra,BRAHMAPUTRA,BRAHMAPUTRA,BRAMAPUTRA,Dhansiri,26.23000000,94.26083333,17-06-2022 10:00,5.5
247,247,Doyang Hep Reservoir,CWC,13,Nagaland,250,WOKHA,WOKHA,-,-,Dhansiri,Brahmaputra,BRAHMAPUTRA,BRAHMAPUTRA,BRAMAPUTRA,Dhansiri,26.23000000,94.26083333,17-06-2022 11:00,5.5
248,248,Doyang Hep Reservoir,CWC,13,Nagaland,250,WOKHA,WOKHA,-,-,Dhansiri,Brahmaputra,BRAHMAPUTRA,BRAHMAPUTRA,BRAMAPUTRA,Dhansiri,26.23000000,94.26083333,17-06-2022 12:00,5.5
249,249,Doyang Hep Reservoir,CWC,13,Nagaland,250,WOKHA,WOKHA,-,-,Dhansiri,Brahmaputra,BRAHMAPUTRA,BRAHMAPUTRA,BRAMAPUTRA,Dhansiri,26.23000000,94.26083333,17-06-2022 13:00,5.5
250,250,Doyang Hep Reservoir,CWC,13,Nagaland,250,WOKHA,WOKHA,-,-,Dhansiri,Brahmaputra,BRAHMAPUTRA,BRAHMAPUTRA,BRAMAPUTRA,Dhansiri,26.23000000,94.26083333,17-06-2022 14:00,5.5
251,251,Doyang Hep Reservoir,CWC,13,Nagaland,250,WOKHA,WOKHA,-,-,Dhansiri,Brahmaputra,BRAHMAPUTRA,BRAHMAPUTRA,BRAMAPUTRA,Dhansiri,26.23000000,94.26083333,17-06-2022 15:00,5.5
252,252,Doyang Hep Reservoir,CWC,13,Nagaland,250,WOKHA,WOKHA,-,-,Dhansiri,Brahmaputra,BRAHMAPUTRA,BRAHMAPUTRA,BRAMAPUTRA,Dhansiri,26.23000000,94.26083333,17-06-2022 16:00,5.5
253,253,Doyang Hep Reservoir,CWC,13,Nagaland,250,WOKHA,WOKHA,-,-,Dhansiri,Brahmaputra,BRAHMAPUTRA,BRAHMAPUTRA,BRAMAPUTRA,Dhansiri,26.23000000,94.26083333,17-06-2022 19:00,5.5
254,254,Doyang Hep Reservoir,CWC,13,Nagaland,250,WOKHA,WOKHA,-,-,Dhansiri,Brahmaputra,BRAHMAPUTRA,BRAHMAPUTRA,BRAMAPUTRA,Dhansiri,26.23000000,94.26083333,17-06-2022 20:00,5.5
255,255,Doyang Hep Reservoir,CWC,13,Nagaland,250,WOKHA,WOKHA,-,-,Dhansiri,Brahmaputra,BRAHMAPUTRA,BRAHMAPUTRA,BRAMAPUTRA,Dhansiri,26.23000000,94.26083333,17-06-2022 21:00,6
256,256,Doyang Hep Reservoir,CWC,13,Nagaland,250,WOKHA,WOKHA,-,-,Dhansiri,Brahmaputra,BRAHMAPUTRA,BRAHMAPUTRA,BRAMAPUTRA,Dhansiri,26.23000000,94.26083333,18-06-2022 00:00,7.5
257,257,Doyang Hep Reservoir,CWC,13,Nagaland,250,WOKHA,WOKHA,-,-,Dhansiri,Brahmaputra,BRAHMAPUTRA,BRAHMAPUTRA,BRAMAPUTRA,Dhansiri,26.23000000,94.26083333,18-06-2022 01:00,7.5
258,258,Doyang Hep Reservoir,CWC,13,Nagaland,250,WOKHA,WOKHA,-,-,Dhansiri,Brahmaputra,BRAHMAPUTRA,BRAHMAPUTRA,BRAMAPUTRA,Dhansiri,26.23000000,94.26083333,18-06-2022 02:00,7.5
259,259,Doyang Hep Reservoir,CWC,13,Nagaland,250,WOKHA,WOKHA,-,-,Dhansiri,Brahmaputra,BRAHMAPUTRA,BRAHMAPUTRA,BRAMAPUTRA,Dhansiri,26.23000000,94.26083333,18-06-2022 03:00,7.5
260,260,Doyang Hep Reservoir,CWC,13,Nagaland,250,WOKHA,WOKHA,-,-,Dhansiri,Brahmaputra,BRAHMAPUTRA,BRAHMAPUTRA,BRAMAPUTRA,Dhansiri,26.23000000,94.26083333,19-06-2022 04:00,0.5
261,261,Doyang Hep Reservoir,CWC,13,Nagaland,250,WOKHA,WOKHA,-,-,Dhansiri,Brahmaputra,BRAHMAPUTRA,BRAHMAPUTRA,BRAMAPUTRA,Dhansiri,26.23000000,94.26083333,19-06-2022 09:00,0.5
262,262,Doyang Hep Reservoir,CWC,13,Nagaland,250,WOKHA,WOKHA,-,-,Dhansiri,Brahmaputra,BRAHMAPUTRA,BRAHMAPUTRA,BRAMAPUTRA,Dhansiri,26.23000000,94.26083333,19-06-2022 12:00,0.5
263,263,Doyang Hep Reservoir,CWC,13,Nagaland,250,WOKHA,WOKHA,-,-,Dhansiri,Brahmaputra,BRAHMAPUTRA,BRAHMAPUTRA,BRAMAPUTRA,Dhansiri,26.23000000,94.26083333,19-06-2022 13:00,0.5
264,264,Doyang Hep Reservoir,CWC,13,Nagaland,250,WOKHA,WOKHA,-,-,Dhansiri,Brahmaputra,BRAHMAPUTRA,BRAHMAPUTRA,BRAMAPUTRA,Dhansiri,26.23000000,94.26083333,19-06-2022 16:00,0.5
265,265,Doyang Hep Reservoir,CWC,13,Nagaland,250,WOKHA,WOKHA,-,-,Dhansiri,Brahmaputra,BRAHMAPUTRA,BRAHMAPUTRA,BRAMAPUTRA,Dhansiri,26.23000000,94.26083333,19-06-2022 21:00,0.5
266,266,Doyang Hep Reservoir,CWC,13,Nagaland,250,WOKHA,WOKHA,-,-,Dhansiri,Brahmaputra,BRAHMAPUTRA,BRAHMAPUTRA,BRAMAPUTRA,Dhansiri,26.23000000,94.26083333,19-06-2022 23:00,0.5
267,267,Doyang Hep Reservoir,CWC,13,Nagaland,250,WOKHA,WOKHA,-,-,Dhansiri,Brahmaputra,BRAHMAPUTRA,BRAHMAPUTRA,BRAMAPUTRA,Dhansiri,26.23000000,94.26083333,20-06-2022 00:00,0.5
268,268,Doyang Hep Reservoir,CWC,13,Nagaland,250,WOKHA,WOKHA,-,-,Dhansiri,Brahmaputra,BRAHMAPUTRA,BRAHMAPUTRA,BRAMAPUTRA,Dhansiri,26.23000000,94.26083333,20-06-2022 01:00,0.5
269,269,Doyang Hep Reservoir,CWC,13,Nagaland,250,WOKHA,WOKHA,-,-,Dhansiri,Brahmaputra,BRAHMAPUTRA,BRAHMAPUTRA,BRAMAPUTRA,Dhansiri,26.23000000,94.26083333,20-06-2022 02:00,0.5
270,270,Doyang Hep Reservoir,CWC,13,Nagaland,250,WOKHA,WOKHA,-,-,Dhansiri,Brahmaputra,BRAHMAPUTRA,BRAHMAPUTRA,BRAMAPUTRA,Dhansiri,26.23000000,94.26083333,20-06-2022 14:00,26.5
271,271,Doyang Hep Reservoir,CWC,13,Nagaland,250,WOKHA,WOKHA,-,-,Dhansiri,Brahmaputra,BRAHMAPUTRA,BRAHMAPUTRA,BRAMAPUTRA,Dhansiri,26.23000000,94.26083333,20-06-2022 16:00,27
272,272,Doyang Hep Reservoir,CWC,13,Nagaland,250,WOKHA,WOKHA,-,-,Dhansiri,Brahmaputra,BRAHMAPUTRA,BRAHMAPUTRA,BRAMAPUTRA,Dhansiri,26.23000000,94.26083333,20-06-2022 19:00,27
273,273,Doyang Hep Reservoir,CWC,13,Nagaland,250,WOKHA,WOKHA,-,-,Dhansiri,Brahmaputra,BRAHMAPUTRA,BRAHMAPUTRA,BRAMAPUTRA,Dhansiri,26.23000000,94.26083333,20-06-2022 20:00,27
274,274,Doyang Hep Reservoir,CWC,13,Nagaland,250,WOKHA,WOKHA,-,-,Dhansiri,Brahmaputra,BRAHMAPUTRA,BRAHMAPUTRA,BRAMAPUTRA,Dhansiri,26.23000000,94.26083333,20-06-2022 23:00,27
275,275,Doyang Hep Reservoir,CWC,13,Nagaland,250,WOKHA,WOKHA,-,-,Dhansiri,Brahmaputra,BRAHMAPUTRA,BRAHMAPUTRA,BRAMAPUTRA,Dhansiri,26.23000000,94.26083333,21-06-2022 02:00,27
276,276,Doyang Hep Reservoir,CWC,13,Nagaland,250,WOKHA,WOKHA,-,-,Dhansiri,Brahmaputra,BRAHMAPUTRA,BRAHMAPUTRA,BRAMAPUTRA,Dhansiri,26.23000000,94.26083333,21-06-2022 15:00,1.5
277,277,Doyang Hep Reservoir,CWC,13,Nagaland,250,WOKHA,WOKHA,-,-,Dhansiri,Brahmaputra,BRAHMAPUTRA,BRAHMAPUTRA,BRAMAPUTRA,Dhansiri,26.23000000,94.26083333,21-06-2022 17:00,15
278,278,Doyang Hep Reservoir,CWC,13,Nagaland,250,WOKHA,WOKHA,-,-,Dhansiri,Brahmaputra,BRAHMAPUTRA,BRAHMAPUTRA,BRAMAPUTRA,Dhansiri,26.23000000,94.26083333,21-06-2022 19:00,15.5
279,279,Doyang Hep Reservoir,CWC,13,Nagaland,250,WOKHA,WOKHA,-,-,Dhansiri,Brahmaputra,BRAHMAPUTRA,BRAHMAPUTRA,BRAMAPUTRA,Dhansiri,26.23000000,94.26083333,21-06-2022 21:00,59
280,280,Doyang Hep Reservoir,CWC,13,Nagaland,250,WOKHA,WOKHA,-,-,Dhansiri,Brahmaputra,BRAHMAPUTRA,BRAHMAPUTRA,BRAMAPUTRA,Dhansiri,26.23000000,94.26083333,21-06-2022 22:00,63
281,281,Doyang Hep Reservoir,CWC,13,Nagaland,250,WOKHA,WOKHA,-,-,Dhansiri,Brahmaputra,BRAHMAPUTRA,BRAHMAPUTRA,BRAMAPUTRA,Dhansiri,26.23000000,94.26083333,22-06-2022 01:00,74
282,282,Doyang Hep Reservoir,CWC,13,Nagaland,250,WOKHA,WOKHA,-,-,Dhansiri,Brahmaputra,BRAHMAPUTRA,BRAHMAPUTRA,BRAMAPUTRA,Dhansiri,26.23000000,94.26083333,22-06-2022 21:00,4
283,283,Doyang Hep Reservoir,CWC,13,Nagaland,250,WOKHA,WOKHA,-,-,Dhansiri,Brahmaputra,BRAHMAPUTRA,BRAHMAPUTRA,BRAMAPUTRA,Dhansiri,26.23000000,94.26083333,22-06-2022 23:00,4
284,284,Doyang Hep Reservoir,CWC,13,Nagaland,250,WOKHA,WOKHA,-,-,Dhansiri,Brahmaputra,BRAHMAPUTRA,BRAHMAPUTRA,BRAMAPUTRA,Dhansiri,26.23000000,94.26083333,24-06-2022 20:00,36.5
285,285,Doyang Hep Reservoir,CWC,13,Nagaland,250,WOKHA,WOKHA,-,-,Dhansiri,Brahmaputra,BRAHMAPUTRA,BRAHMAPUTRA,BRAMAPUTRA,Dhansiri,26.23000000,94.26083333,24-06-2022 22:00,40
286,286,Doyang Hep Reservoir,CWC,13,Nagaland,250,WOKHA,WOKHA,-,-,Dhansiri,Brahmaputra,BRAHMAPUTRA,BRAHMAPUTRA,BRAMAPUTRA,Dhansiri,26.23000000,94.26083333,24-06-2022 23:00,40.5
287,287,Doyang Hep Reservoir,CWC,13,Nagaland,250,WOKHA,WOKHA,-,-,Dhansiri,Brahmaputra,BRAHMAPUTRA,BRAHMAPUTRA,BRAMAPUTRA,Dhansiri,26.23000000,94.26083333,25-06-2022 01:00,40.5
288,288,Doyang Hep Reservoir,CWC,13,Nagaland,250,WOKHA,WOKHA,-,-,Dhansiri,Brahmaputra,BRAHMAPUTRA,BRAHMAPUTRA,BRAMAPUTRA,Dhansiri,26.23000000,94.26083333,25-06-2022 03:00,40.5
289,289,Doyang Hep Reservoir,CWC,13,Nagaland,250,WOKHA,WOKHA,-,-,Dhansiri,Brahmaputra,BRAHMAPUTRA,BRAHMAPUTRA,BRAMAPUTRA,Dhansiri,26.23000000,94.26083333,28-06-2022 07:00,5
290,290,Doyang Hep Reservoir,CWC,13,Nagaland,250,WOKHA,WOKHA,-,-,Dhansiri,Brahmaputra,BRAHMAPUTRA,BRAHMAPUTRA,BRAMAPUTRA,Dhansiri,26.23000000,94.26083333,28-06-2022 11:00,6
291,291,Doyang Hep Reservoir,CWC,13,Nagaland,250,WOKHA,WOKHA,-,-,Dhansiri,Brahmaputra,BRAHMAPUTRA,BRAHMAPUTRA,BRAMAPUTRA,Dhansiri,26.23000000,94.26083333,28-06-2022 15:00,6
292,292,Doyang Hep Reservoir,CWC,13,Nagaland,250,WOKHA,WOKHA,-,-,Dhansiri,Brahmaputra,BRAHMAPUTRA,BRAHMAPUTRA,BRAMAPUTRA,Dhansiri,26.23000000,94.26083333,28-06-2022 19:00,6
293,293,Doyang Hep Reservoir,CWC,13,Nagaland,250,WOKHA,WOKHA,-,-,Dhansiri,Brahmaputra,BRAHMAPUTRA,BRAHMAPUTRA,BRAMAPUTRA,Dhansiri,26.23000000,94.26083333,28-06-2022 22:00,6
294,294,Doyang Hep Reservoir,CWC,13,Nagaland,250,WOKHA,WOKHA,-,-,Dhansiri,Brahmaputra,BRAHMAPUTRA,BRAHMAPUTRA,BRAMAPUTRA,Dhansiri,26.23000000,94.26083333,29-06-2022 03:00,6
295,295,Doyang Hep Reservoir,CWC,13,Nagaland,250,WOKHA,WOKHA,-,-,Dhansiri,Brahmaputra,BRAHMAPUTRA,BRAHMAPUTRA,BRAMAPUTRA,Dhansiri,26.23000000,94.26083333,29-06-2022 09:00,11
296,296,Doyang Hep Reservoir,CWC,13,Nagaland,250,WOKHA,WOKHA,-,-,Dhansiri,Brahmaputra,BRAHMAPUTRA,BRAHMAPUTRA,BRAMAPUTRA,Dhansiri,26.23000000,94.26083333,29-06-2022 13:00,18
297,297,Doyang Hep Reservoir,CWC,13,Nagaland,250,WOKHA,WOKHA,-,-,Dhansiri,Brahmaputra,BRAHMAPUTRA,BRAHMAPUTRA,BRAMAPUTRA,Dhansiri,26.23000000,94.26083333,29-06-2022 15:00,18
298,298,Doyang Hep Reservoir,CWC,13,Nagaland,250,WOKHA,WOKHA,-,-,Dhansiri,Brahmaputra,BRAHMAPUTRA,BRAHMAPUTRA,BRAMAPUTRA,Dhansiri,26.23000000,94.26083333,29-06-2022 18:00,18
299,299,Doyang Hep Reservoir,CWC,13,Nagaland,250,WOKHA,WOKHA,-,-,Dhansiri,Brahmaputra,BRAHMAPUTRA,BRAHMAPUTRA,BRAMAPUTRA,Dhansiri,26.23000000,94.26083333,29-06-2022 19:00,18
300,300,Doyang Hep Reservoir,CWC,13,Nagaland,250,WOKHA,WOKHA,-,-,Dhansiri,Brahmaputra,BRAHMAPUTRA,BRAHMAPUTRA,BRAMAPUTRA,Dhansiri,26.23000000,94.26083333,29-06-2022 22:00,18
301,301,Doyang Hep Reservoir,CWC,13,Nagaland,250,WOKHA,WOKHA,-,-,Dhansiri,Brahmaputra,BRAHMAPUTRA,BRAHMAPUTRA,BRAMAPUTRA,Dhansiri,26.23000000,94.26083333,30-06-2022 07:00,1
302,302,Doyang Hep Reservoir,CWC,13,Nagaland,250,WOKHA,WOKHA,-,-,Dhansiri,Brahmaputra,BRAHMAPUTRA,BRAHMAPUTRA,BRAMAPUTRA,Dhansiri,26.23000000,94.26083333,30-06-2022 12:00,1
303,303,Doyang Hep Reservoir,CWC,13,Nagaland,250,WOKHA,WOKHA,-,-,Dhansiri,Brahmaputra,BRAHMAPUTRA,BRAHMAPUTRA,BRAMAPUTRA,Dhansiri,26.23000000,94.26083333,30-06-2022 13:00,1
304,304,Doyang Hep Reservoir,CWC,13,Nagaland,250,WOKHA,WOKHA,-,-,Dhansiri,Brahmaputra,BRAHMAPUTRA,BRAHMAPUTRA,BRAMAPUTRA,Dhansiri,26.23000000,94.26083333,30-06-2022 15:00,1
305,305,Doyang Hep Reservoir,CWC,13,Nagaland,250,WOKHA,WOKHA,-,-,Dhansiri,Brahmaputra,BRAHMAPUTRA,BRAHMAPUTRA,BRAMAPUTRA,Dhansiri,26.23000000,94.26083333,30-06-2022 18:00,1
306,306,Doyang Hep Reservoir,CWC,13,Nagaland,250,WOKHA,WOKHA,-,-,Dhansiri,Brahmaputra,BRAHMAPUTRA,BRAHMAPUTRA,BRAMAPUTRA,Dhansiri,26.23000000,94.26083333,30-06-2022 19:00,1
307,307,Doyang Hep Reservoir,CWC,13,Nagaland,250,WOKHA,WOKHA,-,-,Dhansiri,Brahmaputra,BRAHMAPUTRA,BRAHMAPUTRA,BRAMAPUTRA,Dhansiri,26.23000000,94.26083333,30-06-2022 21:00,1
308,308,Doyang Hep Reservoir,CWC,13,Nagaland,250,WOKHA,WOKHA,-,-,Dhansiri,Brahmaputra,BRAHMAPUTRA,BRAHMAPUTRA,BRAMAPUTRA,Dhansiri,26.23000000,94.26083333,30-06-2022 22:00,1
309,309,Doyang Hep Reservoir,CWC,13,Nagaland,250,WOKHA,WOKHA,-,-,Dhansiri,Brahmaputra,BRAHMAPUTRA,BRAHMAPUTRA,BRAMAPUTRA,Dhansiri,26.23000000,94.26083333,30-06-2022 23:00,1
310,310,Doyang Hep Reservoir,CWC,13,Nagaland,250,WOKHA,WOKHA,-,-,Dhansiri,Brahmaputra,BRAHMAPUTRA,BRAHMAPUTRA,BRAMAPUTRA,Dhansiri,26.23000000,94.26083333,01-07-2022 01:00,1
311,311,Doyang Hep Reservoir,CWC,13,Nagaland,250,WOKHA,WOKHA,-,-,Dhansiri,Brahmaputra,BRAHMAPUTRA,BRAHMAPUTRA,BRAMAPUTRA,Dhansiri,26.23000000,94.26083333,01-07-2022 02:00,1
312,312,Doyang Hep Reservoir,CWC,13,Nagaland,250,WOKHA,WOKHA,-,-,Dhansiri,Brahmaputra,BRAHMAPUTRA,BRAHMAPUTRA,BRAMAPUTRA,Dhansiri,26.23000000,94.26083333,01-07-2022 03:00,1
313,313,Doyang Hep Reservoir,CWC,13,Nagaland,250,WOKHA,WOKHA,-,-,Dhansiri,Brahmaputra,BRAHMAPUTRA,BRAHMAPUTRA,BRAMAPUTRA,Dhansiri,26.23000000,94.26083333,02-07-2022 12:00,5.5
314,314,Doyang Hep Reservoir,CWC,13,Nagaland,250,WOKHA,WOKHA,-,-,Dhansiri,Brahmaputra,BRAHMAPUTRA,BRAHMAPUTRA,BRAMAPUTRA,Dhansiri,26.23000000,94.26083333,02-07-2022 14:00,14
315,315,Doyang Hep Reservoir,CWC,13,Nagaland,250,WOKHA,WOKHA,-,-,Dhansiri,Brahmaputra,BRAHMAPUTRA,BRAHMAPUTRA,BRAMAPUTRA,Dhansiri,26.23000000,94.26083333,02-07-2022 15:00,14
316,316,Doyang Hep Reservoir,CWC,13,Nagaland,250,WOKHA,WOKHA,-,-,Dhansiri,Brahmaputra,BRAHMAPUTRA,BRAHMAPUTRA,BRAMAPUTRA,Dhansiri,26.23000000,94.26083333,02-07-2022 16:00,14
317,317,Doyang Hep Reservoir,CWC,13,Nagaland,250,WOKHA,WOKHA,-,-,Dhansiri,Brahmaputra,BRAHMAPUTRA,BRAHMAPUTRA,BRAMAPUTRA,Dhansiri,26.23000000,94.26083333,02-07-2022 20:00,14
318,318,Doyang Hep Reservoir,CWC,13,Nagaland,250,WOKHA,WOKHA,-,-,Dhansiri,Brahmaputra,BRAHMAPUTRA,BRAHMAPUTRA,BRAMAPUTRA,Dhansiri,26.23000000,94.26083333,02-07-2022 21:00,14
319,319,Doyang Hep Reservoir,CWC,13,Nagaland,250,WOKHA,WOKHA,-,-,Dhansiri,Brahmaputra,BRAHMAPUTRA,BRAHMAPUTRA,BRAMAPUTRA,Dhansiri,26.23000000,94.26083333,02-07-2022 22:00,14
320,320,Doyang Hep Reservoir,CWC,13,Nagaland,250,WOKHA,WOKHA,-,-,Dhansiri,Brahmaputra,BRAHMAPUTRA,BRAHMAPUTRA,BRAMAPUTRA,Dhansiri,26.23000000,94.26083333,03-07-2022 00:00,14
321,321,Doyang Hep Reservoir,CWC,13,Nagaland,250,WOKHA,WOKHA,-,-,Dhansiri,Brahmaputra,BRAHMAPUTRA,BRAHMAPUTRA,BRAMAPUTRA,Dhansiri,26.23000000,94.26083333,03-07-2022 01:00,14.5
322,322,Doyang Hep Reservoir,CWC,13,Nagaland,250,WOKHA,WOKHA,-,-,Dhansiri,Brahmaputra,BRAHMAPUTRA,BRAHMAPUTRA,BRAMAPUTRA,Dhansiri,26.23000000,94.26083333,03-07-2022 02:00,15.5
323,323,Doyang Hep Reservoir,CWC,13,Nagaland,250,WOKHA,WOKHA,-,-,Dhansiri,Brahmaputra,BRAHMAPUTRA,BRAHMAPUTRA,BRAMAPUTRA,Dhansiri,26.23000000,94.26083333,05-07-2022 17:00,3.5
324,324,Doyang Hep Reservoir,CWC,13,Nagaland,250,WOKHA,WOKHA,-,-,Dhansiri,Brahmaputra,BRAHMAPUTRA,BRAHMAPUTRA,BRAMAPUTRA,Dhansiri,26.23000000,94.26083333,05-07-2022 18:00,10
325,325,Doyang Hep Reservoir,CWC,13,Nagaland,250,WOKHA,WOKHA,-,-,Dhansiri,Brahmaputra,BRAHMAPUTRA,BRAHMAPUTRA,BRAMAPUTRA,Dhansiri,26.23000000,94.26083333,05-07-2022 19:00,10
326,326,Doyang Hep Reservoir,CWC,13,Nagaland,250,WOKHA,WOKHA,-,-,Dhansiri,Brahmaputra,BRAHMAPUTRA,BRAHMAPUTRA,BRAMAPUTRA,Dhansiri,26.23000000,94.26083333,05-07-2022 20:00,10
327,327,Doyang Hep Reservoir,CWC,13,Nagaland,250,WOKHA,WOKHA,-,-,Dhansiri,Brahmaputra,BRAHMAPUTRA,BRAHMAPUTRA,BRAMAPUTRA,Dhansiri,26.23000000,94.26083333,05-07-2022 21:00,10
328,328,Doyang Hep Reservoir,CWC,13,Nagaland,250,WOKHA,WOKHA,-,-,Dhansiri,Brahmaputra,BRAHMAPUTRA,BRAHMAPUTRA,BRAMAPUTRA,Dhansiri,26.23000000,94.26083333,05-07-2022 22:00,10
329,329,Doyang Hep Reservoir,CWC,13,Nagaland,250,WOKHA,WOKHA,-,-,Dhansiri,Brahmaputra,BRAHMAPUTRA,BRAHMAPUTRA,BRAMAPUTRA,Dhansiri,26.23000000,94.26083333,05-07-2022 23:00,10
330,330,Doyang Hep Reservoir,CWC,13,Nagaland,250,WOKHA,WOKHA,-,-,Dhansiri,Brahmaputra,BRAHMAPUTRA,BRAHMAPUTRA,BRAMAPUTRA,Dhansiri,26.23000000,94.26083333,06-07-2022 00:00,10
331,331,Doyang Hep Reservoir,CWC,13,Nagaland,250,WOKHA,WOKHA,-,-,Dhansiri,Brahmaputra,BRAHMAPUTRA,BRAHMAPUTRA,BRAMAPUTRA,Dhansiri,26.23000000,94.26083333,06-07-2022 01:00,10
332,332,Doyang Hep Reservoir,CWC,13,Nagaland,250,WOKHA,WOKHA,-,-,Dhansiri,Brahmaputra,BRAHMAPUTRA,BRAHMAPUTRA,BRAMAPUTRA,Dhansiri,26.23000000,94.26083333,06-07-2022 02:00,10
333,333,Doyang Hep Reservoir,CWC,13,Nagaland,250,WOKHA,WOKHA,-,-,Dhansiri,Brahmaputra,BRAHMAPUTRA,BRAHMAPUTRA,BRAMAPUTRA,Dhansiri,26.23000000,94.26083333,06-07-2022 03:00,10
334,334,Doyang Hep Reservoir,CWC,13,Nagaland,250,WOKHA,WOKHA,-,-,Dhansiri,Brahmaputra,BRAHMAPUTRA,BRAHMAPUTRA,BRAMAPUTRA,Dhansiri,26.23000000,94.26083333,08-07-2022 00:00,2
335,335,Doyang Hep Reservoir,CWC,13,Nagaland,250,WOKHA,WOKHA,-,-,Dhansiri,Brahmaputra,BRAHMAPUTRA,BRAHMAPUTRA,BRAMAPUTRA,Dhansiri,26.23000000,94.26083333,08-07-2022 01:00,21.5
336,336,Doyang Hep Reservoir,CWC,13,Nagaland,250,WOKHA,WOKHA,-,-,Dhansiri,Brahmaputra,BRAHMAPUTRA,BRAHMAPUTRA,BRAMAPUTRA,Dhansiri,26.23000000,94.26083333,08-07-2022 02:00,24.5
337,337,Doyang Hep Reservoir,CWC,13,Nagaland,250,WOKHA,WOKHA,-,-,Dhansiri,Brahmaputra,BRAHMAPUTRA,BRAHMAPUTRA,BRAMAPUTRA,Dhansiri,26.23000000,94.26083333,08-07-2022 03:00,25.5
338,338,Doyang Hep Reservoir,CWC,13,Nagaland,250,WOKHA,WOKHA,-,-,Dhansiri,Brahmaputra,BRAHMAPUTRA,BRAHMAPUTRA,BRAMAPUTRA,Dhansiri,26.23000000,94.26083333,08-07-2022 07:00,0.5
339,339,Doyang Hep Reservoir,CWC,13,Nagaland,250,WOKHA,WOKHA,-,-,Dhansiri,Brahmaputra,BRAHMAPUTRA,BRAHMAPUTRA,BRAMAPUTRA,Dhansiri,26.23000000,94.26083333,08-07-2022 08:00,0.5
340,340,Doyang Hep Reservoir,CWC,13,Nagaland,250,WOKHA,WOKHA,-,-,Dhansiri,Brahmaputra,BRAHMAPUTRA,BRAHMAPUTRA,BRAMAPUTRA,Dhansiri,26.23000000,94.26083333,08-07-2022 11:00,0.5
341,341,Doyang Hep Reservoir,CWC,13,Nagaland,250,WOKHA,WOKHA,-,-,Dhansiri,Brahmaputra,BRAHMAPUTRA,BRAHMAPUTRA,BRAMAPUTRA,Dhansiri,26.23000000,94.26083333,08-07-2022 13:00,0.5
342,342,Doyang Hep Reservoir,CWC,13,Nagaland,250,WOKHA,WOKHA,-,-,Dhansiri,Brahmaputra,BRAHMAPUTRA,BRAHMAPUTRA,BRAMAPUTRA,Dhansiri,26.23000000,94.26083333,08-07-2022 19:00,0.5
343,343,Doyang Hep Reservoir,CWC,13,Nagaland,250,WOKHA,WOKHA,-,-,Dhansiri,Brahmaputra,BRAHMAPUTRA,BRAHMAPUTRA,BRAMAPUTRA,Dhansiri,26.23000000,94.26083333,08-07-2022 21:00,0.5
344,344,Doyang Hep Reservoir,CWC,13,Nagaland,250,WOKHA,WOKHA,-,-,Dhansiri,Brahmaputra,BRAHMAPUTRA,BRAHMAPUTRA,BRAMAPUTRA,Dhansiri,26.23000000,94.26083333,09-07-2022 00:00,0.5
345,345,Doyang Hep Reservoir,CWC,13,Nagaland,250,WOKHA,WOKHA,-,-,Dhansiri,Brahmaputra,BRAHMAPUTRA,BRAHMAPUTRA,BRAMAPUTRA,Dhansiri,26.23000000,94.26083333,09-07-2022 02:00,0.5
346,346,Doyang Hep Reservoir,CWC,13,Nagaland,250,WOKHA,WOKHA,-,-,Dhansiri,Brahmaputra,BRAHMAPUTRA,BRAHMAPUTRA,BRAMAPUTRA,Dhansiri,26.23000000,94.26083333,09-07-2022 03:00,0.5
347,347,Doyang Hep Reservoir,CWC,13,Nagaland,250,WOKHA,WOKHA,-,-,Dhansiri,Brahmaputra,BRAHMAPUTRA,BRAHMAPUTRA,BRAMAPUTRA,Dhansiri,26.23000000,94.26083333,10-07-2022 12:00,11.5
348,348,Doyang Hep Reservoir,CWC,13,Nagaland,250,WOKHA,WOKHA,-,-,Dhansiri,Brahmaputra,BRAHMAPUTRA,BRAHMAPUTRA,BRAMAPUTRA,Dhansiri,26.23000000,94.26083333,10-07-2022 14:00,11.5
349,349,Doyang Hep Reservoir,CWC,13,Nagaland,250,WOKHA,WOKHA,-,-,Dhansiri,Brahmaputra,BRAHMAPUTRA,BRAHMAPUTRA,BRAMAPUTRA,Dhansiri,26.23000000,94.26083333,10-07-2022 16:00,11.5
350,350,Doyang Hep Reservoir,CWC,13,Nagaland,250,WOKHA,WOKHA,-,-,Dhansiri,Brahmaputra,BRAHMAPUTRA,BRAHMAPUTRA,BRAMAPUTRA,Dhansiri,26.23000000,94.26083333,10-07-2022 18:00,11.5
351,351,Doyang Hep Reservoir,CWC,13,Nagaland,250,WOKHA,WOKHA,-,-,Dhansiri,Brahmaputra,BRAHMAPUTRA,BRAHMAPUTRA,BRAMAPUTRA,Dhansiri,26.23000000,94.26083333,10-07-2022 19:00,11.5
352,352,Doyang Hep Reservoir,CWC,13,Nagaland,250,WOKHA,WOKHA,-,-,Dhansiri,Brahmaputra,BRAHMAPUTRA,BRAHMAPUTRA,BRAMAPUTRA,Dhansiri,26.23000000,94.26083333,10-07-2022 21:00,11.5
353,353,Doyang Hep Reservoir,CWC,13,Nagaland,250,WOKHA,WOKHA,-,-,Dhansiri,Brahmaputra,BRAHMAPUTRA,BRAHMAPUTRA,BRAMAPUTRA,Dhansiri,26.23000000,94.26083333,10-07-2022 22:00,11.5
354,354,Doyang Hep Reservoir,CWC,13,Nagaland,250,WOKHA,WOKHA,-,-,Dhansiri,Brahmaputra,BRAHMAPUTRA,BRAHMAPUTRA,BRAMAPUTRA,Dhansiri,26.23000000,94.26083333,10-07-2022 23:00,11.5
355,355,Doyang Hep Reservoir,CWC,13,Nagaland,250,WOKHA,WOKHA,-,-,Dhansiri,Brahmaputra,BRAHMAPUTRA,BRAHMAPUTRA,BRAMAPUTRA,Dhansiri,26.23000000,94.26083333,11-07-2022 00:00,11.5
356,356,Doyang Hep Reservoir,CWC,13,Nagaland,250,WOKHA,WOKHA,-,-,Dhansiri,Brahmaputra,BRAHMAPUTRA,BRAHMAPUTRA,BRAMAPUTRA,Dhansiri,26.23000000,94.26083333,11-07-2022 01:00,11.5
357,357,Doyang Hep Reservoir,CWC,13,Nagaland,250,WOKHA,WOKHA,-,-,Dhansiri,Brahmaputra,BRAHMAPUTRA,BRAHMAPUTRA,BRAMAPUTRA,Dhansiri,26.23000000,94.26083333,11-07-2022 02:00,11.5
358,358,Doyang Hep Reservoir,CWC,13,Nagaland,250,WOKHA,WOKHA,-,-,Dhansiri,Brahmaputra,BRAHMAPUTRA,BRAHMAPUTRA,BRAMAPUTRA,Dhansiri,26.23000000,94.26083333,11-07-2022 03:00,11.5
359,359,Doyang Hep Reservoir,CWC,13,Nagaland,250,WOKHA,WOKHA,-,-,Dhansiri,Brahmaputra,BRAHMAPUTRA,BRAHMAPUTRA,BRAMAPUTRA,Dhansiri,26.23000000,94.26083333,11-07-2022 14:00,2
360,360,Doyang Hep Reservoir,CWC,13,Nagaland,250,WOKHA,WOKHA,-,-,Dhansiri,Brahmaputra,BRAHMAPUTRA,BRAHMAPUTRA,BRAMAPUTRA,Dhansiri,26.23000000,94.26083333,11-07-2022 15:00,6.5
361,361,Doyang Hep Reservoir,CWC,13,Nagaland,250,WOKHA,WOKHA,-,-,Dhansiri,Brahmaputra,BRAHMAPUTRA,BRAHMAPUTRA,BRAMAPUTRA,Dhansiri,26.23000000,94.26083333,11-07-2022 16:00,19
362,362,Doyang Hep Reservoir,CWC,13,Nagaland,250,WOKHA,WOKHA,-,-,Dhansiri,Brahmaputra,BRAHMAPUTRA,BRAHMAPUTRA,BRAMAPUTRA,Dhansiri,26.23000000,94.26083333,11-07-2022 17:00,20.5
363,363,Doyang Hep Reservoir,CWC,13,Nagaland,250,WOKHA,WOKHA,-,-,Dhansiri,Brahmaputra,BRAHMAPUTRA,BRAHMAPUTRA,BRAMAPUTRA,Dhansiri,26.23000000,94.26083333,11-07-2022 18:00,20.5
364,364,Doyang Hep Reservoir,CWC,13,Nagaland,250,WOKHA,WOKHA,-,-,Dhansiri,Brahmaputra,BRAHMAPUTRA,BRAHMAPUTRA,BRAMAPUTRA,Dhansiri,26.23000000,94.26083333,11-07-2022 19:00,20.5
365,365,Doyang Hep Reservoir,CWC,13,Nagaland,250,WOKHA,WOKHA,-,-,Dhansiri,Brahmaputra,BRAHMAPUTRA,BRAHMAPUTRA,BRAMAPUTRA,Dhansiri,26.23000000,94.26083333,11-07-2022 20:00,20.5
366,366,Doyang Hep Reservoir,CWC,13,Nagaland,250,WOKHA,WOKHA,-,-,Dhansiri,Brahmaputra,BRAHMAPUTRA,BRAHMAPUTRA,BRAMAPUTRA,Dhansiri,26.23000000,94.26083333,11-07-2022 21:00,20.5
367,367,Doyang Hep Reservoir,CWC,13,Nagaland,250,WOKHA,WOKHA,-,-,Dhansiri,Brahmaputra,BRAHMAPUTRA,BRAHMAPUTRA,BRAMAPUTRA,Dhansiri,26.23000000,94.26083333,11-07-2022 22:00,20.5
368,368,Doyang Hep Reservoir,CWC,13,Nagaland,250,WOKHA,WOKHA,-,-,Dhansiri,Brahmaputra,BRAHMAPUTRA,BRAHMAPUTRA,BRAMAPUTRA,Dhansiri,26.23000000,94.26083333,11-07-2022 23:00,20.5
369,369,Doyang Hep Reservoir,CWC,13,Nagaland,250,WOKHA,WOKHA,-,-,Dhansiri,Brahmaputra,BRAHMAPUTRA,BRAHMAPUTRA,BRAMAPUTRA,Dhansiri,26.23000000,94.26083333,12-07-2022 00:00,20.5
370,370,Doyang Hep Reservoir,CWC,13,Nagaland,250,WOKHA,WOKHA,-,-,Dhansiri,Brahmaputra,BRAHMAPUTRA,BRAHMAPUTRA,BRAMAPUTRA,Dhansiri,26.23000000,94.26083333,12-07-2022 01:00,20.5
371,371,Doyang Hep Reservoir,CWC,13,Nagaland,250,WOKHA,WOKHA,-,-,Dhansiri,Brahmaputra,BRAHMAPUTRA,BRAHMAPUTRA,BRAMAPUTRA,Dhansiri,26.23000000,94.26083333,12-07-2022 02:00,11.5
372,372,Doyang Hep Reservoir,CWC,13,Nagaland,250,WOKHA,WOKHA,-,-,Dhansiri,Brahmaputra,BRAHMAPUTRA,BRAHMAPUTRA,BRAMAPUTRA,Dhansiri,26.23000000,94.26083333,12-07-2022 03:00,20.5
373,373,Doyang Hep Reservoir,CWC,13,Nagaland,250,WOKHA,WOKHA,-,-,Dhansiri,Brahmaputra,BRAHMAPUTRA,BRAHMAPUTRA,BRAMAPUTRA,Dhansiri,26.23000000,94.26083333,16-07-2022 16:00,0.5
374,374,Doyang Hep Reservoir,CWC,13,Nagaland,250,WOKHA,WOKHA,-,-,Dhansiri,Brahmaputra,BRAHMAPUTRA,BRAHMAPUTRA,BRAMAPUTRA,Dhansiri,26.23000000,94.26083333,16-07-2022 17:00,0.5
375,375,Doyang Hep Reservoir,CWC,13,Nagaland,250,WOKHA,WOKHA,-,-,Dhansiri,Brahmaputra,BRAHMAPUTRA,BRAHMAPUTRA,BRAMAPUTRA,Dhansiri,26.23000000,94.26083333,16-07-2022 18:00,0.5
376,376,Doyang Hep Reservoir,CWC,13,Nagaland,250,WOKHA,WOKHA,-,-,Dhansiri,Brahmaputra,BRAHMAPUTRA,BRAHMAPUTRA,BRAMAPUTRA,Dhansiri,26.23000000,94.26083333,16-07-2022 19:00,0.5
377,377,Doyang Hep Reservoir,CWC,13,Nagaland,250,WOKHA,WOKHA,-,-,Dhansiri,Brahmaputra,BRAHMAPUTRA,BRAHMAPUTRA,BRAMAPUTRA,Dhansiri,26.23000000,94.26083333,16-07-2022 20:00,0.5
378,378,Doyang Hep Reservoir,CWC,13,Nagaland,250,WOKHA,WOKHA,-,-,Dhansiri,Brahmaputra,BRAHMAPUTRA,BRAHMAPUTRA,BRAMAPUTRA,Dhansiri,26.23000000,94.26083333,16-07-2022 21:00,0.5
379,379,Doyang Hep Reservoir,CWC,13,Nagaland,250,WOKHA,WOKHA,-,-,Dhansiri,Brahmaputra,BRAHMAPUTRA,BRAHMAPUTRA,BRAMAPUTRA,Dhansiri,26.23000000,94.26083333,17-07-2022 00:00,0.5
380,380,Doyang Hep Reservoir,CWC,13,Nagaland,250,WOKHA,WOKHA,-,-,Dhansiri,Brahmaputra,BRAHMAPUTRA,BRAHMAPUTRA,BRAMAPUTRA,Dhansiri,26.23000000,94.26083333,17-07-2022 01:00,0.5
381,381,Doyang Hep Reservoir,CWC,13,Nagaland,250,WOKHA,WOKHA,-,-,Dhansiri,Brahmaputra,BRAHMAPUTRA,BRAHMAPUTRA,BRAMAPUTRA,Dhansiri,26.23000000,94.26083333,17-07-2022 02:00,0.5
382,382,Doyang Hep Reservoir,CWC,13,Nagaland,250,WOKHA,WOKHA,-,-,Dhansiri,Brahmaputra,BRAHMAPUTRA,BRAHMAPUTRA,BRAMAPUTRA,Dhansiri,26.23000000,94.26083333,17-07-2022 03:00,0.5
383,383,Doyang Hep Reservoir,CWC,13,Nagaland,250,WOKHA,WOKHA,-,-,Dhansiri,Brahmaputra,BRAHMAPUTRA,BRAHMAPUTRA,BRAMAPUTRA,Dhansiri,26.23000000,94.26083333,20-07-2022 20:00,1
384,384,Doyang Hep Reservoir,CWC,13,Nagaland,250,WOKHA,WOKHA,-,-,Dhansiri,Brahmaputra,BRAHMAPUTRA,BRAHMAPUTRA,BRAMAPUTRA,Dhansiri,26.23000000,94.26083333,20-07-2022 21:00,14
385,385,Doyang Hep Reservoir,CWC,13,Nagaland,250,WOKHA,WOKHA,-,-,Dhansiri,Brahmaputra,BRAHMAPUTRA,BRAHMAPUTRA,BRAMAPUTRA,Dhansiri,26.23000000,94.26083333,20-07-2022 22:00,14
386,386,Doyang Hep Reservoir,CWC,13,Nagaland,250,WOKHA,WOKHA,-,-,Dhansiri,Brahmaputra,BRAHMAPUTRA,BRAHMAPUTRA,BRAMAPUTRA,Dhansiri,26.23000000,94.26083333,20-07-2022 23:00,15.5
387,387,Doyang Hep Reservoir,CWC,13,Nagaland,250,WOKHA,WOKHA,-,-,Dhansiri,Brahmaputra,BRAHMAPUTRA,BRAHMAPUTRA,BRAMAPUTRA,Dhansiri,26.23000000,94.26083333,21-07-2022 00:00,15.5
388,388,Doyang Hep Reservoir,CWC,13,Nagaland,250,WOKHA,WOKHA,-,-,Dhansiri,Brahmaputra,BRAHMAPUTRA,BRAHMAPUTRA,BRAMAPUTRA,Dhansiri,26.23000000,94.26083333,21-07-2022 01:00,15.5
389,389,Doyang Hep Reservoir,CWC,13,Nagaland,250,WOKHA,WOKHA,-,-,Dhansiri,Brahmaputra,BRAHMAPUTRA,BRAHMAPUTRA,BRAMAPUTRA,Dhansiri,26.23000000,94.26083333,21-07-2022 02:00,15.5
390,390,Doyang Hep Reservoir,CWC,13,Nagaland,250,WOKHA,WOKHA,-,-,Dhansiri,Brahmaputra,BRAHMAPUTRA,BRAHMAPUTRA,BRAMAPUTRA,Dhansiri,26.23000000,94.26083333,21-07-2022 03:00,15.5
391,391,Doyang Hep Reservoir,CWC,13,Nagaland,250,WOKHA,WOKHA,-,-,Dhansiri,Brahmaputra,BRAHMAPUTRA,BRAHMAPUTRA,BRAMAPUTRA,Dhansiri,26.23000000,94.26083333,21-07-2022 10:00,0.5
392,392,Doyang Hep Reservoir,CWC,13,Nagaland,250,WOKHA,WOKHA,-,-,Dhansiri,Brahmaputra,BRAHMAPUTRA,BRAHMAPUTRA,BRAMAPUTRA,Dhansiri,26.23000000,94.26083333,21-07-2022 11:00,1.5
393,393,Doyang Hep Reservoir,CWC,13,Nagaland,250,WOKHA,WOKHA,-,-,Dhansiri,Brahmaputra,BRAHMAPUTRA,BRAHMAPUTRA,BRAMAPUTRA,Dhansiri,26.23000000,94.26083333,21-07-2022 12:00,1.5
394,394,Doyang Hep Reservoir,CWC,13,Nagaland,250,WOKHA,WOKHA,-,-,Dhansiri,Brahmaputra,BRAHMAPUTRA,BRAHMAPUTRA,BRAMAPUTRA,Dhansiri,26.23000000,94.26083333,21-07-2022 13:00,1.5
395,395,Doyang Hep Reservoir,CWC,13,Nagaland,250,WOKHA,WOKHA,-,-,Dhansiri,Brahmaputra,BRAHMAPUTRA,BRAHMAPUTRA,BRAMAPUTRA,Dhansiri,26.23000000,94.26083333,21-07-2022 14:00,1.5
396,396,Doyang Hep Reservoir,CWC,13,Nagaland,250,WOKHA,WOKHA,-,-,Dhansiri,Brahmaputra,BRAHMAPUTRA,BRAHMAPUTRA,BRAMAPUTRA,Dhansiri,26.23000000,94.26083333,21-07-2022 15:00,1.5
397,397,Doyang Hep Reservoir,CWC,13,Nagaland,250,WOKHA,WOKHA,-,-,Dhansiri,Brahmaputra,BRAHMAPUTRA,BRAHMAPUTRA,BRAMAPUTRA,Dhansiri,26.23000000,94.26083333,21-07-2022 16:00,1.5
398,398,Doyang Hep Reservoir,CWC,13,Nagaland,250,WOKHA,WOKHA,-,-,Dhansiri,Brahmaputra,BRAHMAPUTRA,BRAHMAPUTRA,BRAMAPUTRA,Dhansiri,26.23000000,94.26083333,21-07-2022 17:00,1.5
399,399,Doyang Hep Reservoir,CWC,13,Nagaland,250,WOKHA,WOKHA,-,-,Dhansiri,Brahmaputra,BRAHMAPUTRA,BRAHMAPUTRA,BRAMAPUTRA,Dhansiri,26.23000000,94.26083333,21-07-2022 18:00,1.5
400,400,Doyang Hep Reservoir,CWC,13,Nagaland,250,WOKHA,WOKHA,-,-,Dhansiri,Brahmaputra,BRAHMAPUTRA,BRAHMAPUTRA,BRAMAPUTRA,Dhansiri,26.23000000,94.26083333,21-07-2022 19:00,1.5
401,401,Doyang Hep Reservoir,CWC,13,Nagaland,250,WOKHA,WOKHA,-,-,Dhansiri,Brahmaputra,BRAHMAPUTRA,BRAHMAPUTRA,BRAMAPUTRA,Dhansiri,26.23000000,94.26083333,21-07-2022 20:00,1.5
402,402,Doyang Hep Reservoir,CWC,13,Nagaland,250,WOKHA,WOKHA,-,-,Dhansiri,Brahmaputra,BRAHMAPUTRA,BRAHMAPUTRA,BRAMAPUTRA,Dhansiri,26.23000000,94.26083333,21-07-2022 21:00,1.5
403,403,Doyang Hep Reservoir,CWC,13,Nagaland,250,WOKHA,WOKHA,-,-,Dhansiri,Brahmaputra,BRAHMAPUTRA,BRAHMAPUTRA,BRAMAPUTRA,Dhansiri,26.23000000,94.26083333,21-07-2022 22:00,1.5
404,404,Doyang Hep Reservoir,CWC,13,Nagaland,250,WOKHA,WOKHA,-,-,Dhansiri,Brahmaputra,BRAHMAPUTRA,BRAHMAPUTRA,BRAMAPUTRA,Dhansiri,26.23000000,94.26083333,21-07-2022 23:00,1.5
405,405,Doyang Hep Reservoir,CWC,13,Nagaland,250,WOKHA,WOKHA,-,-,Dhansiri,Brahmaputra,BRAHMAPUTRA,BRAHMAPUTRA,BRAMAPUTRA,Dhansiri,26.23000000,94.26083333,22-07-2022 00:00,1.5
406,406,Doyang Hep Reservoir,CWC,13,Nagaland,250,WOKHA,WOKHA,-,-,Dhansiri,Brahmaputra,BRAHMAPUTRA,BRAHMAPUTRA,BRAMAPUTRA,Dhansiri,26.23000000,94.26083333,22-07-2022 01:00,1.5
407,407,Doyang Hep Reservoir,CWC,13,Nagaland,250,WOKHA,WOKHA,-,-,Dhansiri,Brahmaputra,BRAHMAPUTRA,BRAHMAPUTRA,BRAMAPUTRA,Dhansiri,26.23000000,94.26083333,22-07-2022 02:00,1.5
408,408,Doyang Hep Reservoir,CWC,13,Nagaland,250,WOKHA,WOKHA,-,-,Dhansiri,Brahmaputra,BRAHMAPUTRA,BRAHMAPUTRA,BRAMAPUTRA,Dhansiri,26.23000000,94.26083333,22-07-2022 03:00,1.5
409,409,Doyang Hep Reservoir,CWC,13,Nagaland,250,WOKHA,WOKHA,-,-,Dhansiri,Brahmaputra,BRAHMAPUTRA,BRAHMAPUTRA,BRAMAPUTRA,Dhansiri,26.23000000,94.26083333,22-07-2022 14:00,1
410,410,Doyang Hep Reservoir,CWC,13,Nagaland,250,WOKHA,WOKHA,-,-,Dhansiri,Brahmaputra,BRAHMAPUTRA,BRAHMAPUTRA,BRAMAPUTRA,Dhansiri,26.23000000,94.26083333,22-07-2022 15:00,1.5
411,411,Doyang Hep Reservoir,CWC,13,Nagaland,250,WOKHA,WOKHA,-,-,Dhansiri,Brahmaputra,BRAHMAPUTRA,BRAHMAPUTRA,BRAMAPUTRA,Dhansiri,26.23000000,94.26083333,22-07-2022 16:00,1.5
412,412,Doyang Hep Reservoir,CWC,13,Nagaland,250,WOKHA,WOKHA,-,-,Dhansiri,Brahmaputra,BRAHMAPUTRA,BRAHMAPUTRA,BRAMAPUTRA,Dhansiri,26.23000000,94.26083333,22-07-2022 17:00,1.5
413,413,Doyang Hep Reservoir,CWC,13,Nagaland,250,WOKHA,WOKHA,-,-,Dhansiri,Brahmaputra,BRAHMAPUTRA,BRAHMAPUTRA,BRAMAPUTRA,Dhansiri,26.23000000,94.26083333,22-07-2022 18:00,1.5
414,414,Doyang Hep Reservoir,CWC,13,Nagaland,250,WOKHA,WOKHA,-,-,Dhansiri,Brahmaputra,BRAHMAPUTRA,BRAHMAPUTRA,BRAMAPUTRA,Dhansiri,26.23000000,94.26083333,22-07-2022 19:00,1.5
415,415,Doyang Hep Reservoir,CWC,13,Nagaland,250,WOKHA,WOKHA,-,-,Dhansiri,Brahmaputra,BRAHMAPUTRA,BRAHMAPUTRA,BRAMAPUTRA,Dhansiri,26.23000000,94.26083333,22-07-2022 20:00,1.5
416,416,Doyang Hep Reservoir,CWC,13,Nagaland,250,WOKHA,WOKHA,-,-,Dhansiri,Brahmaputra,BRAHMAPUTRA,BRAHMAPUTRA,BRAMAPUTRA,Dhansiri,26.23000000,94.26083333,22-07-2022 21:00,1.5
417,417,Doyang Hep Reservoir,CWC,13,Nagaland,250,WOKHA,WOKHA,-,-,Dhansiri,Brahmaputra,BRAHMAPUTRA,BRAHMAPUTRA,BRAMAPUTRA,Dhansiri,26.23000000,94.26083333,22-07-2022 22:00,1.5
418,418,Doyang Hep Reservoir,CWC,13,Nagaland,250,WOKHA,WOKHA,-,-,Dhansiri,Brahmaputra,BRAHMAPUTRA,BRAHMAPUTRA,BRAMAPUTRA,Dhansiri,26.23000000,94.26083333,22-07-2022 23:00,1.5
419,419,Doyang Hep Reservoir,CWC,13,Nagaland,250,WOKHA,WOKHA,-,-,Dhansiri,Brahmaputra,BRAHMAPUTRA,BRAHMAPUTRA,BRAMAPUTRA,Dhansiri,26.23000000,94.26083333,23-07-2022 00:00,1.5
420,420,Doyang Hep Reservoir,CWC,13,Nagaland,250,WOKHA,WOKHA,-,-,Dhansiri,Brahmaputra,BRAHMAPUTRA,BRAHMAPUTRA,BRAMAPUTRA,Dhansiri,26.23000000,94.26083333,23-07-2022 01:00,1.5
421,421,Doyang Hep Reservoir,CWC,13,Nagaland,250,WOKHA,WOKHA,-,-,Dhansiri,Brahmaputra,BRAHMAPUTRA,BRAHMAPUTRA,BRAMAPUTRA,Dhansiri,26.23000000,94.26083333,23-07-2022 02:00,1.5
422,422,Doyang Hep Reservoir,CWC,13,Nagaland,250,WOKHA,WOKHA,-,-,Dhansiri,Brahmaputra,BRAHMAPUTRA,BRAHMAPUTRA,BRAMAPUTRA,Dhansiri,26.23000000,94.26083333,23-07-2022 03:00,1.5
423,423,Doyang Hep Reservoir,CWC,13,Nagaland,250,WOKHA,WOKHA,-,-,Dhansiri,Brahmaputra,BRAHMAPUTRA,BRAHMAPUTRA,BRAMAPUTRA,Dhansiri,26.23000000,94.26083333,23-07-2022 19:00,3.5
424,424,Doyang Hep Reservoir,CWC,13,Nagaland,250,WOKHA,WOKHA,-,-,Dhansiri,Brahmaputra,BRAHMAPUTRA,BRAHMAPUTRA,BRAMAPUTRA,Dhansiri,26.23000000,94.26083333,23-07-2022 20:00,4
425,425,Doyang Hep Reservoir,CWC,13,Nagaland,250,WOKHA,WOKHA,-,-,Dhansiri,Brahmaputra,BRAHMAPUTRA,BRAHMAPUTRA,BRAMAPUTRA,Dhansiri,26.23000000,94.26083333,23-07-2022 21:00,4
426,426,Doyang Hep Reservoir,CWC,13,Nagaland,250,WOKHA,WOKHA,-,-,Dhansiri,Brahmaputra,BRAHMAPUTRA,BRAHMAPUTRA,BRAMAPUTRA,Dhansiri,26.23000000,94.26083333,23-07-2022 22:00,6.5
427,427,Doyang Hep Reservoir,CWC,13,Nagaland,250,WOKHA,WOKHA,-,-,Dhansiri,Brahmaputra,BRAHMAPUTRA,BRAHMAPUTRA,BRAMAPUTRA,Dhansiri,26.23000000,94.26083333,23-07-2022 23:00,22
428,428,Doyang Hep Reservoir,CWC,13,Nagaland,250,WOKHA,WOKHA,-,-,Dhansiri,Brahmaputra,BRAHMAPUTRA,BRAHMAPUTRA,BRAMAPUTRA,Dhansiri,26.23000000,94.26083333,24-07-2022 00:00,23
429,429,Doyang Hep Reservoir,CWC,13,Nagaland,250,WOKHA,WOKHA,-,-,Dhansiri,Brahmaputra,BRAHMAPUTRA,BRAHMAPUTRA,BRAMAPUTRA,Dhansiri,26.23000000,94.26083333,24-07-2022 01:00,23
430,430,Doyang Hep Reservoir,CWC,13,Nagaland,250,WOKHA,WOKHA,-,-,Dhansiri,Brahmaputra,BRAHMAPUTRA,BRAHMAPUTRA,BRAMAPUTRA,Dhansiri,26.23000000,94.26083333,24-07-2022 02:00,23
431,431,Doyang Hep Reservoir,CWC,13,Nagaland,250,WOKHA,WOKHA,-,-,Dhansiri,Brahmaputra,BRAHMAPUTRA,BRAHMAPUTRA,BRAMAPUTRA,Dhansiri,26.23000000,94.26083333,24-07-2022 03:00,23
432,432,Doyang Hep Reservoir,CWC,13,Nagaland,250,WOKHA,WOKHA,-,-,Dhansiri,Brahmaputra,BRAHMAPUTRA,BRAHMAPUTRA,BRAMAPUTRA,Dhansiri,26.23000000,94.26083333,24-07-2022 18:00,0.5
433,433,Doyang Hep Reservoir,CWC,13,Nagaland,250,WOKHA,WOKHA,-,-,Dhansiri,Brahmaputra,BRAHMAPUTRA,BRAHMAPUTRA,BRAMAPUTRA,Dhansiri,26.23000000,94.26083333,24-07-2022 19:00,0.5
434,434,Doyang Hep Reservoir,CWC,13,Nagaland,250,WOKHA,WOKHA,-,-,Dhansiri,Brahmaputra,BRAHMAPUTRA,BRAHMAPUTRA,BRAMAPUTRA,Dhansiri,26.23000000,94.26083333,24-07-2022 20:00,0.5
435,435,Doyang Hep Reservoir,CWC,13,Nagaland,250,WOKHA,WOKHA,-,-,Dhansiri,Brahmaputra,BRAHMAPUTRA,BRAHMAPUTRA,BRAMAPUTRA,Dhansiri,26.23000000,94.26083333,24-07-2022 21:00,0.5
436,436,Doyang Hep Reservoir,CWC,13,Nagaland,250,WOKHA,WOKHA,-,-,Dhansiri,Brahmaputra,BRAHMAPUTRA,BRAHMAPUTRA,BRAMAPUTRA,Dhansiri,26.23000000,94.26083333,24-07-2022 22:00,0.5
437,437,Doyang Hep Reservoir,CWC,13,Nagaland,250,WOKHA,WOKHA,-,-,Dhansiri,Brahmaputra,BRAHMAPUTRA,BRAHMAPUTRA,BRAMAPUTRA,Dhansiri,26.23000000,94.26083333,24-07-2022 23:00,0.5
438,438,Doyang Hep Reservoir,CWC,13,Nagaland,250,WOKHA,WOKHA,-,-,Dhansiri,Brahmaputra,BRAHMAPUTRA,BRAHMAPUTRA,BRAMAPUTRA,Dhansiri,26.23000000,94.26083333,25-07-2022 00:00,1
439,439,Doyang Hep Reservoir,CWC,13,Nagaland,250,WOKHA,WOKHA,-,-,Dhansiri,Brahmaputra,BRAHMAPUTRA,BRAHMAPUTRA,BRAMAPUTRA,Dhansiri,26.23000000,94.26083333,25-07-2022 01:00,1.5
440,440,Doyang Hep Reservoir,CWC,13,Nagaland,250,WOKHA,WOKHA,-,-,Dhansiri,Brahmaputra,BRAHMAPUTRA,BRAHMAPUTRA,BRAMAPUTRA,Dhansiri,26.23000000,94.26083333,25-07-2022 02:00,2.5
441,441,Doyang Hep Reservoir,CWC,13,Nagaland,250,WOKHA,WOKHA,-,-,Dhansiri,Brahmaputra,BRAHMAPUTRA,BRAHMAPUTRA,BRAMAPUTRA,Dhansiri,26.23000000,94.26083333,25-07-2022 03:00,3.5
442,442,Doyang Hep Reservoir,CWC,13,Nagaland,250,WOKHA,WOKHA,-,-,Dhansiri,Brahmaputra,BRAHMAPUTRA,BRAHMAPUTRA,BRAMAPUTRA,Dhansiri,26.23000000,94.26083333,26-07-2022 07:00,0.5
443,443,Doyang Hep Reservoir,CWC,13,Nagaland,250,WOKHA,WOKHA,-,-,Dhansiri,Brahmaputra,BRAHMAPUTRA,BRAHMAPUTRA,BRAMAPUTRA,Dhansiri,26.23000000,94.26083333,26-07-2022 08:00,0.5
444,444,Doyang Hep Reservoir,CWC,13,Nagaland,250,WOKHA,WOKHA,-,-,Dhansiri,Brahmaputra,BRAHMAPUTRA,BRAHMAPUTRA,BRAMAPUTRA,Dhansiri,26.23000000,94.26083333,26-07-2022 09:00,0.5
445,445,Doyang Hep Reservoir,CWC,13,Nagaland,250,WOKHA,WOKHA,-,-,Dhansiri,Brahmaputra,BRAHMAPUTRA,BRAHMAPUTRA,BRAMAPUTRA,Dhansiri,26.23000000,94.26083333,26-07-2022 10:00,0.5
446,446,Doyang Hep Reservoir,CWC,13,Nagaland,250,WOKHA,WOKHA,-,-,Dhansiri,Brahmaputra,BRAHMAPUTRA,BRAHMAPUTRA,BRAMAPUTRA,Dhansiri,26.23000000,94.26083333,26-07-2022 11:00,0.5
447,447,Doyang Hep Reservoir,CWC,13,Nagaland,250,WOKHA,WOKHA,-,-,Dhansiri,Brahmaputra,BRAHMAPUTRA,BRAHMAPUTRA,BRAMAPUTRA,Dhansiri,26.23000000,94.26083333,26-07-2022 12:00,0.5
448,448,Doyang Hep Reservoir,CWC,13,Nagaland,250,WOKHA,WOKHA,-,-,Dhansiri,Brahmaputra,BRAHMAPUTRA,BRAHMAPUTRA,BRAMAPUTRA,Dhansiri,26.23000000,94.26083333,26-07-2022 13:00,0.5
449,449,Doyang Hep Reservoir,CWC,13,Nagaland,250,WOKHA,WOKHA,-,-,Dhansiri,Brahmaputra,BRAHMAPUTRA,BRAHMAPUTRA,BRAMAPUTRA,Dhansiri,26.23000000,94.26083333,26-07-2022 14:00,0.5
450,450,Doyang Hep Reservoir,CWC,13,Nagaland,250,WOKHA,WOKHA,-,-,Dhansiri,Brahmaputra,BRAHMAPUTRA,BRAHMAPUTRA,BRAMAPUTRA,Dhansiri,26.23000000,94.26083333,26-07-2022 15:00,0.5
451,451,Doyang Hep Reservoir,CWC,13,Nagaland,250,WOKHA,WOKHA,-,-,Dhansiri,Brahmaputra,BRAHMAPUTRA,BRAHMAPUTRA,BRAMAPUTRA,Dhansiri,26.23000000,94.26083333,26-07-2022 16:00,0.5
452,452,Doyang Hep Reservoir,CWC,13,Nagaland,250,WOKHA,WOKHA,-,-,Dhansiri,Brahmaputra,BRAHMAPUTRA,BRAHMAPUTRA,BRAMAPUTRA,Dhansiri,26.23000000,94.26083333,26-07-2022 17:00,0.5
453,453,Doyang Hep Reservoir,CWC,13,Nagaland,250,WOKHA,WOKHA,-,-,Dhansiri,Brahmaputra,BRAHMAPUTRA,BRAHMAPUTRA,BRAMAPUTRA,Dhansiri,26.23000000,94.26083333,26-07-2022 18:00,0.5
454,454,Doyang Hep Reservoir,CWC,13,Nagaland,250,WOKHA,WOKHA,-,-,Dhansiri,Brahmaputra,BRAHMAPUTRA,BRAHMAPUTRA,BRAMAPUTRA,Dhansiri,26.23000000,94.26083333,26-07-2022 19:00,0.5
455,455,Doyang Hep Reservoir,CWC,13,Nagaland,250,WOKHA,WOKHA,-,-,Dhansiri,Brahmaputra,BRAHMAPUTRA,BRAHMAPUTRA,BRAMAPUTRA,Dhansiri,26.23000000,94.26083333,26-07-2022 20:00,0.5
456,456,Doyang Hep Reservoir,CWC,13,Nagaland,250,WOKHA,WOKHA,-,-,Dhansiri,Brahmaputra,BRAHMAPUTRA,BRAHMAPUTRA,BRAMAPUTRA,Dhansiri,26.23000000,94.26083333,26-07-2022 21:00,0.5
457,457,Doyang Hep Reservoir,CWC,13,Nagaland,250,WOKHA,WOKHA,-,-,Dhansiri,Brahmaputra,BRAHMAPUTRA,BRAHMAPUTRA,BRAMAPUTRA,Dhansiri,26.23000000,94.26083333,26-07-2022 22:00,0.5
458,458,Doyang Hep Reservoir,CWC,13,Nagaland,250,WOKHA,WOKHA,-,-,Dhansiri,Brahmaputra,BRAHMAPUTRA,BRAHMAPUTRA,BRAMAPUTRA,Dhansiri,26.23000000,94.26083333,26-07-2022 23:00,0.5
459,459,Doyang Hep Reservoir,CWC,13,Nagaland,250,WOKHA,WOKHA,-,-,Dhansiri,Brahmaputra,BRAHMAPUTRA,BRAHMAPUTRA,BRAMAPUTRA,Dhansiri,26.23000000,94.26083333,27-07-2022 00:00,0.5
460,460,Doyang Hep Reservoir,CWC,13,Nagaland,250,WOKHA,WOKHA,-,-,Dhansiri,Brahmaputra,BRAHMAPUTRA,BRAHMAPUTRA,BRAMAPUTRA,Dhansiri,26.23000000,94.26083333,27-07-2022 01:00,0.5
461,461,Doyang Hep Reservoir,CWC,13,Nagaland,250,WOKHA,WOKHA,-,-,Dhansiri,Brahmaputra,BRAHMAPUTRA,BRAHMAPUTRA,BRAMAPUTRA,Dhansiri,26.23000000,94.26083333,27-07-2022 02:00,0.5
462,462,Doyang Hep Reservoir,CWC,13,Nagaland,250,WOKHA,WOKHA,-,-,Dhansiri,Brahmaputra,BRAHMAPUTRA,BRAHMAPUTRA,BRAMAPUTRA,Dhansiri,26.23000000,94.26083333,27-07-2022 03:00,0.5
463,463,Doyang Hep Reservoir,CWC,13,Nagaland,250,WOKHA,WOKHA,-,-,Dhansiri,Brahmaputra,BRAHMAPUTRA,BRAHMAPUTRA,BRAMAPUTRA,Dhansiri,26.23000000,94.26083333,27-07-2022 23:00,1
464,464,Doyang Hep Reservoir,CWC,13,Nagaland,250,WOKHA,WOKHA,-,-,Dhansiri,Brahmaputra,BRAHMAPUTRA,BRAHMAPUTRA,BRAMAPUTRA,Dhansiri,26.23000000,94.26083333,28-07-2022 00:00,2.5
465,465,Doyang Hep Reservoir,CWC,13,Nagaland,250,WOKHA,WOKHA,-,-,Dhansiri,Brahmaputra,BRAHMAPUTRA,BRAHMAPUTRA,BRAMAPUTRA,Dhansiri,26.23000000,94.26083333,28-07-2022 01:00,2.5
466,466,Doyang Hep Reservoir,CWC,13,Nagaland,250,WOKHA,WOKHA,-,-,Dhansiri,Brahmaputra,BRAHMAPUTRA,BRAHMAPUTRA,BRAMAPUTRA,Dhansiri,26.23000000,94.26083333,28-07-2022 02:00,12
467,467,Doyang Hep Reservoir,CWC,13,Nagaland,250,WOKHA,WOKHA,-,-,Dhansiri,Brahmaputra,BRAHMAPUTRA,BRAHMAPUTRA,BRAMAPUTRA,Dhansiri,26.23000000,94.26083333,28-07-2022 03:00,16.5
468,468,Doyang Hep Reservoir,CWC,13,Nagaland,250,WOKHA,WOKHA,-,-,Dhansiri,Brahmaputra,BRAHMAPUTRA,BRAHMAPUTRA,BRAMAPUTRA,Dhansiri,26.23000000,94.26083333,29-07-2022 20:00,1
469,469,Doyang Hep Reservoir,CWC,13,Nagaland,250,WOKHA,WOKHA,-,-,Dhansiri,Brahmaputra,BRAHMAPUTRA,BRAHMAPUTRA,BRAMAPUTRA,Dhansiri,26.23000000,94.26083333,29-07-2022 21:00,22.5
470,470,Doyang Hep Reservoir,CWC,13,Nagaland,250,WOKHA,WOKHA,-,-,Dhansiri,Brahmaputra,BRAHMAPUTRA,BRAHMAPUTRA,BRAMAPUTRA,Dhansiri,26.23000000,94.26083333,29-07-2022 22:00,26
471,471,Doyang Hep Reservoir,CWC,13,Nagaland,250,WOKHA,WOKHA,-,-,Dhansiri,Brahmaputra,BRAHMAPUTRA,BRAHMAPUTRA,BRAMAPUTRA,Dhansiri,26.23000000,94.26083333,29-07-2022 23:00,30
472,472,Doyang Hep Reservoir,CWC,13,Nagaland,250,WOKHA,WOKHA,-,-,Dhansiri,Brahmaputra,BRAHMAPUTRA,BRAHMAPUTRA,BRAMAPUTRA,Dhansiri,26.23000000,94.26083333,30-07-2022 00:00,30.5
473,473,Doyang Hep Reservoir,CWC,13,Nagaland,250,WOKHA,WOKHA,-,-,Dhansiri,Brahmaputra,BRAHMAPUTRA,BRAHMAPUTRA,BRAMAPUTRA,Dhansiri,26.23000000,94.26083333,30-07-2022 01:00,31
474,474,Doyang Hep Reservoir,CWC,13,Nagaland,250,WOKHA,WOKHA,-,-,Dhansiri,Brahmaputra,BRAHMAPUTRA,BRAHMAPUTRA,BRAMAPUTRA,Dhansiri,26.23000000,94.26083333,30-07-2022 02:00,31
475,475,Doyang Hep Reservoir,CWC,13,Nagaland,250,WOKHA,WOKHA,-,-,Dhansiri,Brahmaputra,BRAHMAPUTRA,BRAHMAPUTRA,BRAMAPUTRA,Dhansiri,26.23000000,94.26083333,30-07-2022 03:00,31
476,476,Doyang Hep Reservoir,CWC,13,Nagaland,250,WOKHA,WOKHA,-,-,Dhansiri,Brahmaputra,BRAHMAPUTRA,BRAHMAPUTRA,BRAMAPUTRA,Dhansiri,26.23000000,94.26083333,31-07-2022 08:00,0.5
477,477,Doyang Hep Reservoir,CWC,13,Nagaland,250,WOKHA,WOKHA,-,-,Dhansiri,Brahmaputra,BRAHMAPUTRA,BRAHMAPUTRA,BRAMAPUTRA,Dhansiri,26.23000000,94.26083333,31-07-2022 09:00,0.5
478,478,Doyang Hep Reservoir,CWC,13,Nagaland,250,WOKHA,WOKHA,-,-,Dhansiri,Brahmaputra,BRAHMAPUTRA,BRAHMAPUTRA,BRAMAPUTRA,Dhansiri,26.23000000,94.26083333,31-07-2022 10:00,0.5
479,479,Doyang Hep Reservoir,CWC,13,Nagaland,250,WOKHA,WOKHA,-,-,Dhansiri,Brahmaputra,BRAHMAPUTRA,BRAHMAPUTRA,BRAMAPUTRA,Dhansiri,26.23000000,94.26083333,31-07-2022 11:00,0.5
480,480,Doyang Hep Reservoir,CWC,13,Nagaland,250,WOKHA,WOKHA,-,-,Dhansiri,Brahmaputra,BRAHMAPUTRA,BRAHMAPUTRA,BRAMAPUTRA,Dhansiri,26.23000000,94.26083333,31-07-2022 12:00,0.5
481,481,Doyang Hep Reservoir,CWC,13,Nagaland,250,WOKHA,WOKHA,-,-,Dhansiri,Brahmaputra,BRAHMAPUTRA,BRAHMAPUTRA,BRAMAPUTRA,Dhansiri,26.23000000,94.26083333,31-07-2022 13:00,0.5
482,482,Doyang Hep Reservoir,CWC,13,Nagaland,250,WOKHA,WOKHA,-,-,Dhansiri,Brahmaputra,BRAHMAPUTRA,BRAHMAPUTRA,BRAMAPUTRA,Dhansiri,26.23000000,94.26083333,31-07-2022 14:00,0.5
483,483,Doyang Hep Reservoir,CWC,13,Nagaland,250,WOKHA,WOKHA,-,-,Dhansiri,Brahmaputra,BRAHMAPUTRA,BRAHMAPUTRA,BRAMAPUTRA,Dhansiri,26.23000000,94.26083333,31-07-2022 15:00,0.5
484,484,Doyang Hep Reservoir,CWC,13,Nagaland,250,WOKHA,WOKHA,-,-,Dhansiri,Brahmaputra,BRAHMAPUTRA,BRAHMAPUTRA,BRAMAPUTRA,Dhansiri,26.23000000,94.26083333,31-07-2022 16:00,0.5
485,485,Doyang Hep Reservoir,CWC,13,Nagaland,250,WOKHA,WOKHA,-,-,Dhansiri,Brahmaputra,BRAHMAPUTRA,BRAHMAPUTRA,BRAMAPUTRA,Dhansiri,26.23000000,94.26083333,31-07-2022 17:00,0.5
486,486,Doyang Hep Reservoir,CWC,13,Nagaland,250,WOKHA,WOKHA,-,-,Dhansiri,Brahmaputra,BRAHMAPUTRA,BRAHMAPUTRA,BRAMAPUTRA,Dhansiri,26.23000000,94.26083333,31-07-2022 18:00,0.5
487,487,Doyang Hep Reservoir,CWC,13,Nagaland,250,WOKHA,WOKHA,-,-,Dhansiri,Brahmaputra,BRAHMAPUTRA,BRAHMAPUTRA,BRAMAPUTRA,Dhansiri,26.23000000,94.26083333,31-07-2022 19:00,0.5
488,488,Doyang Hep Reservoir,CWC,13,Nagaland,250,WOKHA,WOKHA,-,-,Dhansiri,Brahmaputra,BRAHMAPUTRA,BRAHMAPUTRA,BRAMAPUTRA,Dhansiri,26.23000000,94.26083333,31-07-2022 20:00,0.5
489,489,Doyang Hep Reservoir,CWC,13,Nagaland,250,WOKHA,WOKHA,-,-,Dhansiri,Brahmaputra,BRAHMAPUTRA,BRAHMAPUTRA,BRAMAPUTRA,Dhansiri,26.23000000,94.26083333,31-07-2022 21:00,0.5
490,490,Doyang Hep Reservoir,CWC,13,Nagaland,250,WOKHA,WOKHA,-,-,Dhansiri,Brahmaputra,BRAHMAPUTRA,BRAHMAPUTRA,BRAMAPUTRA,Dhansiri,26.23000000,94.26083333,31-07-2022 22:00,0.5
491,491,Doyang Hep Reservoir,CWC,13,Nagaland,250,WOKHA,WOKHA,-,-,Dhansiri,Brahmaputra,BRAHMAPUTRA,BRAHMAPUTRA,BRAMAPUTRA,Dhansiri,26.23000000,94.26083333,31-07-2022 23:00,0.5
492,492,Doyang Hep Reservoir,CWC,13,Nagaland,250,WOKHA,WOKHA,-,-,Dhansiri,Brahmaputra,BRAHMAPUTRA,BRAHMAPUTRA,BRAMAPUTRA,Dhansiri,26.23000000,94.26083333,01-08-2022 00:00,0.5
493,493,Doyang Hep Reservoir,CWC,13,Nagaland,250,WOKHA,WOKHA,-,-,Dhansiri,Brahmaputra,BRAHMAPUTRA,BRAHMAPUTRA,BRAMAPUTRA,Dhansiri,26.23000000,94.26083333,01-08-2022 16:00,0.5
494,494,Doyang Hep Reservoir,CWC,13,Nagaland,250,WOKHA,WOKHA,-,-,Dhansiri,Brahmaputra,BRAHMAPUTRA,BRAHMAPUTRA,BRAMAPUTRA,Dhansiri,26.23000000,94.26083333,01-08-2022 17:00,0.5
495,495,Doyang Hep Reservoir,CWC,13,Nagaland,250,WOKHA,WOKHA,-,-,Dhansiri,Brahmaputra,BRAHMAPUTRA,BRAHMAPUTRA,BRAMAPUTRA,Dhansiri,26.23000000,94.26083333,01-08-2022 18:00,0.5
496,496,Doyang Hep Reservoir,CWC,13,Nagaland,250,WOKHA,WOKHA,-,-,Dhansiri,Brahmaputra,BRAHMAPUTRA,BRAHMAPUTRA,BRAMAPUTRA,Dhansiri,26.23000000,94.26083333,01-08-2022 19:00,0.5
497,497,Doyang Hep Reservoir,CWC,13,Nagaland,250,WOKHA,WOKHA,-,-,Dhansiri,Brahmaputra,BRAHMAPUTRA,BRAHMAPUTRA,BRAMAPUTRA,Dhansiri,26.23000000,94.26083333,01-08-2022 20:00,0.5
498,498,Doyang Hep Reservoir,CWC,13,Nagaland,250,WOKHA,WOKHA,-,-,Dhansiri,Brahmaputra,BRAHMAPUTRA,BRAHMAPUTRA,BRAMAPUTRA,Dhansiri,26.23000000,94.26083333,01-08-2022 21:00,0.5
499,499,Doyang Hep Reservoir,CWC,13,Nagaland,250,WOKHA,WOKHA,-,-,Dhansiri,Brahmaputra,BRAHMAPUTRA,BRAHMAPUTRA,BRAMAPUTRA,Dhansiri,26.23000000,94.26083333,01-08-2022 22:00,0.5
500,500,Doyang Hep Reservoir,CWC,13,Nagaland,250,WOKHA,WOKHA,-,-,Dhansiri,Brahmaputra,BRAHMAPUTRA,BRAHMAPUTRA,BRAMAPUTRA,Dhansiri,26.23000000,94.26083333,02-08-2022 00:00,0.5
501,501,Doyang Hep Reservoir,CWC,13,Nagaland,250,WOKHA,WOKHA,-,-,Dhansiri,Brahmaputra,BRAHMAPUTRA,BRAHMAPUTRA,BRAMAPUTRA,Dhansiri,26.23000000,94.26083333,02-08-2022 01:00,0.5
502,502,Doyang Hep Reservoir,CWC,13,Nagaland,250,WOKHA,WOKHA,-,-,Dhansiri,Brahmaputra,BRAHMAPUTRA,BRAHMAPUTRA,BRAMAPUTRA,Dhansiri,26.23000000,94.26083333,02-08-2022 02:00,0.5
503,503,Doyang Hep Reservoir,CWC,13,Nagaland,250,WOKHA,WOKHA,-,-,Dhansiri,Brahmaputra,BRAHMAPUTRA,BRAHMAPUTRA,BRAMAPUTRA,Dhansiri,26.23000000,94.26083333,02-08-2022 03:00,0.5
504,504,Doyang Hep Reservoir,CWC,13,Nagaland,250,WOKHA,WOKHA,-,-,Dhansiri,Brahmaputra,BRAHMAPUTRA,BRAHMAPUTRA,BRAMAPUTRA,Dhansiri,26.23000000,94.26083333,02-08-2022 19:00,1.5
505,505,Doyang Hep Reservoir,CWC,13,Nagaland,250,WOKHA,WOKHA,-,-,Dhansiri,Brahmaputra,BRAHMAPUTRA,BRAHMAPUTRA,BRAMAPUTRA,Dhansiri,26.23000000,94.26083333,02-08-2022 20:00,2.5
506,506,Doyang Hep Reservoir,CWC,13,Nagaland,250,WOKHA,WOKHA,-,-,Dhansiri,Brahmaputra,BRAHMAPUTRA,BRAHMAPUTRA,BRAMAPUTRA,Dhansiri,26.23000000,94.26083333,02-08-2022 21:00,2.5
507,507,Doyang Hep Reservoir,CWC,13,Nagaland,250,WOKHA,WOKHA,-,-,Dhansiri,Brahmaputra,BRAHMAPUTRA,BRAHMAPUTRA,BRAMAPUTRA,Dhansiri,26.23000000,94.26083333,02-08-2022 22:00,6
508,508,Doyang Hep Reservoir,CWC,13,Nagaland,250,WOKHA,WOKHA,-,-,Dhansiri,Brahmaputra,BRAHMAPUTRA,BRAHMAPUTRA,BRAMAPUTRA,Dhansiri,26.23000000,94.26083333,02-08-2022 23:00,6
509,509,Doyang Hep Reservoir,CWC,13,Nagaland,250,WOKHA,WOKHA,-,-,Dhansiri,Brahmaputra,BRAHMAPUTRA,BRAHMAPUTRA,BRAMAPUTRA,Dhansiri,26.23000000,94.26083333,03-08-2022 00:00,8
510,510,Doyang Hep Reservoir,CWC,13,Nagaland,250,WOKHA,WOKHA,-,-,Dhansiri,Brahmaputra,BRAHMAPUTRA,BRAHMAPUTRA,BRAMAPUTRA,Dhansiri,26.23000000,94.26083333,03-08-2022 01:00,8
511,511,Doyang Hep Reservoir,CWC,13,Nagaland,250,WOKHA,WOKHA,-,-,Dhansiri,Brahmaputra,BRAHMAPUTRA,BRAHMAPUTRA,BRAMAPUTRA,Dhansiri,26.23000000,94.26083333,03-08-2022 02:00,8
512,512,Doyang Hep Reservoir,CWC,13,Nagaland,250,WOKHA,WOKHA,-,-,Dhansiri,Brahmaputra,BRAHMAPUTRA,BRAHMAPUTRA,BRAMAPUTRA,Dhansiri,26.23000000,94.26083333,03-08-2022 03:00,8
513,513,Doyang Hep Reservoir,CWC,13,Nagaland,250,WOKHA,WOKHA,-,-,Dhansiri,Brahmaputra,BRAHMAPUTRA,BRAHMAPUTRA,BRAMAPUTRA,Dhansiri,26.23000000,94.26083333,03-08-2022 08:00,6.5
514,514,Doyang Hep Reservoir,CWC,13,Nagaland,250,WOKHA,WOKHA,-,-,Dhansiri,Brahmaputra,BRAHMAPUTRA,BRAHMAPUTRA,BRAMAPUTRA,Dhansiri,26.23000000,94.26083333,03-08-2022 10:00,8
515,515,Doyang Hep Reservoir,CWC,13,Nagaland,250,WOKHA,WOKHA,-,-,Dhansiri,Brahmaputra,BRAHMAPUTRA,BRAHMAPUTRA,BRAMAPUTRA,Dhansiri,26.23000000,94.26083333,03-08-2022 11:00,8
516,516,Doyang Hep Reservoir,CWC,13,Nagaland,250,WOKHA,WOKHA,-,-,Dhansiri,Brahmaputra,BRAHMAPUTRA,BRAHMAPUTRA,BRAMAPUTRA,Dhansiri,26.23000000,94.26083333,03-08-2022 12:00,8
517,517,Doyang Hep Reservoir,CWC,13,Nagaland,250,WOKHA,WOKHA,-,-,Dhansiri,Brahmaputra,BRAHMAPUTRA,BRAHMAPUTRA,BRAMAPUTRA,Dhansiri,26.23000000,94.26083333,03-08-2022 13:00,8
518,518,Doyang Hep Reservoir,CWC,13,Nagaland,250,WOKHA,WOKHA,-,-,Dhansiri,Brahmaputra,BRAHMAPUTRA,BRAHMAPUTRA,BRAMAPUTRA,Dhansiri,26.23000000,94.26083333,03-08-2022 14:00,8
519,519,Doyang Hep Reservoir,CWC,13,Nagaland,250,WOKHA,WOKHA,-,-,Dhansiri,Brahmaputra,BRAHMAPUTRA,BRAHMAPUTRA,BRAMAPUTRA,Dhansiri,26.23000000,94.26083333,03-08-2022 15:00,8
520,520,Doyang Hep Reservoir,CWC,13,Nagaland,250,WOKHA,WOKHA,-,-,Dhansiri,Brahmaputra,BRAHMAPUTRA,BRAHMAPUTRA,BRAMAPUTRA,Dhansiri,26.23000000,94.26083333,03-08-2022 16:00,8
521,521,Doyang Hep Reservoir,CWC,13,Nagaland,250,WOKHA,WOKHA,-,-,Dhansiri,Brahmaputra,BRAHMAPUTRA,BRAHMAPUTRA,BRAMAPUTRA,Dhansiri,26.23000000,94.26083333,03-08-2022 17:00,8
522,522,Doyang Hep Reservoir,CWC,13,Nagaland,250,WOKHA,WOKHA,-,-,Dhansiri,Brahmaputra,BRAHMAPUTRA,BRAHMAPUTRA,BRAMAPUTRA,Dhansiri,26.23000000,94.26083333,03-08-2022 18:00,8
523,523,Doyang Hep Reservoir,CWC,13,Nagaland,250,WOKHA,WOKHA,-,-,Dhansiri,Brahmaputra,BRAHMAPUTRA,BRAHMAPUTRA,BRAMAPUTRA,Dhansiri,26.23000000,94.26083333,03-08-2022 19:00,8
524,524,Doyang Hep Reservoir,CWC,13,Nagaland,250,WOKHA,WOKHA,-,-,Dhansiri,Brahmaputra,BRAHMAPUTRA,BRAHMAPUTRA,BRAMAPUTRA,Dhansiri,26.23000000,94.26083333,03-08-2022 20:00,8
525,525,Doyang Hep Reservoir,CWC,13,Nagaland,250,WOKHA,WOKHA,-,-,Dhansiri,Brahmaputra,BRAHMAPUTRA,BRAHMAPUTRA,BRAMAPUTRA,Dhansiri,26.23000000,94.26083333,03-08-2022 21:00,8
526,526,Doyang Hep Reservoir,CWC,13,Nagaland,250,WOKHA,WOKHA,-,-,Dhansiri,Brahmaputra,BRAHMAPUTRA,BRAHMAPUTRA,BRAMAPUTRA,Dhansiri,26.23000000,94.26083333,03-08-2022 23:00,1.5
527,527,Doyang Hep Reservoir,CWC,13,Nagaland,250,WOKHA,WOKHA,-,-,Dhansiri,Brahmaputra,BRAHMAPUTRA,BRAHMAPUTRA,BRAMAPUTRA,Dhansiri,26.23000000,94.26083333,04-08-2022 02:00,8
528,528,Doyang Hep Reservoir,CWC,13,Nagaland,250,WOKHA,WOKHA,-,-,Dhansiri,Brahmaputra,BRAHMAPUTRA,BRAHMAPUTRA,BRAMAPUTRA,Dhansiri,26.23000000,94.26083333,04-08-2022 03:00,8
529,529,Doyang Hep Reservoir,CWC,13,Nagaland,250,WOKHA,WOKHA,-,-,Dhansiri,Brahmaputra,BRAHMAPUTRA,BRAHMAPUTRA,BRAMAPUTRA,Dhansiri,26.23000000,94.26083333,04-08-2022 18:00,1
530,530,Doyang Hep Reservoir,CWC,13,Nagaland,250,WOKHA,WOKHA,-,-,Dhansiri,Brahmaputra,BRAHMAPUTRA,BRAHMAPUTRA,BRAMAPUTRA,Dhansiri,26.23000000,94.26083333,04-08-2022 19:00,10
531,531,Doyang Hep Reservoir,CWC,13,Nagaland,250,WOKHA,WOKHA,-,-,Dhansiri,Brahmaputra,BRAHMAPUTRA,BRAHMAPUTRA,BRAMAPUTRA,Dhansiri,26.23000000,94.26083333,04-08-2022 20:00,26
532,532,Doyang Hep Reservoir,CWC,13,Nagaland,250,WOKHA,WOKHA,-,-,Dhansiri,Brahmaputra,BRAHMAPUTRA,BRAHMAPUTRA,BRAMAPUTRA,Dhansiri,26.23000000,94.26083333,04-08-2022 21:00,27.5
533,533,Doyang Hep Reservoir,CWC,13,Nagaland,250,WOKHA,WOKHA,-,-,Dhansiri,Brahmaputra,BRAHMAPUTRA,BRAHMAPUTRA,BRAMAPUTRA,Dhansiri,26.23000000,94.26083333,04-08-2022 22:00,28
534,534,Doyang Hep Reservoir,CWC,13,Nagaland,250,WOKHA,WOKHA,-,-,Dhansiri,Brahmaputra,BRAHMAPUTRA,BRAHMAPUTRA,BRAMAPUTRA,Dhansiri,26.23000000,94.26083333,05-08-2022 01:00,1
535,535,Doyang Hep Reservoir,CWC,13,Nagaland,250,WOKHA,WOKHA,-,-,Dhansiri,Brahmaputra,BRAHMAPUTRA,BRAHMAPUTRA,BRAMAPUTRA,Dhansiri,26.23000000,94.26083333,05-08-2022 02:00,2
536,536,Doyang Hep Reservoir,CWC,13,Nagaland,250,WOKHA,WOKHA,-,-,Dhansiri,Brahmaputra,BRAHMAPUTRA,BRAHMAPUTRA,BRAMAPUTRA,Dhansiri,26.23000000,94.26083333,05-08-2022 03:00,2.5
537,537,Doyang Hep Reservoir,CWC,13,Nagaland,250,WOKHA,WOKHA,-,-,Dhansiri,Brahmaputra,BRAHMAPUTRA,BRAHMAPUTRA,BRAMAPUTRA,Dhansiri,26.23000000,94.26083333,05-08-2022 18:00,0.5
538,538,Doyang Hep Reservoir,CWC,13,Nagaland,250,WOKHA,WOKHA,-,-,Dhansiri,Brahmaputra,BRAHMAPUTRA,BRAHMAPUTRA,BRAMAPUTRA,Dhansiri,26.23000000,94.26083333,05-08-2022 19:00,0.5
539,539,Doyang Hep Reservoir,CWC,13,Nagaland,250,WOKHA,WOKHA,-,-,Dhansiri,Brahmaputra,BRAHMAPUTRA,BRAHMAPUTRA,BRAMAPUTRA,Dhansiri,26.23000000,94.26083333,05-08-2022 21:00,25
540,540,Doyang Hep Reservoir,CWC,13,Nagaland,250,WOKHA,WOKHA,-,-,Dhansiri,Brahmaputra,BRAHMAPUTRA,BRAHMAPUTRA,BRAMAPUTRA,Dhansiri,26.23000000,94.26083333,05-08-2022 22:00,26.5
541,541,Doyang Hep Reservoir,CWC,13,Nagaland,250,WOKHA,WOKHA,-,-,Dhansiri,Brahmaputra,BRAHMAPUTRA,BRAHMAPUTRA,BRAMAPUTRA,Dhansiri,26.23000000,94.26083333,05-08-2022 23:00,26.5
542,542,Doyang Hep Reservoir,CWC,13,Nagaland,250,WOKHA,WOKHA,-,-,Dhansiri,Brahmaputra,BRAHMAPUTRA,BRAHMAPUTRA,BRAMAPUTRA,Dhansiri,26.23000000,94.26083333,06-08-2022 00:00,26.5
543,543,Doyang Hep Reservoir,CWC,13,Nagaland,250,WOKHA,WOKHA,-,-,Dhansiri,Brahmaputra,BRAHMAPUTRA,BRAHMAPUTRA,BRAMAPUTRA,Dhansiri,26.23000000,94.26083333,06-08-2022 01:00,26.5
544,544,Doyang Hep Reservoir,CWC,13,Nagaland,250,WOKHA,WOKHA,-,-,Dhansiri,Brahmaputra,BRAHMAPUTRA,BRAHMAPUTRA,BRAMAPUTRA,Dhansiri,26.23000000,94.26083333,06-08-2022 02:00,26.5
545,545,Doyang Hep Reservoir,CWC,13,Nagaland,250,WOKHA,WOKHA,-,-,Dhansiri,Brahmaputra,BRAHMAPUTRA,BRAHMAPUTRA,BRAMAPUTRA,Dhansiri,26.23000000,94.26083333,06-08-2022 03:00,26.5
546,546,Doyang Hep Reservoir,CWC,13,Nagaland,250,WOKHA,WOKHA,-,-,Dhansiri,Brahmaputra,BRAHMAPUTRA,BRAHMAPUTRA,BRAMAPUTRA,Dhansiri,26.23000000,94.26083333,07-08-2022 08:00,0.5
547,547,Doyang Hep Reservoir,CWC,13,Nagaland,250,WOKHA,WOKHA,-,-,Dhansiri,Brahmaputra,BRAHMAPUTRA,BRAHMAPUTRA,BRAMAPUTRA,Dhansiri,26.23000000,94.26083333,07-08-2022 10:00,0.5
548,548,Doyang Hep Reservoir,CWC,13,Nagaland,250,WOKHA,WOKHA,-,-,Dhansiri,Brahmaputra,BRAHMAPUTRA,BRAHMAPUTRA,BRAMAPUTRA,Dhansiri,26.23000000,94.26083333,07-08-2022 11:00,0.5
549,549,Doyang Hep Reservoir,CWC,13,Nagaland,250,WOKHA,WOKHA,-,-,Dhansiri,Brahmaputra,BRAHMAPUTRA,BRAHMAPUTRA,BRAMAPUTRA,Dhansiri,26.23000000,94.26083333,07-08-2022 12:00,0.5
550,550,Doyang Hep Reservoir,CWC,13,Nagaland,250,WOKHA,WOKHA,-,-,Dhansiri,Brahmaputra,BRAHMAPUTRA,BRAHMAPUTRA,BRAMAPUTRA,Dhansiri,26.23000000,94.26083333,07-08-2022 13:00,0.5
551,551,Doyang Hep Reservoir,CWC,13,Nagaland,250,WOKHA,WOKHA,-,-,Dhansiri,Brahmaputra,BRAHMAPUTRA,BRAHMAPUTRA,BRAMAPUTRA,Dhansiri,26.23000000,94.26083333,07-08-2022 14:00,0.5
552,552,Doyang Hep Reservoir,CWC,13,Nagaland,250,WOKHA,WOKHA,-,-,Dhansiri,Brahmaputra,BRAHMAPUTRA,BRAHMAPUTRA,BRAMAPUTRA,Dhansiri,26.23000000,94.26083333,07-08-2022 15:00,0.5
553,553,Doyang Hep Reservoir,CWC,13,Nagaland,250,WOKHA,WOKHA,-,-,Dhansiri,Brahmaputra,BRAHMAPUTRA,BRAHMAPUTRA,BRAMAPUTRA,Dhansiri,26.23000000,94.26083333,07-08-2022 16:00,0.5
554,554,Doyang Hep Reservoir,CWC,13,Nagaland,250,WOKHA,WOKHA,-,-,Dhansiri,Brahmaputra,BRAHMAPUTRA,BRAHMAPUTRA,BRAMAPUTRA,Dhansiri,26.23000000,94.26083333,07-08-2022 17:00,0.5
555,555,Doyang Hep Reservoir,CWC,13,Nagaland,250,WOKHA,WOKHA,-,-,Dhansiri,Brahmaputra,BRAHMAPUTRA,BRAHMAPUTRA,BRAMAPUTRA,Dhansiri,26.23000000,94.26083333,07-08-2022 18:00,0.5
556,556,Doyang Hep Reservoir,CWC,13,Nagaland,250,WOKHA,WOKHA,-,-,Dhansiri,Brahmaputra,BRAHMAPUTRA,BRAHMAPUTRA,BRAMAPUTRA,Dhansiri,26.23000000,94.26083333,07-08-2022 19:00,0.5
557,557,Doyang Hep Reservoir,CWC,13,Nagaland,250,WOKHA,WOKHA,-,-,Dhansiri,Brahmaputra,BRAHMAPUTRA,BRAHMAPUTRA,BRAMAPUTRA,Dhansiri,26.23000000,94.26083333,07-08-2022 20:00,0.5
558,558,Doyang Hep Reservoir,CWC,13,Nagaland,250,WOKHA,WOKHA,-,-,Dhansiri,Brahmaputra,BRAHMAPUTRA,BRAHMAPUTRA,BRAMAPUTRA,Dhansiri,26.23000000,94.26083333,07-08-2022 22:00,0.5
559,559,Doyang Hep Reservoir,CWC,13,Nagaland,250,WOKHA,WOKHA,-,-,Dhansiri,Brahmaputra,BRAHMAPUTRA,BRAHMAPUTRA,BRAMAPUTRA,Dhansiri,26.23000000,94.26083333,07-08-2022 23:00,0.5
560,560,Doyang Hep Reservoir,CWC,13,Nagaland,250,WOKHA,WOKHA,-,-,Dhansiri,Brahmaputra,BRAHMAPUTRA,BRAHMAPUTRA,BRAMAPUTRA,Dhansiri,26.23000000,94.26083333,08-08-2022 00:00,0.5
561,561,Doyang Hep Reservoir,CWC,13,Nagaland,250,WOKHA,WOKHA,-,-,Dhansiri,Brahmaputra,BRAHMAPUTRA,BRAHMAPUTRA,BRAMAPUTRA,Dhansiri,26.23000000,94.26083333,08-08-2022 01:00,0.5
562,562,Doyang Hep Reservoir,CWC,13,Nagaland,250,WOKHA,WOKHA,-,-,Dhansiri,Brahmaputra,BRAHMAPUTRA,BRAHMAPUTRA,BRAMAPUTRA,Dhansiri,26.23000000,94.26083333,08-08-2022 02:00,0.5
563,563,Doyang Hep Reservoir,CWC,13,Nagaland,250,WOKHA,WOKHA,-,-,Dhansiri,Brahmaputra,BRAHMAPUTRA,BRAHMAPUTRA,BRAMAPUTRA,Dhansiri,26.23000000,94.26083333,08-08-2022 03:00,0.5
564,564,Doyang Hep Reservoir,CWC,13,Nagaland,250,WOKHA,WOKHA,-,-,Dhansiri,Brahmaputra,BRAHMAPUTRA,BRAHMAPUTRA,BRAMAPUTRA,Dhansiri,26.23000000,94.26083333,09-08-2022 21:00,0.5
565,565,Doyang Hep Reservoir,CWC,13,Nagaland,250,WOKHA,WOKHA,-,-,Dhansiri,Brahmaputra,BRAHMAPUTRA,BRAHMAPUTRA,BRAMAPUTRA,Dhansiri,26.23000000,94.26083333,09-08-2022 22:00,1
566,566,Doyang Hep Reservoir,CWC,13,Nagaland,250,WOKHA,WOKHA,-,-,Dhansiri,Brahmaputra,BRAHMAPUTRA,BRAHMAPUTRA,BRAMAPUTRA,Dhansiri,26.23000000,94.26083333,09-08-2022 23:00,1
567,567,Doyang Hep Reservoir,CWC,13,Nagaland,250,WOKHA,WOKHA,-,-,Dhansiri,Brahmaputra,BRAHMAPUTRA,BRAHMAPUTRA,BRAMAPUTRA,Dhansiri,26.23000000,94.26083333,10-08-2022 00:00,1
568,568,Doyang Hep Reservoir,CWC,13,Nagaland,250,WOKHA,WOKHA,-,-,Dhansiri,Brahmaputra,BRAHMAPUTRA,BRAHMAPUTRA,BRAMAPUTRA,Dhansiri,26.23000000,94.26083333,10-08-2022 01:00,1
569,569,Doyang Hep Reservoir,CWC,13,Nagaland,250,WOKHA,WOKHA,-,-,Dhansiri,Brahmaputra,BRAHMAPUTRA,BRAHMAPUTRA,BRAMAPUTRA,Dhansiri,26.23000000,94.26083333,10-08-2022 02:00,1
570,570,Doyang Hep Reservoir,CWC,13,Nagaland,250,WOKHA,WOKHA,-,-,Dhansiri,Brahmaputra,BRAHMAPUTRA,BRAHMAPUTRA,BRAMAPUTRA,Dhansiri,26.23000000,94.26083333,10-08-2022 03:00,1
571,571,Doyang Hep Reservoir,CWC,13,Nagaland,250,WOKHA,WOKHA,-,-,Dhansiri,Brahmaputra,BRAHMAPUTRA,BRAHMAPUTRA,BRAMAPUTRA,Dhansiri,26.23000000,94.26083333,13-08-2022 04:00,0.5
572,572,Doyang Hep Reservoir,CWC,13,Nagaland,250,WOKHA,WOKHA,-,-,Dhansiri,Brahmaputra,BRAHMAPUTRA,BRAHMAPUTRA,BRAMAPUTRA,Dhansiri,26.23000000,94.26083333,13-08-2022 05:00,0.5
573,573,Doyang Hep Reservoir,CWC,13,Nagaland,250,WOKHA,WOKHA,-,-,Dhansiri,Brahmaputra,BRAHMAPUTRA,BRAHMAPUTRA,BRAMAPUTRA,Dhansiri,26.23000000,94.26083333,13-08-2022 06:00,0.5
574,574,Doyang Hep Reservoir,CWC,13,Nagaland,250,WOKHA,WOKHA,-,-,Dhansiri,Brahmaputra,BRAHMAPUTRA,BRAHMAPUTRA,BRAMAPUTRA,Dhansiri,26.23000000,94.26083333,13-08-2022 07:00,0.5
575,575,Doyang Hep Reservoir,CWC,13,Nagaland,250,WOKHA,WOKHA,-,-,Dhansiri,Brahmaputra,BRAHMAPUTRA,BRAHMAPUTRA,BRAMAPUTRA,Dhansiri,26.23000000,94.26083333,13-08-2022 08:00,0.5
576,576,Doyang Hep Reservoir,CWC,13,Nagaland,250,WOKHA,WOKHA,-,-,Dhansiri,Brahmaputra,BRAHMAPUTRA,BRAHMAPUTRA,BRAMAPUTRA,Dhansiri,26.23000000,94.26083333,13-08-2022 09:00,0.5
577,577,Doyang Hep Reservoir,CWC,13,Nagaland,250,WOKHA,WOKHA,-,-,Dhansiri,Brahmaputra,BRAHMAPUTRA,BRAHMAPUTRA,BRAMAPUTRA,Dhansiri,26.23000000,94.26083333,13-08-2022 10:00,0.5
578,578,Doyang Hep Reservoir,CWC,13,Nagaland,250,WOKHA,WOKHA,-,-,Dhansiri,Brahmaputra,BRAHMAPUTRA,BRAHMAPUTRA,BRAMAPUTRA,Dhansiri,26.23000000,94.26083333,13-08-2022 11:00,0.5
579,579,Doyang Hep Reservoir,CWC,13,Nagaland,250,WOKHA,WOKHA,-,-,Dhansiri,Brahmaputra,BRAHMAPUTRA,BRAHMAPUTRA,BRAMAPUTRA,Dhansiri,26.23000000,94.26083333,13-08-2022 12:00,0.5
580,580,Doyang Hep Reservoir,CWC,13,Nagaland,250,WOKHA,WOKHA,-,-,Dhansiri,Brahmaputra,BRAHMAPUTRA,BRAHMAPUTRA,BRAMAPUTRA,Dhansiri,26.23000000,94.26083333,13-08-2022 13:00,0.5
581,581,Doyang Hep Reservoir,CWC,13,Nagaland,250,WOKHA,WOKHA,-,-,Dhansiri,Brahmaputra,BRAHMAPUTRA,BRAHMAPUTRA,BRAMAPUTRA,Dhansiri,26.23000000,94.26083333,13-08-2022 14:00,0.5
582,582,Doyang Hep Reservoir,CWC,13,Nagaland,250,WOKHA,WOKHA,-,-,Dhansiri,Brahmaputra,BRAHMAPUTRA,BRAHMAPUTRA,BRAMAPUTRA,Dhansiri,26.23000000,94.26083333,13-08-2022 15:00,0.5
583,583,Doyang Hep Reservoir,CWC,13,Nagaland,250,WOKHA,WOKHA,-,-,Dhansiri,Brahmaputra,BRAHMAPUTRA,BRAHMAPUTRA,BRAMAPUTRA,Dhansiri,26.23000000,94.26083333,13-08-2022 16:00,0.5
584,584,Doyang Hep Reservoir,CWC,13,Nagaland,250,WOKHA,WOKHA,-,-,Dhansiri,Brahmaputra,BRAHMAPUTRA,BRAHMAPUTRA,BRAMAPUTRA,Dhansiri,26.23000000,94.26083333,13-08-2022 17:00,0.5
585,585,Doyang Hep Reservoir,CWC,13,Nagaland,250,WOKHA,WOKHA,-,-,Dhansiri,Brahmaputra,BRAHMAPUTRA,BRAHMAPUTRA,BRAMAPUTRA,Dhansiri,26.23000000,94.26083333,13-08-2022 18:00,0.5
586,586,Doyang Hep Reservoir,CWC,13,Nagaland,250,WOKHA,WOKHA,-,-,Dhansiri,Brahmaputra,BRAHMAPUTRA,BRAHMAPUTRA,BRAMAPUTRA,Dhansiri,26.23000000,94.26083333,13-08-2022 19:00,0.5
587,587,Doyang Hep Reservoir,CWC,13,Nagaland,250,WOKHA,WOKHA,-,-,Dhansiri,Brahmaputra,BRAHMAPUTRA,BRAHMAPUTRA,BRAMAPUTRA,Dhansiri,26.23000000,94.26083333,13-08-2022 20:00,0.5
588,588,Doyang Hep Reservoir,CWC,13,Nagaland,250,WOKHA,WOKHA,-,-,Dhansiri,Brahmaputra,BRAHMAPUTRA,BRAHMAPUTRA,BRAMAPUTRA,Dhansiri,26.23000000,94.26083333,13-08-2022 21:00,0.5
589,589,Doyang Hep Reservoir,CWC,13,Nagaland,250,WOKHA,WOKHA,-,-,Dhansiri,Brahmaputra,BRAHMAPUTRA,BRAHMAPUTRA,BRAMAPUTRA,Dhansiri,26.23000000,94.26083333,13-08-2022 22:00,0.5
590,590,Doyang Hep Reservoir,CWC,13,Nagaland,250,WOKHA,WOKHA,-,-,Dhansiri,Brahmaputra,BRAHMAPUTRA,BRAHMAPUTRA,BRAMAPUTRA,Dhansiri,26.23000000,94.26083333,13-08-2022 23:00,0.5
591,591,Doyang Hep Reservoir,CWC,13,Nagaland,250,WOKHA,WOKHA,-,-,Dhansiri,Brahmaputra,BRAHMAPUTRA,BRAHMAPUTRA,BRAMAPUTRA,Dhansiri,26.23000000,94.26083333,14-08-2022 00:00,0.5
592,592,Doyang Hep Reservoir,CWC,13,Nagaland,250,WOKHA,WOKHA,-,-,Dhansiri,Brahmaputra,BRAHMAPUTRA,BRAHMAPUTRA,BRAMAPUTRA,Dhansiri,26.23000000,94.26083333,14-08-2022 01:00,0.5
593,593,Doyang Hep Reservoir,CWC,13,Nagaland,250,WOKHA,WOKHA,-,-,Dhansiri,Brahmaputra,BRAHMAPUTRA,BRAHMAPUTRA,BRAMAPUTRA,Dhansiri,26.23000000,94.26083333,14-08-2022 02:00,0.5
594,594,Doyang Hep Reservoir,CWC,13,Nagaland,250,WOKHA,WOKHA,-,-,Dhansiri,Brahmaputra,BRAHMAPUTRA,BRAHMAPUTRA,BRAMAPUTRA,Dhansiri,26.23000000,94.26083333,14-08-2022 03:00,0.5
595,595,Doyang Hep Reservoir,CWC,13,Nagaland,250,WOKHA,WOKHA,-,-,Dhansiri,Brahmaputra,BRAHMAPUTRA,BRAHMAPUTRA,BRAMAPUTRA,Dhansiri,26.23000000,94.26083333,14-08-2022 11:00,12
596,596,Doyang Hep Reservoir,CWC,13,Nagaland,250,WOKHA,WOKHA,-,-,Dhansiri,Brahmaputra,BRAHMAPUTRA,BRAHMAPUTRA,BRAMAPUTRA,Dhansiri,26.23000000,94.26083333,14-08-2022 13:00,12.5
597,597,Doyang Hep Reservoir,CWC,13,Nagaland,250,WOKHA,WOKHA,-,-,Dhansiri,Brahmaputra,BRAHMAPUTRA,BRAHMAPUTRA,BRAMAPUTRA,Dhansiri,26.23000000,94.26083333,14-08-2022 15:00,22
598,598,Doyang Hep Reservoir,CWC,13,Nagaland,250,WOKHA,WOKHA,-,-,Dhansiri,Brahmaputra,BRAHMAPUTRA,BRAHMAPUTRA,BRAMAPUTRA,Dhansiri,26.23000000,94.26083333,14-08-2022 16:00,24.5
599,599,Doyang Hep Reservoir,CWC,13,Nagaland,250,WOKHA,WOKHA,-,-,Dhansiri,Brahmaputra,BRAHMAPUTRA,BRAHMAPUTRA,BRAMAPUTRA,Dhansiri,26.23000000,94.26083333,14-08-2022 17:00,25
600,600,Doyang Hep Reservoir,CWC,13,Nagaland,250,WOKHA,WOKHA,-,-,Dhansiri,Brahmaputra,BRAHMAPUTRA,BRAHMAPUTRA,BRAMAPUTRA,Dhansiri,26.23000000,94.26083333,14-08-2022 18:00,25.5
601,601,Doyang Hep Reservoir,CWC,13,Nagaland,250,WOKHA,WOKHA,-,-,Dhansiri,Brahmaputra,BRAHMAPUTRA,BRAHMAPUTRA,BRAMAPUTRA,Dhansiri,26.23000000,94.26083333,14-08-2022 19:00,26
602,602,Doyang Hep Reservoir,CWC,13,Nagaland,250,WOKHA,WOKHA,-,-,Dhansiri,Brahmaputra,BRAHMAPUTRA,BRAHMAPUTRA,BRAMAPUTRA,Dhansiri,26.23000000,94.26083333,14-08-2022 20:00,26
603,603,Doyang Hep Reservoir,CWC,13,Nagaland,250,WOKHA,WOKHA,-,-,Dhansiri,Brahmaputra,BRAHMAPUTRA,BRAHMAPUTRA,BRAMAPUTRA,Dhansiri,26.23000000,94.26083333,14-08-2022 21:00,26
604,604,Doyang Hep Reservoir,CWC,13,Nagaland,250,WOKHA,WOKHA,-,-,Dhansiri,Brahmaputra,BRAHMAPUTRA,BRAHMAPUTRA,BRAMAPUTRA,Dhansiri,26.23000000,94.26083333,14-08-2022 22:00,26
605,605,Doyang Hep Reservoir,CWC,13,Nagaland,250,WOKHA,WOKHA,-,-,Dhansiri,Brahmaputra,BRAHMAPUTRA,BRAHMAPUTRA,BRAMAPUTRA,Dhansiri,26.23000000,94.26083333,14-08-2022 23:00,26
606,606,Doyang Hep Reservoir,CWC,13,Nagaland,250,WOKHA,WOKHA,-,-,Dhansiri,Brahmaputra,BRAHMAPUTRA,BRAHMAPUTRA,BRAMAPUTRA,Dhansiri,26.23000000,94.26083333,15-08-2022 00:00,26
607,607,Doyang Hep Reservoir,CWC,13,Nagaland,250,WOKHA,WOKHA,-,-,Dhansiri,Brahmaputra,BRAHMAPUTRA,BRAHMAPUTRA,BRAMAPUTRA,Dhansiri,26.23000000,94.26083333,15-08-2022 01:00,26
608,608,Doyang Hep Reservoir,CWC,13,Nagaland,250,WOKHA,WOKHA,-,-,Dhansiri,Brahmaputra,BRAHMAPUTRA,BRAHMAPUTRA,BRAMAPUTRA,Dhansiri,26.23000000,94.26083333,15-08-2022 02:00,26
609,609,Doyang Hep Reservoir,CWC,13,Nagaland,250,WOKHA,WOKHA,-,-,Dhansiri,Brahmaputra,BRAHMAPUTRA,BRAHMAPUTRA,BRAMAPUTRA,Dhansiri,26.23000000,94.26083333,15-08-2022 03:00,26
610,610,Doyang Hep Reservoir,CWC,13,Nagaland,250,WOKHA,WOKHA,-,-,Dhansiri,Brahmaputra,BRAHMAPUTRA,BRAHMAPUTRA,BRAMAPUTRA,Dhansiri,26.23000000,94.26083333,15-08-2022 04:00,0.5
611,611,Doyang Hep Reservoir,CWC,13,Nagaland,250,WOKHA,WOKHA,-,-,Dhansiri,Brahmaputra,BRAHMAPUTRA,BRAHMAPUTRA,BRAMAPUTRA,Dhansiri,26.23000000,94.26083333,15-08-2022 05:00,0.5
612,612,Doyang Hep Reservoir,CWC,13,Nagaland,250,WOKHA,WOKHA,-,-,Dhansiri,Brahmaputra,BRAHMAPUTRA,BRAHMAPUTRA,BRAMAPUTRA,Dhansiri,26.23000000,94.26083333,15-08-2022 06:00,0.5
613,613,Doyang Hep Reservoir,CWC,13,Nagaland,250,WOKHA,WOKHA,-,-,Dhansiri,Brahmaputra,BRAHMAPUTRA,BRAHMAPUTRA,BRAMAPUTRA,Dhansiri,26.23000000,94.26083333,15-08-2022 07:00,0.5
614,614,Doyang Hep Reservoir,CWC,13,Nagaland,250,WOKHA,WOKHA,-,-,Dhansiri,Brahmaputra,BRAHMAPUTRA,BRAHMAPUTRA,BRAMAPUTRA,Dhansiri,26.23000000,94.26083333,15-08-2022 08:00,0.5
615,615,Doyang Hep Reservoir,CWC,13,Nagaland,250,WOKHA,WOKHA,-,-,Dhansiri,Brahmaputra,BRAHMAPUTRA,BRAHMAPUTRA,BRAMAPUTRA,Dhansiri,26.23000000,94.26083333,15-08-2022 09:00,0.5
616,616,Doyang Hep Reservoir,CWC,13,Nagaland,250,WOKHA,WOKHA,-,-,Dhansiri,Brahmaputra,BRAHMAPUTRA,BRAHMAPUTRA,BRAMAPUTRA,Dhansiri,26.23000000,94.26083333,15-08-2022 10:00,0.5
617,617,Doyang Hep Reservoir,CWC,13,Nagaland,250,WOKHA,WOKHA,-,-,Dhansiri,Brahmaputra,BRAHMAPUTRA,BRAHMAPUTRA,BRAMAPUTRA,Dhansiri,26.23000000,94.26083333,15-08-2022 11:00,0.5
618,618,Doyang Hep Reservoir,CWC,13,Nagaland,250,WOKHA,WOKHA,-,-,Dhansiri,Brahmaputra,BRAHMAPUTRA,BRAHMAPUTRA,BRAMAPUTRA,Dhansiri,26.23000000,94.26083333,15-08-2022 12:00,0.5
619,619,Doyang Hep Reservoir,CWC,13,Nagaland,250,WOKHA,WOKHA,-,-,Dhansiri,Brahmaputra,BRAHMAPUTRA,BRAHMAPUTRA,BRAMAPUTRA,Dhansiri,26.23000000,94.26083333,15-08-2022 13:00,0.5
620,620,Doyang Hep Reservoir,CWC,13,Nagaland,250,WOKHA,WOKHA,-,-,Dhansiri,Brahmaputra,BRAHMAPUTRA,BRAHMAPUTRA,BRAMAPUTRA,Dhansiri,26.23000000,94.26083333,15-08-2022 14:00,0.5
621,621,Doyang Hep Reservoir,CWC,13,Nagaland,250,WOKHA,WOKHA,-,-,Dhansiri,Brahmaputra,BRAHMAPUTRA,BRAHMAPUTRA,BRAMAPUTRA,Dhansiri,26.23000000,94.26083333,15-08-2022 15:00,0.5
622,622,Doyang Hep Reservoir,CWC,13,Nagaland,250,WOKHA,WOKHA,-,-,Dhansiri,Brahmaputra,BRAHMAPUTRA,BRAHMAPUTRA,BRAMAPUTRA,Dhansiri,26.23000000,94.26083333,15-08-2022 16:00,0.5
623,623,Doyang Hep Reservoir,CWC,13,Nagaland,250,WOKHA,WOKHA,-,-,Dhansiri,Brahmaputra,BRAHMAPUTRA,BRAHMAPUTRA,BRAMAPUTRA,Dhansiri,26.23000000,94.26083333,15-08-2022 17:00,1
624,624,Doyang Hep Reservoir,CWC,13,Nagaland,250,WOKHA,WOKHA,-,-,Dhansiri,Brahmaputra,BRAHMAPUTRA,BRAHMAPUTRA,BRAMAPUTRA,Dhansiri,26.23000000,94.26083333,15-08-2022 17:44,1
625,625,Doyang Hep Reservoir,CWC,13,Nagaland,250,WOKHA,WOKHA,-,-,Dhansiri,Brahmaputra,BRAHMAPUTRA,BRAHMAPUTRA,BRAMAPUTRA,Dhansiri,26.23000000,94.26083333,15-08-2022 18:00,1
626,626,Doyang Hep Reservoir,CWC,13,Nagaland,250,WOKHA,WOKHA,-,-,Dhansiri,Brahmaputra,BRAHMAPUTRA,BRAHMAPUTRA,BRAMAPUTRA,Dhansiri,26.23000000,94.26083333,15-08-2022 19:00,1
627,627,Doyang Hep Reservoir,CWC,13,Nagaland,250,WOKHA,WOKHA,-,-,Dhansiri,Brahmaputra,BRAHMAPUTRA,BRAHMAPUTRA,BRAMAPUTRA,Dhansiri,26.23000000,94.26083333,15-08-2022 20:00,1
628,628,Doyang Hep Reservoir,CWC,13,Nagaland,250,WOKHA,WOKHA,-,-,Dhansiri,Brahmaputra,BRAHMAPUTRA,BRAHMAPUTRA,BRAMAPUTRA,Dhansiri,26.23000000,94.26083333,15-08-2022 21:00,4.5
629,629,Doyang Hep Reservoir,CWC,13,Nagaland,250,WOKHA,WOKHA,-,-,Dhansiri,Brahmaputra,BRAHMAPUTRA,BRAHMAPUTRA,BRAMAPUTRA,Dhansiri,26.23000000,94.26083333,15-08-2022 22:00,5
630,630,Doyang Hep Reservoir,CWC,13,Nagaland,250,WOKHA,WOKHA,-,-,Dhansiri,Brahmaputra,BRAHMAPUTRA,BRAHMAPUTRA,BRAMAPUTRA,Dhansiri,26.23000000,94.26083333,15-08-2022 23:00,5
631,631,Doyang Hep Reservoir,CWC,13,Nagaland,250,WOKHA,WOKHA,-,-,Dhansiri,Brahmaputra,BRAHMAPUTRA,BRAHMAPUTRA,BRAMAPUTRA,Dhansiri,26.23000000,94.26083333,16-08-2022 00:00,5
632,632,Doyang Hep Reservoir,CWC,13,Nagaland,250,WOKHA,WOKHA,-,-,Dhansiri,Brahmaputra,BRAHMAPUTRA,BRAHMAPUTRA,BRAMAPUTRA,Dhansiri,26.23000000,94.26083333,16-08-2022 01:00,5
633,633,Doyang Hep Reservoir,CWC,13,Nagaland,250,WOKHA,WOKHA,-,-,Dhansiri,Brahmaputra,BRAHMAPUTRA,BRAHMAPUTRA,BRAMAPUTRA,Dhansiri,26.23000000,94.26083333,16-08-2022 02:00,5
634,634,Doyang Hep Reservoir,CWC,13,Nagaland,250,WOKHA,WOKHA,-,-,Dhansiri,Brahmaputra,BRAHMAPUTRA,BRAHMAPUTRA,BRAMAPUTRA,Dhansiri,26.23000000,94.26083333,16-08-2022 03:00,5
635,635,Doyang Hep Reservoir,CWC,13,Nagaland,250,WOKHA,WOKHA,-,-,Dhansiri,Brahmaputra,BRAHMAPUTRA,BRAHMAPUTRA,BRAMAPUTRA,Dhansiri,26.23000000,94.26083333,18-08-2022 07:00,0.5
636,636,Doyang Hep Reservoir,CWC,13,Nagaland,250,WOKHA,WOKHA,-,-,Dhansiri,Brahmaputra,BRAHMAPUTRA,BRAHMAPUTRA,BRAMAPUTRA,Dhansiri,26.23000000,94.26083333,18-08-2022 08:00,0.5
637,637,Doyang Hep Reservoir,CWC,13,Nagaland,250,WOKHA,WOKHA,-,-,Dhansiri,Brahmaputra,BRAHMAPUTRA,BRAHMAPUTRA,BRAMAPUTRA,Dhansiri,26.23000000,94.26083333,18-08-2022 09:00,1
638,638,Doyang Hep Reservoir,CWC,13,Nagaland,250,WOKHA,WOKHA,-,-,Dhansiri,Brahmaputra,BRAHMAPUTRA,BRAHMAPUTRA,BRAMAPUTRA,Dhansiri,26.23000000,94.26083333,18-08-2022 10:00,1
639,639,Doyang Hep Reservoir,CWC,13,Nagaland,250,WOKHA,WOKHA,-,-,Dhansiri,Brahmaputra,BRAHMAPUTRA,BRAHMAPUTRA,BRAMAPUTRA,Dhansiri,26.23000000,94.26083333,18-08-2022 11:00,1
640,640,Doyang Hep Reservoir,CWC,13,Nagaland,250,WOKHA,WOKHA,-,-,Dhansiri,Brahmaputra,BRAHMAPUTRA,BRAHMAPUTRA,BRAMAPUTRA,Dhansiri,26.23000000,94.26083333,18-08-2022 12:00,1
641,641,Doyang Hep Reservoir,CWC,13,Nagaland,250,WOKHA,WOKHA,-,-,Dhansiri,Brahmaputra,BRAHMAPUTRA,BRAHMAPUTRA,BRAMAPUTRA,Dhansiri,26.23000000,94.26083333,18-08-2022 13:00,1
642,642,Doyang Hep Reservoir,CWC,13,Nagaland,250,WOKHA,WOKHA,-,-,Dhansiri,Brahmaputra,BRAHMAPUTRA,BRAHMAPUTRA,BRAMAPUTRA,Dhansiri,26.23000000,94.26083333,18-08-2022 14:00,1
643,643,Doyang Hep Reservoir,CWC,13,Nagaland,250,WOKHA,WOKHA,-,-,Dhansiri,Brahmaputra,BRAHMAPUTRA,BRAHMAPUTRA,BRAMAPUTRA,Dhansiri,26.23000000,94.26083333,18-08-2022 15:00,1
644,644,Doyang Hep Reservoir,CWC,13,Nagaland,250,WOKHA,WOKHA,-,-,Dhansiri,Brahmaputra,BRAHMAPUTRA,BRAHMAPUTRA,BRAMAPUTRA,Dhansiri,26.23000000,94.26083333,18-08-2022 16:00,1
645,645,Doyang Hep Reservoir,CWC,13,Nagaland,250,WOKHA,WOKHA,-,-,Dhansiri,Brahmaputra,BRAHMAPUTRA,BRAHMAPUTRA,BRAMAPUTRA,Dhansiri,26.23000000,94.26083333,18-08-2022 17:00,1
646,646,Doyang Hep Reservoir,CWC,13,Nagaland,250,WOKHA,WOKHA,-,-,Dhansiri,Brahmaputra,BRAHMAPUTRA,BRAHMAPUTRA,BRAMAPUTRA,Dhansiri,26.23000000,94.26083333,18-08-2022 18:00,1
647,647,Doyang Hep Reservoir,CWC,13,Nagaland,250,WOKHA,WOKHA,-,-,Dhansiri,Brahmaputra,BRAHMAPUTRA,BRAHMAPUTRA,BRAMAPUTRA,Dhansiri,26.23000000,94.26083333,18-08-2022 19:00,1
648,648,Doyang Hep Reservoir,CWC,13,Nagaland,250,WOKHA,WOKHA,-,-,Dhansiri,Brahmaputra,BRAHMAPUTRA,BRAHMAPUTRA,BRAMAPUTRA,Dhansiri,26.23000000,94.26083333,18-08-2022 20:00,1
649,649,Doyang Hep Reservoir,CWC,13,Nagaland,250,WOKHA,WOKHA,-,-,Dhansiri,Brahmaputra,BRAHMAPUTRA,BRAHMAPUTRA,BRAMAPUTRA,Dhansiri,26.23000000,94.26083333,18-08-2022 21:00,1
650,650,Doyang Hep Reservoir,CWC,13,Nagaland,250,WOKHA,WOKHA,-,-,Dhansiri,Brahmaputra,BRAHMAPUTRA,BRAHMAPUTRA,BRAMAPUTRA,Dhansiri,26.23000000,94.26083333,18-08-2022 22:00,1
651,651,Doyang Hep Reservoir,CWC,13,Nagaland,250,WOKHA,WOKHA,-,-,Dhansiri,Brahmaputra,BRAHMAPUTRA,BRAHMAPUTRA,BRAMAPUTRA,Dhansiri,26.23000000,94.26083333,18-08-2022 23:00,1
652,652,Doyang Hep Reservoir,CWC,13,Nagaland,250,WOKHA,WOKHA,-,-,Dhansiri,Brahmaputra,BRAHMAPUTRA,BRAHMAPUTRA,BRAMAPUTRA,Dhansiri,26.23000000,94.26083333,19-08-2022 00:00,1
653,653,Doyang Hep Reservoir,CWC,13,Nagaland,250,WOKHA,WOKHA,-,-,Dhansiri,Brahmaputra,BRAHMAPUTRA,BRAHMAPUTRA,BRAMAPUTRA,Dhansiri,26.23000000,94.26083333,19-08-2022 01:00,1
654,654,Doyang Hep Reservoir,CWC,13,Nagaland,250,WOKHA,WOKHA,-,-,Dhansiri,Brahmaputra,BRAHMAPUTRA,BRAHMAPUTRA,BRAMAPUTRA,Dhansiri,26.23000000,94.26083333,19-08-2022 02:00,1
655,655,Doyang Hep Reservoir,CWC,13,Nagaland,250,WOKHA,WOKHA,-,-,Dhansiri,Brahmaputra,BRAHMAPUTRA,BRAHMAPUTRA,BRAMAPUTRA,Dhansiri,26.23000000,94.26083333,19-08-2022 08:00,1.5
656,656,Doyang Hep Reservoir,CWC,13,Nagaland,250,WOKHA,WOKHA,-,-,Dhansiri,Brahmaputra,BRAHMAPUTRA,BRAHMAPUTRA,BRAMAPUTRA,Dhansiri,26.23000000,94.26083333,19-08-2022 09:00,1.5
657,657,Doyang Hep Reservoir,CWC,13,Nagaland,250,WOKHA,WOKHA,-,-,Dhansiri,Brahmaputra,BRAHMAPUTRA,BRAHMAPUTRA,BRAMAPUTRA,Dhansiri,26.23000000,94.26083333,19-08-2022 10:00,1.5
658,658,Doyang Hep Reservoir,CWC,13,Nagaland,250,WOKHA,WOKHA,-,-,Dhansiri,Brahmaputra,BRAHMAPUTRA,BRAHMAPUTRA,BRAMAPUTRA,Dhansiri,26.23000000,94.26083333,19-08-2022 11:00,1.5
659,659,Doyang Hep Reservoir,CWC,13,Nagaland,250,WOKHA,WOKHA,-,-,Dhansiri,Brahmaputra,BRAHMAPUTRA,BRAHMAPUTRA,BRAMAPUTRA,Dhansiri,26.23000000,94.26083333,19-08-2022 12:00,1.5
660,660,Doyang Hep Reservoir,CWC,13,Nagaland,250,WOKHA,WOKHA,-,-,Dhansiri,Brahmaputra,BRAHMAPUTRA,BRAHMAPUTRA,BRAMAPUTRA,Dhansiri,26.23000000,94.26083333,19-08-2022 13:00,1.5
661,661,Doyang Hep Reservoir,CWC,13,Nagaland,250,WOKHA,WOKHA,-,-,Dhansiri,Brahmaputra,BRAHMAPUTRA,BRAHMAPUTRA,BRAMAPUTRA,Dhansiri,26.23000000,94.26083333,19-08-2022 14:00,1.5
662,662,Doyang Hep Reservoir,CWC,13,Nagaland,250,WOKHA,WOKHA,-,-,Dhansiri,Brahmaputra,BRAHMAPUTRA,BRAHMAPUTRA,BRAMAPUTRA,Dhansiri,26.23000000,94.26083333,19-08-2022 15:00,1.5
663,663,Doyang Hep Reservoir,CWC,13,Nagaland,250,WOKHA,WOKHA,-,-,Dhansiri,Brahmaputra,BRAHMAPUTRA,BRAHMAPUTRA,BRAMAPUTRA,Dhansiri,26.23000000,94.26083333,19-08-2022 16:00,1.5
664,664,Doyang Hep Reservoir,CWC,13,Nagaland,250,WOKHA,WOKHA,-,-,Dhansiri,Brahmaputra,BRAHMAPUTRA,BRAHMAPUTRA,BRAMAPUTRA,Dhansiri,26.23000000,94.26083333,19-08-2022 17:00,1.5
665,665,Doyang Hep Reservoir,CWC,13,Nagaland,250,WOKHA,WOKHA,-,-,Dhansiri,Brahmaputra,BRAHMAPUTRA,BRAHMAPUTRA,BRAMAPUTRA,Dhansiri,26.23000000,94.26083333,19-08-2022 18:00,1.5
666,666,Doyang Hep Reservoir,CWC,13,Nagaland,250,WOKHA,WOKHA,-,-,Dhansiri,Brahmaputra,BRAHMAPUTRA,BRAHMAPUTRA,BRAMAPUTRA,Dhansiri,26.23000000,94.26083333,19-08-2022 19:00,1.5
667,667,Doyang Hep Reservoir,CWC,13,Nagaland,250,WOKHA,WOKHA,-,-,Dhansiri,Brahmaputra,BRAHMAPUTRA,BRAHMAPUTRA,BRAMAPUTRA,Dhansiri,26.23000000,94.26083333,19-08-2022 20:00,1.5
668,668,Doyang Hep Reservoir,CWC,13,Nagaland,250,WOKHA,WOKHA,-,-,Dhansiri,Brahmaputra,BRAHMAPUTRA,BRAHMAPUTRA,BRAMAPUTRA,Dhansiri,26.23000000,94.26083333,19-08-2022 21:00,1.5
669,669,Doyang Hep Reservoir,CWC,13,Nagaland,250,WOKHA,WOKHA,-,-,Dhansiri,Brahmaputra,BRAHMAPUTRA,BRAHMAPUTRA,BRAMAPUTRA,Dhansiri,26.23000000,94.26083333,19-08-2022 22:00,1.5
670,670,Doyang Hep Reservoir,CWC,13,Nagaland,250,WOKHA,WOKHA,-,-,Dhansiri,Brahmaputra,BRAHMAPUTRA,BRAHMAPUTRA,BRAMAPUTRA,Dhansiri,26.23000000,94.26083333,19-08-2022 23:00,1.5
671,671,Doyang Hep Reservoir,CWC,13,Nagaland,250,WOKHA,WOKHA,-,-,Dhansiri,Brahmaputra,BRAHMAPUTRA,BRAHMAPUTRA,BRAMAPUTRA,Dhansiri,26.23000000,94.26083333,20-08-2022 00:00,1.5
672,672,Doyang Hep Reservoir,CWC,13,Nagaland,250,WOKHA,WOKHA,-,-,Dhansiri,Brahmaputra,BRAHMAPUTRA,BRAHMAPUTRA,BRAMAPUTRA,Dhansiri,26.23000000,94.26083333,20-08-2022 01:00,1.5
673,673,Doyang Hep Reservoir,CWC,13,Nagaland,250,WOKHA,WOKHA,-,-,Dhansiri,Brahmaputra,BRAHMAPUTRA,BRAHMAPUTRA,BRAMAPUTRA,Dhansiri,26.23000000,94.26083333,20-08-2022 02:00,1.5
674,674,Doyang Hep Reservoir,CWC,13,Nagaland,250,WOKHA,WOKHA,-,-,Dhansiri,Brahmaputra,BRAHMAPUTRA,BRAHMAPUTRA,BRAMAPUTRA,Dhansiri,26.23000000,94.26083333,20-08-2022 03:00,1.5
675,675,Doyang Hep Reservoir,CWC,13,Nagaland,250,WOKHA,WOKHA,-,-,Dhansiri,Brahmaputra,BRAHMAPUTRA,BRAHMAPUTRA,BRAMAPUTRA,Dhansiri,26.23000000,94.26083333,20-08-2022 18:00,1
676,676,Doyang Hep Reservoir,CWC,13,Nagaland,250,WOKHA,WOKHA,-,-,Dhansiri,Brahmaputra,BRAHMAPUTRA,BRAHMAPUTRA,BRAMAPUTRA,Dhansiri,26.23000000,94.26083333,20-08-2022 19:00,1.5
677,677,Doyang Hep Reservoir,CWC,13,Nagaland,250,WOKHA,WOKHA,-,-,Dhansiri,Brahmaputra,BRAHMAPUTRA,BRAHMAPUTRA,BRAMAPUTRA,Dhansiri,26.23000000,94.26083333,20-08-2022 20:00,1.5
678,678,Doyang Hep Reservoir,CWC,13,Nagaland,250,WOKHA,WOKHA,-,-,Dhansiri,Brahmaputra,BRAHMAPUTRA,BRAHMAPUTRA,BRAMAPUTRA,Dhansiri,26.23000000,94.26083333,20-08-2022 21:00,1.5
679,679,Doyang Hep Reservoir,CWC,13,Nagaland,250,WOKHA,WOKHA,-,-,Dhansiri,Brahmaputra,BRAHMAPUTRA,BRAHMAPUTRA,BRAMAPUTRA,Dhansiri,26.23000000,94.26083333,20-08-2022 22:00,2
680,680,Doyang Hep Reservoir,CWC,13,Nagaland,250,WOKHA,WOKHA,-,-,Dhansiri,Brahmaputra,BRAHMAPUTRA,BRAHMAPUTRA,BRAMAPUTRA,Dhansiri,26.23000000,94.26083333,21-08-2022 00:00,2
681,681,Doyang Hep Reservoir,CWC,13,Nagaland,250,WOKHA,WOKHA,-,-,Dhansiri,Brahmaputra,BRAHMAPUTRA,BRAHMAPUTRA,BRAMAPUTRA,Dhansiri,26.23000000,94.26083333,21-08-2022 01:00,2
682,682,Doyang Hep Reservoir,CWC,13,Nagaland,250,WOKHA,WOKHA,-,-,Dhansiri,Brahmaputra,BRAHMAPUTRA,BRAHMAPUTRA,BRAMAPUTRA,Dhansiri,26.23000000,94.26083333,21-08-2022 02:00,2
683,683,Doyang Hep Reservoir,CWC,13,Nagaland,250,WOKHA,WOKHA,-,-,Dhansiri,Brahmaputra,BRAHMAPUTRA,BRAHMAPUTRA,BRAMAPUTRA,Dhansiri,26.23000000,94.26083333,21-08-2022 03:00,2
684,684,Doyang Hep Reservoir,CWC,13,Nagaland,250,WOKHA,WOKHA,-,-,Dhansiri,Brahmaputra,BRAHMAPUTRA,BRAHMAPUTRA,BRAMAPUTRA,Dhansiri,26.23000000,94.26083333,21-08-2022 22:00,17.5
685,685,Doyang Hep Reservoir,CWC,13,Nagaland,250,WOKHA,WOKHA,-,-,Dhansiri,Brahmaputra,BRAHMAPUTRA,BRAHMAPUTRA,BRAMAPUTRA,Dhansiri,26.23000000,94.26083333,21-08-2022 23:00,17.5
686,686,Doyang Hep Reservoir,CWC,13,Nagaland,250,WOKHA,WOKHA,-,-,Dhansiri,Brahmaputra,BRAHMAPUTRA,BRAHMAPUTRA,BRAMAPUTRA,Dhansiri,26.23000000,94.26083333,22-08-2022 00:00,17.5
687,687,Doyang Hep Reservoir,CWC,13,Nagaland,250,WOKHA,WOKHA,-,-,Dhansiri,Brahmaputra,BRAHMAPUTRA,BRAHMAPUTRA,BRAMAPUTRA,Dhansiri,26.23000000,94.26083333,22-08-2022 01:00,17.5
688,688,Doyang Hep Reservoir,CWC,13,Nagaland,250,WOKHA,WOKHA,-,-,Dhansiri,Brahmaputra,BRAHMAPUTRA,BRAHMAPUTRA,BRAMAPUTRA,Dhansiri,26.23000000,94.26083333,22-08-2022 02:00,17.5
689,689,Doyang Hep Reservoir,CWC,13,Nagaland,250,WOKHA,WOKHA,-,-,Dhansiri,Brahmaputra,BRAHMAPUTRA,BRAHMAPUTRA,BRAMAPUTRA,Dhansiri,26.23000000,94.26083333,22-08-2022 03:00,17.5
690,690,Doyang Hep Reservoir,CWC,13,Nagaland,250,WOKHA,WOKHA,-,-,Dhansiri,Brahmaputra,BRAHMAPUTRA,BRAHMAPUTRA,BRAMAPUTRA,Dhansiri,26.23000000,94.26083333,23-08-2022 17:00,0.5
691,691,Doyang Hep Reservoir,CWC,13,Nagaland,250,WOKHA,WOKHA,-,-,Dhansiri,Brahmaputra,BRAHMAPUTRA,BRAHMAPUTRA,BRAMAPUTRA,Dhansiri,26.23000000,94.26083333,23-08-2022 18:00,0.5
692,692,Doyang Hep Reservoir,CWC,13,Nagaland,250,WOKHA,WOKHA,-,-,Dhansiri,Brahmaputra,BRAHMAPUTRA,BRAHMAPUTRA,BRAMAPUTRA,Dhansiri,26.23000000,94.26083333,23-08-2022 19:00,0.5
693,693,Doyang Hep Reservoir,CWC,13,Nagaland,250,WOKHA,WOKHA,-,-,Dhansiri,Brahmaputra,BRAHMAPUTRA,BRAHMAPUTRA,BRAMAPUTRA,Dhansiri,26.23000000,94.26083333,23-08-2022 20:00,0.5
694,694,Doyang Hep Reservoir,CWC,13,Nagaland,250,WOKHA,WOKHA,-,-,Dhansiri,Brahmaputra,BRAHMAPUTRA,BRAHMAPUTRA,BRAMAPUTRA,Dhansiri,26.23000000,94.26083333,23-08-2022 21:00,0.5
695,695,Doyang Hep Reservoir,CWC,13,Nagaland,250,WOKHA,WOKHA,-,-,Dhansiri,Brahmaputra,BRAHMAPUTRA,BRAHMAPUTRA,BRAMAPUTRA,Dhansiri,26.23000000,94.26083333,23-08-2022 22:00,0.5
696,696,Doyang Hep Reservoir,CWC,13,Nagaland,250,WOKHA,WOKHA,-,-,Dhansiri,Brahmaputra,BRAHMAPUTRA,BRAHMAPUTRA,BRAMAPUTRA,Dhansiri,26.23000000,94.26083333,23-08-2022 23:00,0.5
697,697,Doyang Hep Reservoir,CWC,13,Nagaland,250,WOKHA,WOKHA,-,-,Dhansiri,Brahmaputra,BRAHMAPUTRA,BRAHMAPUTRA,BRAMAPUTRA,Dhansiri,26.23000000,94.26083333,24-08-2022 00:00,0.5
698,698,Doyang Hep Reservoir,CWC,13,Nagaland,250,WOKHA,WOKHA,-,-,Dhansiri,Brahmaputra,BRAHMAPUTRA,BRAHMAPUTRA,BRAMAPUTRA,Dhansiri,26.23000000,94.26083333,24-08-2022 01:00,0.5
699,699,Doyang Hep Reservoir,CWC,13,Nagaland,250,WOKHA,WOKHA,-,-,Dhansiri,Brahmaputra,BRAHMAPUTRA,BRAHMAPUTRA,BRAMAPUTRA,Dhansiri,26.23000000,94.26083333,24-08-2022 02:00,0.5
700,700,Doyang Hep Reservoir,CWC,13,Nagaland,250,WOKHA,WOKHA,-,-,Dhansiri,Brahmaputra,BRAHMAPUTRA,BRAHMAPUTRA,BRAMAPUTRA,Dhansiri,26.23000000,94.26083333,24-08-2022 03:00,0.5
701,701,Doyang Hep Reservoir,CWC,13,Nagaland,250,WOKHA,WOKHA,-,-,Dhansiri,Brahmaputra,BRAHMAPUTRA,BRAHMAPUTRA,BRAMAPUTRA,Dhansiri,26.23000000,94.26083333,24-08-2022 23:00,1
702,702,Doyang Hep Reservoir,CWC,13,Nagaland,250,WOKHA,WOKHA,-,-,Dhansiri,Brahmaputra,BRAHMAPUTRA,BRAHMAPUTRA,BRAMAPUTRA,Dhansiri,26.23000000,94.26083333,25-08-2022 00:00,1
703,703,Doyang Hep Reservoir,CWC,13,Nagaland,250,WOKHA,WOKHA,-,-,Dhansiri,Brahmaputra,BRAHMAPUTRA,BRAHMAPUTRA,BRAMAPUTRA,Dhansiri,26.23000000,94.26083333,25-08-2022 01:00,1
704,704,Doyang Hep Reservoir,CWC,13,Nagaland,250,WOKHA,WOKHA,-,-,Dhansiri,Brahmaputra,BRAHMAPUTRA,BRAHMAPUTRA,BRAMAPUTRA,Dhansiri,26.23000000,94.26083333,25-08-2022 02:00,1
705,705,Doyang Hep Reservoir,CWC,13,Nagaland,250,WOKHA,WOKHA,-,-,Dhansiri,Brahmaputra,BRAHMAPUTRA,BRAHMAPUTRA,BRAMAPUTRA,Dhansiri,26.23000000,94.26083333,25-08-2022 03:00,1
706,706,Doyang Hep Reservoir,CWC,13,Nagaland,250,WOKHA,WOKHA,-,-,Dhansiri,Brahmaputra,BRAHMAPUTRA,BRAHMAPUTRA,BRAMAPUTRA,Dhansiri,26.23000000,94.26083333,25-08-2022 22:00,5
707,707,Doyang Hep Reservoir,CWC,13,Nagaland,250,WOKHA,WOKHA,-,-,Dhansiri,Brahmaputra,BRAHMAPUTRA,BRAHMAPUTRA,BRAMAPUTRA,Dhansiri,26.23000000,94.26083333,26-08-2022 00:00,5
708,708,Doyang Hep Reservoir,CWC,13,Nagaland,250,WOKHA,WOKHA,-,-,Dhansiri,Brahmaputra,BRAHMAPUTRA,BRAHMAPUTRA,BRAMAPUTRA,Dhansiri,26.23000000,94.26083333,26-08-2022 01:00,5
709,709,Doyang Hep Reservoir,CWC,13,Nagaland,250,WOKHA,WOKHA,-,-,Dhansiri,Brahmaputra,BRAHMAPUTRA,BRAHMAPUTRA,BRAMAPUTRA,Dhansiri,26.23000000,94.26083333,26-08-2022 02:00,5
710,710,Doyang Hep Reservoir,CWC,13,Nagaland,250,WOKHA,WOKHA,-,-,Dhansiri,Brahmaputra,BRAHMAPUTRA,BRAHMAPUTRA,BRAMAPUTRA,Dhansiri,26.23000000,94.26083333,26-08-2022 03:00,5
711,711,Doyang Hep Reservoir,CWC,13,Nagaland,250,WOKHA,WOKHA,-,-,Dhansiri,Brahmaputra,BRAHMAPUTRA,BRAHMAPUTRA,BRAMAPUTRA,Dhansiri,26.23000000,94.26083333,26-08-2022 23:00,1
712,712,Doyang Hep Reservoir,CWC,13,Nagaland,250,WOKHA,WOKHA,-,-,Dhansiri,Brahmaputra,BRAHMAPUTRA,BRAHMAPUTRA,BRAMAPUTRA,Dhansiri,26.23000000,94.26083333,27-08-2022 00:00,1.5
713,713,Doyang Hep Reservoir,CWC,13,Nagaland,250,WOKHA,WOKHA,-,-,Dhansiri,Brahmaputra,BRAHMAPUTRA,BRAHMAPUTRA,BRAMAPUTRA,Dhansiri,26.23000000,94.26083333,27-08-2022 01:00,1.5
714,714,Doyang Hep Reservoir,CWC,13,Nagaland,250,WOKHA,WOKHA,-,-,Dhansiri,Brahmaputra,BRAHMAPUTRA,BRAHMAPUTRA,BRAMAPUTRA,Dhansiri,26.23000000,94.26083333,27-08-2022 02:00,2
715,715,Doyang Hep Reservoir,CWC,13,Nagaland,250,WOKHA,WOKHA,-,-,Dhansiri,Brahmaputra,BRAHMAPUTRA,BRAHMAPUTRA,BRAMAPUTRA,Dhansiri,26.23000000,94.26083333,27-08-2022 03:00,2
716,716,Doyang Hep Reservoir,CWC,13,Nagaland,250,WOKHA,WOKHA,-,-,Dhansiri,Brahmaputra,BRAHMAPUTRA,BRAHMAPUTRA,BRAMAPUTRA,Dhansiri,26.23000000,94.26083333,27-08-2022 08:00,7.5
717,717,Doyang Hep Reservoir,CWC,13,Nagaland,250,WOKHA,WOKHA,-,-,Dhansiri,Brahmaputra,BRAHMAPUTRA,BRAHMAPUTRA,BRAMAPUTRA,Dhansiri,26.23000000,94.26083333,27-08-2022 09:00,8.5
718,718,Doyang Hep Reservoir,CWC,13,Nagaland,250,WOKHA,WOKHA,-,-,Dhansiri,Brahmaputra,BRAHMAPUTRA,BRAHMAPUTRA,BRAMAPUTRA,Dhansiri,26.23000000,94.26083333,27-08-2022 10:00,8.5
719,719,Doyang Hep Reservoir,CWC,13,Nagaland,250,WOKHA,WOKHA,-,-,Dhansiri,Brahmaputra,BRAHMAPUTRA,BRAHMAPUTRA,BRAMAPUTRA,Dhansiri,26.23000000,94.26083333,27-08-2022 11:00,8.5
720,720,Doyang Hep Reservoir,CWC,13,Nagaland,250,WOKHA,WOKHA,-,-,Dhansiri,Brahmaputra,BRAHMAPUTRA,BRAHMAPUTRA,BRAMAPUTRA,Dhansiri,26.23000000,94.26083333,27-08-2022 12:00,8.5
721,721,Doyang Hep Reservoir,CWC,13,Nagaland,250,WOKHA,WOKHA,-,-,Dhansiri,Brahmaputra,BRAHMAPUTRA,BRAHMAPUTRA,BRAMAPUTRA,Dhansiri,26.23000000,94.26083333,27-08-2022 13:00,8.5
722,722,Doyang Hep Reservoir,CWC,13,Nagaland,250,WOKHA,WOKHA,-,-,Dhansiri,Brahmaputra,BRAHMAPUTRA,BRAHMAPUTRA,BRAMAPUTRA,Dhansiri,26.23000000,94.26083333,27-08-2022 14:00,8.5
723,723,Doyang Hep Reservoir,CWC,13,Nagaland,250,WOKHA,WOKHA,-,-,Dhansiri,Brahmaputra,BRAHMAPUTRA,BRAHMAPUTRA,BRAMAPUTRA,Dhansiri,26.23000000,94.26083333,27-08-2022 15:00,8.5
724,724,Doyang Hep Reservoir,CWC,13,Nagaland,250,WOKHA,WOKHA,-,-,Dhansiri,Brahmaputra,BRAHMAPUTRA,BRAHMAPUTRA,BRAMAPUTRA,Dhansiri,26.23000000,94.26083333,27-08-2022 16:00,8.5
725,725,Doyang Hep Reservoir,CWC,13,Nagaland,250,WOKHA,WOKHA,-,-,Dhansiri,Brahmaputra,BRAHMAPUTRA,BRAHMAPUTRA,BRAMAPUTRA,Dhansiri,26.23000000,94.26083333,27-08-2022 19:00,8.5
726,726,Doyang Hep Reservoir,CWC,13,Nagaland,250,WOKHA,WOKHA,-,-,Dhansiri,Brahmaputra,BRAHMAPUTRA,BRAHMAPUTRA,BRAMAPUTRA,Dhansiri,26.23000000,94.26083333,27-08-2022 20:00,9
727,727,Doyang Hep Reservoir,CWC,13,Nagaland,250,WOKHA,WOKHA,-,-,Dhansiri,Brahmaputra,BRAHMAPUTRA,BRAHMAPUTRA,BRAMAPUTRA,Dhansiri,26.23000000,94.26083333,28-08-2022 03:00,27
728,728,Doyang Hep Reservoir,CWC,13,Nagaland,250,WOKHA,WOKHA,-,-,Dhansiri,Brahmaputra,BRAHMAPUTRA,BRAHMAPUTRA,BRAMAPUTRA,Dhansiri,26.23000000,94.26083333,28-08-2022 07:00,2
729,729,Doyang Hep Reservoir,CWC,13,Nagaland,250,WOKHA,WOKHA,-,-,Dhansiri,Brahmaputra,BRAHMAPUTRA,BRAHMAPUTRA,BRAMAPUTRA,Dhansiri,26.23000000,94.26083333,28-08-2022 08:00,2
730,730,Doyang Hep Reservoir,CWC,13,Nagaland,250,WOKHA,WOKHA,-,-,Dhansiri,Brahmaputra,BRAHMAPUTRA,BRAHMAPUTRA,BRAMAPUTRA,Dhansiri,26.23000000,94.26083333,28-08-2022 10:00,2
731,731,Doyang Hep Reservoir,CWC,13,Nagaland,250,WOKHA,WOKHA,-,-,Dhansiri,Brahmaputra,BRAHMAPUTRA,BRAHMAPUTRA,BRAMAPUTRA,Dhansiri,26.23000000,94.26083333,28-08-2022 11:00,2
732,732,Doyang Hep Reservoir,CWC,13,Nagaland,250,WOKHA,WOKHA,-,-,Dhansiri,Brahmaputra,BRAHMAPUTRA,BRAHMAPUTRA,BRAMAPUTRA,Dhansiri,26.23000000,94.26083333,28-08-2022 13:00,2
733,733,Doyang Hep Reservoir,CWC,13,Nagaland,250,WOKHA,WOKHA,-,-,Dhansiri,Brahmaputra,BRAHMAPUTRA,BRAHMAPUTRA,BRAMAPUTRA,Dhansiri,26.23000000,94.26083333,28-08-2022 16:00,2
734,734,Doyang Hep Reservoir,CWC,13,Nagaland,250,WOKHA,WOKHA,-,-,Dhansiri,Brahmaputra,BRAHMAPUTRA,BRAHMAPUTRA,BRAMAPUTRA,Dhansiri,26.23000000,94.26083333,28-08-2022 18:00,2
735,735,Doyang Hep Reservoir,CWC,13,Nagaland,250,WOKHA,WOKHA,-,-,Dhansiri,Brahmaputra,BRAHMAPUTRA,BRAHMAPUTRA,BRAMAPUTRA,Dhansiri,26.23000000,94.26083333,28-08-2022 19:00,2
736,736,Doyang Hep Reservoir,CWC,13,Nagaland,250,WOKHA,WOKHA,-,-,Dhansiri,Brahmaputra,BRAHMAPUTRA,BRAHMAPUTRA,BRAMAPUTRA,Dhansiri,26.23000000,94.26083333,28-08-2022 20:00,2
737,737,Doyang Hep Reservoir,CWC,13,Nagaland,250,WOKHA,WOKHA,-,-,Dhansiri,Brahmaputra,BRAHMAPUTRA,BRAHMAPUTRA,BRAMAPUTRA,Dhansiri,26.23000000,94.26083333,28-08-2022 21:00,2
738,738,Doyang Hep Reservoir,CWC,13,Nagaland,250,WOKHA,WOKHA,-,-,Dhansiri,Brahmaputra,BRAHMAPUTRA,BRAHMAPUTRA,BRAMAPUTRA,Dhansiri,26.23000000,94.26083333,29-08-2022 00:00,2
739,739,Doyang Hep Reservoir,CWC,13,Nagaland,250,WOKHA,WOKHA,-,-,Dhansiri,Brahmaputra,BRAHMAPUTRA,BRAHMAPUTRA,BRAMAPUTRA,Dhansiri,26.23000000,94.26083333,29-08-2022 01:00,2
740,740,Doyang Hep Reservoir,CWC,13,Nagaland,250,WOKHA,WOKHA,-,-,Dhansiri,Brahmaputra,BRAHMAPUTRA,BRAHMAPUTRA,BRAMAPUTRA,Dhansiri,26.23000000,94.26083333,29-08-2022 02:00,2
741,741,Doyang Hep Reservoir,CWC,13,Nagaland,250,WOKHA,WOKHA,-,-,Dhansiri,Brahmaputra,BRAHMAPUTRA,BRAHMAPUTRA,BRAMAPUTRA,Dhansiri,26.23000000,94.26083333,29-08-2022 03:00,2
742,742,Doyang Hep Reservoir,CWC,13,Nagaland,250,WOKHA,WOKHA,-,-,Dhansiri,Brahmaputra,BRAHMAPUTRA,BRAHMAPUTRA,BRAMAPUTRA,Dhansiri,26.23000000,94.26083333,30-08-2022 13:00,13
743,743,Doyang Hep Reservoir,CWC,13,Nagaland,250,WOKHA,WOKHA,-,-,Dhansiri,Brahmaputra,BRAHMAPUTRA,BRAHMAPUTRA,BRAMAPUTRA,Dhansiri,26.23000000,94.26083333,30-08-2022 14:00,13
744,744,Doyang Hep Reservoir,CWC,13,Nagaland,250,WOKHA,WOKHA,-,-,Dhansiri,Brahmaputra,BRAHMAPUTRA,BRAHMAPUTRA,BRAMAPUTRA,Dhansiri,26.23000000,94.26083333,30-08-2022 15:00,13.5
745,745,Doyang Hep Reservoir,CWC,13,Nagaland,250,WOKHA,WOKHA,-,-,Dhansiri,Brahmaputra,BRAHMAPUTRA,BRAHMAPUTRA,BRAMAPUTRA,Dhansiri,26.23000000,94.26083333,30-08-2022 16:00,13.5
746,746,Doyang Hep Reservoir,CWC,13,Nagaland,250,WOKHA,WOKHA,-,-,Dhansiri,Brahmaputra,BRAHMAPUTRA,BRAHMAPUTRA,BRAMAPUTRA,Dhansiri,26.23000000,94.26083333,30-08-2022 17:00,13.5
747,747,Doyang Hep Reservoir,CWC,13,Nagaland,250,WOKHA,WOKHA,-,-,Dhansiri,Brahmaputra,BRAHMAPUTRA,BRAHMAPUTRA,BRAMAPUTRA,Dhansiri,26.23000000,94.26083333,30-08-2022 18:00,13.5
748,748,Doyang Hep Reservoir,CWC,13,Nagaland,250,WOKHA,WOKHA,-,-,Dhansiri,Brahmaputra,BRAHMAPUTRA,BRAHMAPUTRA,BRAMAPUTRA,Dhansiri,26.23000000,94.26083333,30-08-2022 19:00,13.5
749,749,Doyang Hep Reservoir,CWC,13,Nagaland,250,WOKHA,WOKHA,-,-,Dhansiri,Brahmaputra,BRAHMAPUTRA,BRAHMAPUTRA,BRAMAPUTRA,Dhansiri,26.23000000,94.26083333,30-08-2022 20:00,13.5
750,750,Doyang Hep Reservoir,CWC,13,Nagaland,250,WOKHA,WOKHA,-,-,Dhansiri,Brahmaputra,BRAHMAPUTRA,BRAHMAPUTRA,BRAMAPUTRA,Dhansiri,26.23000000,94.26083333,30-08-2022 21:00,13.5
751,751,Doyang Hep Reservoir,CWC,13,Nagaland,250,WOKHA,WOKHA,-,-,Dhansiri,Brahmaputra,BRAHMAPUTRA,BRAHMAPUTRA,BRAMAPUTRA,Dhansiri,26.23000000,94.26083333,30-08-2022 22:00,13.5
752,752,Doyang Hep Reservoir,CWC,13,Nagaland,250,WOKHA,WOKHA,-,-,Dhansiri,Brahmaputra,BRAHMAPUTRA,BRAHMAPUTRA,BRAMAPUTRA,Dhansiri,26.23000000,94.26083333,30-08-2022 23:00,13.5
753,753,Doyang Hep Reservoir,CWC,13,Nagaland,250,WOKHA,WOKHA,-,-,Dhansiri,Brahmaputra,BRAHMAPUTRA,BRAHMAPUTRA,BRAMAPUTRA,Dhansiri,26.23000000,94.26083333,31-08-2022 00:00,13.5
754,754,Doyang Hep Reservoir,CWC,13,Nagaland,250,WOKHA,WOKHA,-,-,Dhansiri,Brahmaputra,BRAHMAPUTRA,BRAHMAPUTRA,BRAMAPUTRA,Dhansiri,26.23000000,94.26083333,31-08-2022 01:00,13.5
755,755,Doyang Hep Reservoir,CWC,13,Nagaland,250,WOKHA,WOKHA,-,-,Dhansiri,Brahmaputra,BRAHMAPUTRA,BRAHMAPUTRA,BRAMAPUTRA,Dhansiri,26.23000000,94.26083333,31-08-2022 02:00,13.5
756,756,Doyang Hep Reservoir,CWC,13,Nagaland,250,WOKHA,WOKHA,-,-,Dhansiri,Brahmaputra,BRAHMAPUTRA,BRAHMAPUTRA,BRAMAPUTRA,Dhansiri,26.23000000,94.26083333,31-08-2022 03:00,13.5
757,757,Doyang Hep Reservoir,CWC,13,Nagaland,250,WOKHA,WOKHA,-,-,Dhansiri,Brahmaputra,BRAHMAPUTRA,BRAHMAPUTRA,BRAMAPUTRA,Dhansiri,26.23000000,94.26083333,31-08-2022 18:00,2
758,758,Doyang Hep Reservoir,CWC,13,Nagaland,250,WOKHA,WOKHA,-,-,Dhansiri,Brahmaputra,BRAHMAPUTRA,BRAHMAPUTRA,BRAMAPUTRA,Dhansiri,26.23000000,94.26083333,31-08-2022 21:00,2
759,759,Doyang Hep Reservoir,CWC,13,Nagaland,250,WOKHA,WOKHA,-,-,Dhansiri,Brahmaputra,BRAHMAPUTRA,BRAHMAPUTRA,BRAMAPUTRA,Dhansiri,26.23000000,94.26083333,31-08-2022 22:00,2
760,760,Doyang Hep Reservoir,CWC,13,Nagaland,250,WOKHA,WOKHA,-,-,Dhansiri,Brahmaputra,BRAHMAPUTRA,BRAHMAPUTRA,BRAMAPUTRA,Dhansiri,26.23000000,94.26083333,01-09-2022 00:00,2
761,761,Doyang Hep Reservoir,CWC,13,Nagaland,250,WOKHA,WOKHA,-,-,Dhansiri,Brahmaputra,BRAHMAPUTRA,BRAHMAPUTRA,BRAMAPUTRA,Dhansiri,26.23000000,94.26083333,01-09-2022 01:00,2
762,762,Doyang Hep Reservoir,CWC,13,Nagaland,250,WOKHA,WOKHA,-,-,Dhansiri,Brahmaputra,BRAHMAPUTRA,BRAHMAPUTRA,BRAMAPUTRA,Dhansiri,26.23000000,94.26083333,01-09-2022 02:00,2
763,763,Doyang Hep Reservoir,CWC,13,Nagaland,250,WOKHA,WOKHA,-,-,Dhansiri,Brahmaputra,BRAHMAPUTRA,BRAHMAPUTRA,BRAMAPUTRA,Dhansiri,26.23000000,94.26083333,01-09-2022 03:00,2
764,764,Doyang Hep Reservoir,CWC,13,Nagaland,250,WOKHA,WOKHA,-,-,Dhansiri,Brahmaputra,BRAHMAPUTRA,BRAHMAPUTRA,BRAMAPUTRA,Dhansiri,26.23000000,94.26083333,01-09-2022 11:00,7
765,765,Doyang Hep Reservoir,CWC,13,Nagaland,250,WOKHA,WOKHA,-,-,Dhansiri,Brahmaputra,BRAHMAPUTRA,BRAHMAPUTRA,BRAMAPUTRA,Dhansiri,26.23000000,94.26083333,01-09-2022 12:00,8
766,766,Doyang Hep Reservoir,CWC,13,Nagaland,250,WOKHA,WOKHA,-,-,Dhansiri,Brahmaputra,BRAHMAPUTRA,BRAHMAPUTRA,BRAMAPUTRA,Dhansiri,26.23000000,94.26083333,01-09-2022 13:00,8
767,767,Doyang Hep Reservoir,CWC,13,Nagaland,250,WOKHA,WOKHA,-,-,Dhansiri,Brahmaputra,BRAHMAPUTRA,BRAHMAPUTRA,BRAMAPUTRA,Dhansiri,26.23000000,94.26083333,01-09-2022 14:00,8
768,768,Doyang Hep Reservoir,CWC,13,Nagaland,250,WOKHA,WOKHA,-,-,Dhansiri,Brahmaputra,BRAHMAPUTRA,BRAHMAPUTRA,BRAMAPUTRA,Dhansiri,26.23000000,94.26083333,01-09-2022 15:00,8
769,769,Doyang Hep Reservoir,CWC,13,Nagaland,250,WOKHA,WOKHA,-,-,Dhansiri,Brahmaputra,BRAHMAPUTRA,BRAHMAPUTRA,BRAMAPUTRA,Dhansiri,26.23000000,94.26083333,01-09-2022 16:00,8
770,770,Doyang Hep Reservoir,CWC,13,Nagaland,250,WOKHA,WOKHA,-,-,Dhansiri,Brahmaputra,BRAHMAPUTRA,BRAHMAPUTRA,BRAMAPUTRA,Dhansiri,26.23000000,94.26083333,01-09-2022 17:00,8
771,771,Doyang Hep Reservoir,CWC,13,Nagaland,250,WOKHA,WOKHA,-,-,Dhansiri,Brahmaputra,BRAHMAPUTRA,BRAHMAPUTRA,BRAMAPUTRA,Dhansiri,26.23000000,94.26083333,01-09-2022 18:00,8
772,772,Doyang Hep Reservoir,CWC,13,Nagaland,250,WOKHA,WOKHA,-,-,Dhansiri,Brahmaputra,BRAHMAPUTRA,BRAHMAPUTRA,BRAMAPUTRA,Dhansiri,26.23000000,94.26083333,01-09-2022 19:00,8
773,773,Doyang Hep Reservoir,CWC,13,Nagaland,250,WOKHA,WOKHA,-,-,Dhansiri,Brahmaputra,BRAHMAPUTRA,BRAHMAPUTRA,BRAMAPUTRA,Dhansiri,26.23000000,94.26083333,01-09-2022 20:00,8
774,774,Doyang Hep Reservoir,CWC,13,Nagaland,250,WOKHA,WOKHA,-,-,Dhansiri,Brahmaputra,BRAHMAPUTRA,BRAHMAPUTRA,BRAMAPUTRA,Dhansiri,26.23000000,94.26083333,01-09-2022 21:00,8
775,775,Doyang Hep Reservoir,CWC,13,Nagaland,250,WOKHA,WOKHA,-,-,Dhansiri,Brahmaputra,BRAHMAPUTRA,BRAHMAPUTRA,BRAMAPUTRA,Dhansiri,26.23000000,94.26083333,01-09-2022 22:00,8
776,776,Doyang Hep Reservoir,CWC,13,Nagaland,250,WOKHA,WOKHA,-,-,Dhansiri,Brahmaputra,BRAHMAPUTRA,BRAHMAPUTRA,BRAMAPUTRA,Dhansiri,26.23000000,94.26083333,02-09-2022 00:00,8
777,777,Doyang Hep Reservoir,CWC,13,Nagaland,250,WOKHA,WOKHA,-,-,Dhansiri,Brahmaputra,BRAHMAPUTRA,BRAHMAPUTRA,BRAMAPUTRA,Dhansiri,26.23000000,94.26083333,02-09-2022 01:00,8
778,778,Doyang Hep Reservoir,CWC,13,Nagaland,250,WOKHA,WOKHA,-,-,Dhansiri,Brahmaputra,BRAHMAPUTRA,BRAHMAPUTRA,BRAMAPUTRA,Dhansiri,26.23000000,94.26083333,02-09-2022 02:00,8
779,779,Doyang Hep Reservoir,CWC,13,Nagaland,250,WOKHA,WOKHA,-,-,Dhansiri,Brahmaputra,BRAHMAPUTRA,BRAHMAPUTRA,BRAMAPUTRA,Dhansiri,26.23000000,94.26083333,02-09-2022 03:00,8
780,780,Doyang Hep Reservoir,CWC,13,Nagaland,250,WOKHA,WOKHA,-,-,Dhansiri,Brahmaputra,BRAHMAPUTRA,BRAHMAPUTRA,BRAMAPUTRA,Dhansiri,26.23000000,94.26083333,05-09-2022 12:00,2.5
781,781,Doyang Hep Reservoir,CWC,13,Nagaland,250,WOKHA,WOKHA,-,-,Dhansiri,Brahmaputra,BRAHMAPUTRA,BRAHMAPUTRA,BRAMAPUTRA,Dhansiri,26.23000000,94.26083333,05-09-2022 13:00,2.5
782,782,Doyang Hep Reservoir,CWC,13,Nagaland,250,WOKHA,WOKHA,-,-,Dhansiri,Brahmaputra,BRAHMAPUTRA,BRAHMAPUTRA,BRAMAPUTRA,Dhansiri,26.23000000,94.26083333,05-09-2022 14:00,2.5
783,783,Doyang Hep Reservoir,CWC,13,Nagaland,250,WOKHA,WOKHA,-,-,Dhansiri,Brahmaputra,BRAHMAPUTRA,BRAHMAPUTRA,BRAMAPUTRA,Dhansiri,26.23000000,94.26083333,05-09-2022 15:00,2.5
784,784,Doyang Hep Reservoir,CWC,13,Nagaland,250,WOKHA,WOKHA,-,-,Dhansiri,Brahmaputra,BRAHMAPUTRA,BRAHMAPUTRA,BRAMAPUTRA,Dhansiri,26.23000000,94.26083333,05-09-2022 16:00,2.5
785,785,Doyang Hep Reservoir,CWC,13,Nagaland,250,WOKHA,WOKHA,-,-,Dhansiri,Brahmaputra,BRAHMAPUTRA,BRAHMAPUTRA,BRAMAPUTRA,Dhansiri,26.23000000,94.26083333,05-09-2022 17:00,2.5
786,786,Doyang Hep Reservoir,CWC,13,Nagaland,250,WOKHA,WOKHA,-,-,Dhansiri,Brahmaputra,BRAHMAPUTRA,BRAHMAPUTRA,BRAMAPUTRA,Dhansiri,26.23000000,94.26083333,05-09-2022 18:00,2.5
787,787,Doyang Hep Reservoir,CWC,13,Nagaland,250,WOKHA,WOKHA,-,-,Dhansiri,Brahmaputra,BRAHMAPUTRA,BRAHMAPUTRA,BRAMAPUTRA,Dhansiri,26.23000000,94.26083333,05-09-2022 19:00,2.5
788,788,Doyang Hep Reservoir,CWC,13,Nagaland,250,WOKHA,WOKHA,-,-,Dhansiri,Brahmaputra,BRAHMAPUTRA,BRAHMAPUTRA,BRAMAPUTRA,Dhansiri,26.23000000,94.26083333,05-09-2022 20:00,3
789,789,Doyang Hep Reservoir,CWC,13,Nagaland,250,WOKHA,WOKHA,-,-,Dhansiri,Brahmaputra,BRAHMAPUTRA,BRAHMAPUTRA,BRAMAPUTRA,Dhansiri,26.23000000,94.26083333,05-09-2022 21:00,3
790,790,Doyang Hep Reservoir,CWC,13,Nagaland,250,WOKHA,WOKHA,-,-,Dhansiri,Brahmaputra,BRAHMAPUTRA,BRAHMAPUTRA,BRAMAPUTRA,Dhansiri,26.23000000,94.26083333,05-09-2022 22:00,3
791,791,Doyang Hep Reservoir,CWC,13,Nagaland,250,WOKHA,WOKHA,-,-,Dhansiri,Brahmaputra,BRAHMAPUTRA,BRAHMAPUTRA,BRAMAPUTRA,Dhansiri,26.23000000,94.26083333,05-09-2022 23:00,3
792,792,Doyang Hep Reservoir,CWC,13,Nagaland,250,WOKHA,WOKHA,-,-,Dhansiri,Brahmaputra,BRAHMAPUTRA,BRAHMAPUTRA,BRAMAPUTRA,Dhansiri,26.23000000,94.26083333,06-09-2022 00:00,3
793,793,Doyang Hep Reservoir,CWC,13,Nagaland,250,WOKHA,WOKHA,-,-,Dhansiri,Brahmaputra,BRAHMAPUTRA,BRAHMAPUTRA,BRAMAPUTRA,Dhansiri,26.23000000,94.26083333,06-09-2022 01:00,3
794,794,Doyang Hep Reservoir,CWC,13,Nagaland,250,WOKHA,WOKHA,-,-,Dhansiri,Brahmaputra,BRAHMAPUTRA,BRAHMAPUTRA,BRAMAPUTRA,Dhansiri,26.23000000,94.26083333,06-09-2022 02:00,3
795,795,Doyang Hep Reservoir,CWC,13,Nagaland,250,WOKHA,WOKHA,-,-,Dhansiri,Brahmaputra,BRAHMAPUTRA,BRAHMAPUTRA,BRAMAPUTRA,Dhansiri,26.23000000,94.26083333,06-09-2022 03:00,3
796,796,Doyang Hep Reservoir,CWC,13,Nagaland,250,WOKHA,WOKHA,-,-,Dhansiri,Brahmaputra,BRAHMAPUTRA,BRAHMAPUTRA,BRAMAPUTRA,Dhansiri,26.23000000,94.26083333,06-09-2022 09:00,5
797,797,Doyang Hep Reservoir,CWC,13,Nagaland,250,WOKHA,WOKHA,-,-,Dhansiri,Brahmaputra,BRAHMAPUTRA,BRAHMAPUTRA,BRAMAPUTRA,Dhansiri,26.23000000,94.26083333,06-09-2022 10:00,5
798,798,Doyang Hep Reservoir,CWC,13,Nagaland,250,WOKHA,WOKHA,-,-,Dhansiri,Brahmaputra,BRAHMAPUTRA,BRAHMAPUTRA,BRAMAPUTRA,Dhansiri,26.23000000,94.26083333,06-09-2022 11:00,5
799,799,Doyang Hep Reservoir,CWC,13,Nagaland,250,WOKHA,WOKHA,-,-,Dhansiri,Brahmaputra,BRAHMAPUTRA,BRAHMAPUTRA,BRAMAPUTRA,Dhansiri,26.23000000,94.26083333,06-09-2022 12:00,5
800,800,Doyang Hep Reservoir,CWC,13,Nagaland,250,WOKHA,WOKHA,-,-,Dhansiri,Brahmaputra,BRAHMAPUTRA,BRAHMAPUTRA,BRAMAPUTRA,Dhansiri,26.23000000,94.26083333,06-09-2022 13:00,5
801,801,Doyang Hep Reservoir,CWC,13,Nagaland,250,WOKHA,WOKHA,-,-,Dhansiri,Brahmaputra,BRAHMAPUTRA,BRAHMAPUTRA,BRAMAPUTRA,Dhansiri,26.23000000,94.26083333,06-09-2022 14:00,5
802,802,Doyang Hep Reservoir,CWC,13,Nagaland,250,WOKHA,WOKHA,-,-,Dhansiri,Brahmaputra,BRAHMAPUTRA,BRAHMAPUTRA,BRAMAPUTRA,Dhansiri,26.23000000,94.26083333,06-09-2022 15:00,5
803,803,Doyang Hep Reservoir,CWC,13,Nagaland,250,WOKHA,WOKHA,-,-,Dhansiri,Brahmaputra,BRAHMAPUTRA,BRAHMAPUTRA,BRAMAPUTRA,Dhansiri,26.23000000,94.26083333,06-09-2022 16:00,5
804,804,Doyang Hep Reservoir,CWC,13,Nagaland,250,WOKHA,WOKHA,-,-,Dhansiri,Brahmaputra,BRAHMAPUTRA,BRAHMAPUTRA,BRAMAPUTRA,Dhansiri,26.23000000,94.26083333,06-09-2022 17:00,5
805,805,Doyang Hep Reservoir,CWC,13,Nagaland,250,WOKHA,WOKHA,-,-,Dhansiri,Brahmaputra,BRAHMAPUTRA,BRAHMAPUTRA,BRAMAPUTRA,Dhansiri,26.23000000,94.26083333,06-09-2022 18:00,5
806,806,Doyang Hep Reservoir,CWC,13,Nagaland,250,WOKHA,WOKHA,-,-,Dhansiri,Brahmaputra,BRAHMAPUTRA,BRAHMAPUTRA,BRAMAPUTRA,Dhansiri,26.23000000,94.26083333,06-09-2022 19:00,5
807,807,Doyang Hep Reservoir,CWC,13,Nagaland,250,WOKHA,WOKHA,-,-,Dhansiri,Brahmaputra,BRAHMAPUTRA,BRAHMAPUTRA,BRAMAPUTRA,Dhansiri,26.23000000,94.26083333,06-09-2022 20:00,5
808,808,Doyang Hep Reservoir,CWC,13,Nagaland,250,WOKHA,WOKHA,-,-,Dhansiri,Brahmaputra,BRAHMAPUTRA,BRAHMAPUTRA,BRAMAPUTRA,Dhansiri,26.23000000,94.26083333,06-09-2022 21:00,5
809,809,Doyang Hep Reservoir,CWC,13,Nagaland,250,WOKHA,WOKHA,-,-,Dhansiri,Brahmaputra,BRAHMAPUTRA,BRAHMAPUTRA,BRAMAPUTRA,Dhansiri,26.23000000,94.26083333,06-09-2022 22:00,5
810,810,Doyang Hep Reservoir,CWC,13,Nagaland,250,WOKHA,WOKHA,-,-,Dhansiri,Brahmaputra,BRAHMAPUTRA,BRAHMAPUTRA,BRAMAPUTRA,Dhansiri,26.23000000,94.26083333,06-09-2022 23:00,5
811,811,Doyang Hep Reservoir,CWC,13,Nagaland,250,WOKHA,WOKHA,-,-,Dhansiri,Brahmaputra,BRAHMAPUTRA,BRAHMAPUTRA,BRAMAPUTRA,Dhansiri,26.23000000,94.26083333,07-09-2022 00:00,5
812,812,Doyang Hep Reservoir,CWC,13,Nagaland,250,WOKHA,WOKHA,-,-,Dhansiri,Brahmaputra,BRAHMAPUTRA,BRAHMAPUTRA,BRAMAPUTRA,Dhansiri,26.23000000,94.26083333,07-09-2022 01:00,5
813,813,Doyang Hep Reservoir,CWC,13,Nagaland,250,WOKHA,WOKHA,-,-,Dhansiri,Brahmaputra,BRAHMAPUTRA,BRAHMAPUTRA,BRAMAPUTRA,Dhansiri,26.23000000,94.26083333,07-09-2022 02:00,5
814,814,Doyang Hep Reservoir,CWC,13,Nagaland,250,WOKHA,WOKHA,-,-,Dhansiri,Brahmaputra,BRAHMAPUTRA,BRAHMAPUTRA,BRAMAPUTRA,Dhansiri,26.23000000,94.26083333,07-09-2022 03:00,5
815,815,Doyang Hep Reservoir,CWC,13,Nagaland,250,WOKHA,WOKHA,-,-,Dhansiri,Brahmaputra,BRAHMAPUTRA,BRAHMAPUTRA,BRAMAPUTRA,Dhansiri,26.23000000,94.26083333,07-09-2022 09:00,0.5
816,816,Doyang Hep Reservoir,CWC,13,Nagaland,250,WOKHA,WOKHA,-,-,Dhansiri,Brahmaputra,BRAHMAPUTRA,BRAHMAPUTRA,BRAMAPUTRA,Dhansiri,26.23000000,94.26083333,07-09-2022 10:00,3.5
817,817,Doyang Hep Reservoir,CWC,13,Nagaland,250,WOKHA,WOKHA,-,-,Dhansiri,Brahmaputra,BRAHMAPUTRA,BRAHMAPUTRA,BRAMAPUTRA,Dhansiri,26.23000000,94.26083333,07-09-2022 11:00,4
818,818,Doyang Hep Reservoir,CWC,13,Nagaland,250,WOKHA,WOKHA,-,-,Dhansiri,Brahmaputra,BRAHMAPUTRA,BRAHMAPUTRA,BRAMAPUTRA,Dhansiri,26.23000000,94.26083333,07-09-2022 12:00,4.5
819,819,Doyang Hep Reservoir,CWC,13,Nagaland,250,WOKHA,WOKHA,-,-,Dhansiri,Brahmaputra,BRAHMAPUTRA,BRAHMAPUTRA,BRAMAPUTRA,Dhansiri,26.23000000,94.26083333,07-09-2022 13:00,4.5
820,820,Doyang Hep Reservoir,CWC,13,Nagaland,250,WOKHA,WOKHA,-,-,Dhansiri,Brahmaputra,BRAHMAPUTRA,BRAHMAPUTRA,BRAMAPUTRA,Dhansiri,26.23000000,94.26083333,07-09-2022 14:00,4.5
821,821,Doyang Hep Reservoir,CWC,13,Nagaland,250,WOKHA,WOKHA,-,-,Dhansiri,Brahmaputra,BRAHMAPUTRA,BRAHMAPUTRA,BRAMAPUTRA,Dhansiri,26.23000000,94.26083333,07-09-2022 15:00,4.5
822,822,Doyang Hep Reservoir,CWC,13,Nagaland,250,WOKHA,WOKHA,-,-,Dhansiri,Brahmaputra,BRAHMAPUTRA,BRAHMAPUTRA,BRAMAPUTRA,Dhansiri,26.23000000,94.26083333,07-09-2022 16:00,4.5
823,823,Doyang Hep Reservoir,CWC,13,Nagaland,250,WOKHA,WOKHA,-,-,Dhansiri,Brahmaputra,BRAHMAPUTRA,BRAHMAPUTRA,BRAMAPUTRA,Dhansiri,26.23000000,94.26083333,07-09-2022 17:00,4.5
824,824,Doyang Hep Reservoir,CWC,13,Nagaland,250,WOKHA,WOKHA,-,-,Dhansiri,Brahmaputra,BRAHMAPUTRA,BRAHMAPUTRA,BRAMAPUTRA,Dhansiri,26.23000000,94.26083333,07-09-2022 18:00,4.5
825,825,Doyang Hep Reservoir,CWC,13,Nagaland,250,WOKHA,WOKHA,-,-,Dhansiri,Brahmaputra,BRAHMAPUTRA,BRAHMAPUTRA,BRAMAPUTRA,Dhansiri,26.23000000,94.26083333,07-09-2022 19:00,4.5
826,826,Doyang Hep Reservoir,CWC,13,Nagaland,250,WOKHA,WOKHA,-,-,Dhansiri,Brahmaputra,BRAHMAPUTRA,BRAHMAPUTRA,BRAMAPUTRA,Dhansiri,26.23000000,94.26083333,07-09-2022 20:00,4.5
827,827,Doyang Hep Reservoir,CWC,13,Nagaland,250,WOKHA,WOKHA,-,-,Dhansiri,Brahmaputra,BRAHMAPUTRA,BRAHMAPUTRA,BRAMAPUTRA,Dhansiri,26.23000000,94.26083333,07-09-2022 21:00,4.5
828,828,Doyang Hep Reservoir,CWC,13,Nagaland,250,WOKHA,WOKHA,-,-,Dhansiri,Brahmaputra,BRAHMAPUTRA,BRAHMAPUTRA,BRAMAPUTRA,Dhansiri,26.23000000,94.26083333,07-09-2022 22:00,4.5
829,829,Doyang Hep Reservoir,CWC,13,Nagaland,250,WOKHA,WOKHA,-,-,Dhansiri,Brahmaputra,BRAHMAPUTRA,BRAHMAPUTRA,BRAMAPUTRA,Dhansiri,26.23000000,94.26083333,07-09-2022 23:00,4.5
830,830,Doyang Hep Reservoir,CWC,13,Nagaland,250,WOKHA,WOKHA,-,-,Dhansiri,Brahmaputra,BRAHMAPUTRA,BRAHMAPUTRA,BRAMAPUTRA,Dhansiri,26.23000000,94.26083333,08-09-2022 00:00,4.5
831,831,Doyang Hep Reservoir,CWC,13,Nagaland,250,WOKHA,WOKHA,-,-,Dhansiri,Brahmaputra,BRAHMAPUTRA,BRAHMAPUTRA,BRAMAPUTRA,Dhansiri,26.23000000,94.26083333,08-09-2022 01:00,4.5
832,832,Doyang Hep Reservoir,CWC,13,Nagaland,250,WOKHA,WOKHA,-,-,Dhansiri,Brahmaputra,BRAHMAPUTRA,BRAHMAPUTRA,BRAMAPUTRA,Dhansiri,26.23000000,94.26083333,08-09-2022 02:00,4.5
833,833,Doyang Hep Reservoir,CWC,13,Nagaland,250,WOKHA,WOKHA,-,-,Dhansiri,Brahmaputra,BRAHMAPUTRA,BRAHMAPUTRA,BRAMAPUTRA,Dhansiri,26.23000000,94.26083333,08-09-2022 03:00,4.5
834,834,Doyang Hep Reservoir,CWC,13,Nagaland,250,WOKHA,WOKHA,-,-,Dhansiri,Brahmaputra,BRAHMAPUTRA,BRAHMAPUTRA,BRAMAPUTRA,Dhansiri,26.23000000,94.26083333,11-09-2022 14:00,4
835,835,Doyang Hep Reservoir,CWC,13,Nagaland,250,WOKHA,WOKHA,-,-,Dhansiri,Brahmaputra,BRAHMAPUTRA,BRAHMAPUTRA,BRAMAPUTRA,Dhansiri,26.23000000,94.26083333,11-09-2022 15:00,4
836,836,Doyang Hep Reservoir,CWC,13,Nagaland,250,WOKHA,WOKHA,-,-,Dhansiri,Brahmaputra,BRAHMAPUTRA,BRAHMAPUTRA,BRAMAPUTRA,Dhansiri,26.23000000,94.26083333,11-09-2022 16:00,4
837,837,Doyang Hep Reservoir,CWC,13,Nagaland,250,WOKHA,WOKHA,-,-,Dhansiri,Brahmaputra,BRAHMAPUTRA,BRAHMAPUTRA,BRAMAPUTRA,Dhansiri,26.23000000,94.26083333,11-09-2022 17:00,4.5
838,838,Doyang Hep Reservoir,CWC,13,Nagaland,250,WOKHA,WOKHA,-,-,Dhansiri,Brahmaputra,BRAHMAPUTRA,BRAHMAPUTRA,BRAMAPUTRA,Dhansiri,26.23000000,94.26083333,11-09-2022 18:00,8
839,839,Doyang Hep Reservoir,CWC,13,Nagaland,250,WOKHA,WOKHA,-,-,Dhansiri,Brahmaputra,BRAHMAPUTRA,BRAHMAPUTRA,BRAMAPUTRA,Dhansiri,26.23000000,94.26083333,11-09-2022 19:00,9.5
840,840,Doyang Hep Reservoir,CWC,13,Nagaland,250,WOKHA,WOKHA,-,-,Dhansiri,Brahmaputra,BRAHMAPUTRA,BRAHMAPUTRA,BRAMAPUTRA,Dhansiri,26.23000000,94.26083333,11-09-2022 20:00,33.5
841,841,Doyang Hep Reservoir,CWC,13,Nagaland,250,WOKHA,WOKHA,-,-,Dhansiri,Brahmaputra,BRAHMAPUTRA,BRAHMAPUTRA,BRAMAPUTRA,Dhansiri,26.23000000,94.26083333,11-09-2022 21:00,59
842,842,Doyang Hep Reservoir,CWC,13,Nagaland,250,WOKHA,WOKHA,-,-,Dhansiri,Brahmaputra,BRAHMAPUTRA,BRAHMAPUTRA,BRAMAPUTRA,Dhansiri,26.23000000,94.26083333,11-09-2022 22:00,59.5
843,843,Doyang Hep Reservoir,CWC,13,Nagaland,250,WOKHA,WOKHA,-,-,Dhansiri,Brahmaputra,BRAHMAPUTRA,BRAHMAPUTRA,BRAMAPUTRA,Dhansiri,26.23000000,94.26083333,11-09-2022 23:00,59.5
844,844,Doyang Hep Reservoir,CWC,13,Nagaland,250,WOKHA,WOKHA,-,-,Dhansiri,Brahmaputra,BRAHMAPUTRA,BRAHMAPUTRA,BRAMAPUTRA,Dhansiri,26.23000000,94.26083333,12-09-2022 00:00,59.5
845,845,Doyang Hep Reservoir,CWC,13,Nagaland,250,WOKHA,WOKHA,-,-,Dhansiri,Brahmaputra,BRAHMAPUTRA,BRAHMAPUTRA,BRAMAPUTRA,Dhansiri,26.23000000,94.26083333,12-09-2022 01:00,59.5
846,846,Doyang Hep Reservoir,CWC,13,Nagaland,250,WOKHA,WOKHA,-,-,Dhansiri,Brahmaputra,BRAHMAPUTRA,BRAHMAPUTRA,BRAMAPUTRA,Dhansiri,26.23000000,94.26083333,12-09-2022 02:00,59.5
847,847,Doyang Hep Reservoir,CWC,13,Nagaland,250,WOKHA,WOKHA,-,-,Dhansiri,Brahmaputra,BRAHMAPUTRA,BRAHMAPUTRA,BRAMAPUTRA,Dhansiri,26.23000000,94.26083333,12-09-2022 03:00,59.5
848,848,Doyang Hep Reservoir,CWC,13,Nagaland,250,WOKHA,WOKHA,-,-,Dhansiri,Brahmaputra,BRAHMAPUTRA,BRAHMAPUTRA,BRAMAPUTRA,Dhansiri,26.23000000,94.26083333,12-09-2022 17:00,2
849,849,Doyang Hep Reservoir,CWC,13,Nagaland,250,WOKHA,WOKHA,-,-,Dhansiri,Brahmaputra,BRAHMAPUTRA,BRAHMAPUTRA,BRAMAPUTRA,Dhansiri,26.23000000,94.26083333,12-09-2022 18:00,3.5
850,850,Doyang Hep Reservoir,CWC,13,Nagaland,250,WOKHA,WOKHA,-,-,Dhansiri,Brahmaputra,BRAHMAPUTRA,BRAHMAPUTRA,BRAMAPUTRA,Dhansiri,26.23000000,94.26083333,12-09-2022 19:00,14.5
851,851,Doyang Hep Reservoir,CWC,13,Nagaland,250,WOKHA,WOKHA,-,-,Dhansiri,Brahmaputra,BRAHMAPUTRA,BRAHMAPUTRA,BRAMAPUTRA,Dhansiri,26.23000000,94.26083333,12-09-2022 20:00,15.5
852,852,Doyang Hep Reservoir,CWC,13,Nagaland,250,WOKHA,WOKHA,-,-,Dhansiri,Brahmaputra,BRAHMAPUTRA,BRAHMAPUTRA,BRAMAPUTRA,Dhansiri,26.23000000,94.26083333,12-09-2022 21:00,19.5
853,853,Doyang Hep Reservoir,CWC,13,Nagaland,250,WOKHA,WOKHA,-,-,Dhansiri,Brahmaputra,BRAHMAPUTRA,BRAHMAPUTRA,BRAMAPUTRA,Dhansiri,26.23000000,94.26083333,12-09-2022 22:00,22.5
854,854,Doyang Hep Reservoir,CWC,13,Nagaland,250,WOKHA,WOKHA,-,-,Dhansiri,Brahmaputra,BRAHMAPUTRA,BRAHMAPUTRA,BRAMAPUTRA,Dhansiri,26.23000000,94.26083333,12-09-2022 23:00,23
855,855,Doyang Hep Reservoir,CWC,13,Nagaland,250,WOKHA,WOKHA,-,-,Dhansiri,Brahmaputra,BRAHMAPUTRA,BRAHMAPUTRA,BRAMAPUTRA,Dhansiri,26.23000000,94.26083333,13-09-2022 00:00,23
856,856,Doyang Hep Reservoir,CWC,13,Nagaland,250,WOKHA,WOKHA,-,-,Dhansiri,Brahmaputra,BRAHMAPUTRA,BRAHMAPUTRA,BRAMAPUTRA,Dhansiri,26.23000000,94.26083333,13-09-2022 01:00,23
857,857,Doyang Hep Reservoir,CWC,13,Nagaland,250,WOKHA,WOKHA,-,-,Dhansiri,Brahmaputra,BRAHMAPUTRA,BRAHMAPUTRA,BRAMAPUTRA,Dhansiri,26.23000000,94.26083333,13-09-2022 02:00,23.5
858,858,Doyang Hep Reservoir,CWC,13,Nagaland,250,WOKHA,WOKHA,-,-,Dhansiri,Brahmaputra,BRAHMAPUTRA,BRAHMAPUTRA,BRAMAPUTRA,Dhansiri,26.23000000,94.26083333,13-09-2022 03:00,23.5
859,859,Doyang Hep Reservoir,CWC,13,Nagaland,250,WOKHA,WOKHA,-,-,Dhansiri,Brahmaputra,BRAHMAPUTRA,BRAHMAPUTRA,BRAMAPUTRA,Dhansiri,26.23000000,94.26083333,14-09-2022 19:00,2
860,860,Doyang Hep Reservoir,CWC,13,Nagaland,250,WOKHA,WOKHA,-,-,Dhansiri,Brahmaputra,BRAHMAPUTRA,BRAHMAPUTRA,BRAMAPUTRA,Dhansiri,26.23000000,94.26083333,14-09-2022 20:00,3
861,861,Doyang Hep Reservoir,CWC,13,Nagaland,250,WOKHA,WOKHA,-,-,Dhansiri,Brahmaputra,BRAHMAPUTRA,BRAHMAPUTRA,BRAMAPUTRA,Dhansiri,26.23000000,94.26083333,14-09-2022 21:00,3
862,862,Doyang Hep Reservoir,CWC,13,Nagaland,250,WOKHA,WOKHA,-,-,Dhansiri,Brahmaputra,BRAHMAPUTRA,BRAHMAPUTRA,BRAMAPUTRA,Dhansiri,26.23000000,94.26083333,14-09-2022 22:00,3
863,863,Doyang Hep Reservoir,CWC,13,Nagaland,250,WOKHA,WOKHA,-,-,Dhansiri,Brahmaputra,BRAHMAPUTRA,BRAHMAPUTRA,BRAMAPUTRA,Dhansiri,26.23000000,94.26083333,14-09-2022 23:00,3
864,864,Doyang Hep Reservoir,CWC,13,Nagaland,250,WOKHA,WOKHA,-,-,Dhansiri,Brahmaputra,BRAHMAPUTRA,BRAHMAPUTRA,BRAMAPUTRA,Dhansiri,26.23000000,94.26083333,15-09-2022 00:00,3
865,865,Doyang Hep Reservoir,CWC,13,Nagaland,250,WOKHA,WOKHA,-,-,Dhansiri,Brahmaputra,BRAHMAPUTRA,BRAHMAPUTRA,BRAMAPUTRA,Dhansiri,26.23000000,94.26083333,15-09-2022 01:00,3
866,866,Doyang Hep Reservoir,CWC,13,Nagaland,250,WOKHA,WOKHA,-,-,Dhansiri,Brahmaputra,BRAHMAPUTRA,BRAHMAPUTRA,BRAMAPUTRA,Dhansiri,26.23000000,94.26083333,15-09-2022 02:00,3
867,867,Doyang Hep Reservoir,CWC,13,Nagaland,250,WOKHA,WOKHA,-,-,Dhansiri,Brahmaputra,BRAHMAPUTRA,BRAHMAPUTRA,BRAMAPUTRA,Dhansiri,26.23000000,94.26083333,15-09-2022 03:00,3
868,868,Doyang Hep Reservoir,CWC,13,Nagaland,250,WOKHA,WOKHA,-,-,Dhansiri,Brahmaputra,BRAHMAPUTRA,BRAHMAPUTRA,BRAMAPUTRA,Dhansiri,26.23000000,94.26083333,15-09-2022 07:00,0.5
869,869,Doyang Hep Reservoir,CWC,13,Nagaland,250,WOKHA,WOKHA,-,-,Dhansiri,Brahmaputra,BRAHMAPUTRA,BRAHMAPUTRA,BRAMAPUTRA,Dhansiri,26.23000000,94.26083333,15-09-2022 08:00,0.5
870,870,Doyang Hep Reservoir,CWC,13,Nagaland,250,WOKHA,WOKHA,-,-,Dhansiri,Brahmaputra,BRAHMAPUTRA,BRAHMAPUTRA,BRAMAPUTRA,Dhansiri,26.23000000,94.26083333,15-09-2022 09:00,0.5
871,871,Doyang Hep Reservoir,CWC,13,Nagaland,250,WOKHA,WOKHA,-,-,Dhansiri,Brahmaputra,BRAHMAPUTRA,BRAHMAPUTRA,BRAMAPUTRA,Dhansiri,26.23000000,94.26083333,15-09-2022 10:00,0.5
872,872,Doyang Hep Reservoir,CWC,13,Nagaland,250,WOKHA,WOKHA,-,-,Dhansiri,Brahmaputra,BRAHMAPUTRA,BRAHMAPUTRA,BRAMAPUTRA,Dhansiri,26.23000000,94.26083333,15-09-2022 11:00,0.5
873,873,Doyang Hep Reservoir,CWC,13,Nagaland,250,WOKHA,WOKHA,-,-,Dhansiri,Brahmaputra,BRAHMAPUTRA,BRAHMAPUTRA,BRAMAPUTRA,Dhansiri,26.23000000,94.26083333,15-09-2022 12:00,0.5
874,874,Doyang Hep Reservoir,CWC,13,Nagaland,250,WOKHA,WOKHA,-,-,Dhansiri,Brahmaputra,BRAHMAPUTRA,BRAHMAPUTRA,BRAMAPUTRA,Dhansiri,26.23000000,94.26083333,15-09-2022 13:00,0.5
875,875,Doyang Hep Reservoir,CWC,13,Nagaland,250,WOKHA,WOKHA,-,-,Dhansiri,Brahmaputra,BRAHMAPUTRA,BRAHMAPUTRA,BRAMAPUTRA,Dhansiri,26.23000000,94.26083333,15-09-2022 14:00,0.5
876,876,Doyang Hep Reservoir,CWC,13,Nagaland,250,WOKHA,WOKHA,-,-,Dhansiri,Brahmaputra,BRAHMAPUTRA,BRAHMAPUTRA,BRAMAPUTRA,Dhansiri,26.23000000,94.26083333,15-09-2022 15:00,0.5
877,877,Doyang Hep Reservoir,CWC,13,Nagaland,250,WOKHA,WOKHA,-,-,Dhansiri,Brahmaputra,BRAHMAPUTRA,BRAHMAPUTRA,BRAMAPUTRA,Dhansiri,26.23000000,94.26083333,15-09-2022 16:00,0.5
878,878,Doyang Hep Reservoir,CWC,13,Nagaland,250,WOKHA,WOKHA,-,-,Dhansiri,Brahmaputra,BRAHMAPUTRA,BRAHMAPUTRA,BRAMAPUTRA,Dhansiri,26.23000000,94.26083333,15-09-2022 17:00,0.5
879,879,Doyang Hep Reservoir,CWC,13,Nagaland,250,WOKHA,WOKHA,-,-,Dhansiri,Brahmaputra,BRAHMAPUTRA,BRAHMAPUTRA,BRAMAPUTRA,Dhansiri,26.23000000,94.26083333,15-09-2022 18:00,0.5
880,880,Doyang Hep Reservoir,CWC,13,Nagaland,250,WOKHA,WOKHA,-,-,Dhansiri,Brahmaputra,BRAHMAPUTRA,BRAHMAPUTRA,BRAMAPUTRA,Dhansiri,26.23000000,94.26083333,15-09-2022 19:00,0.5
881,881,Doyang Hep Reservoir,CWC,13,Nagaland,250,WOKHA,WOKHA,-,-,Dhansiri,Brahmaputra,BRAHMAPUTRA,BRAHMAPUTRA,BRAMAPUTRA,Dhansiri,26.23000000,94.26083333,15-09-2022 20:00,0.5
882,882,Doyang Hep Reservoir,CWC,13,Nagaland,250,WOKHA,WOKHA,-,-,Dhansiri,Brahmaputra,BRAHMAPUTRA,BRAHMAPUTRA,BRAMAPUTRA,Dhansiri,26.23000000,94.26083333,15-09-2022 21:00,0.5
883,883,Doyang Hep Reservoir,CWC,13,Nagaland,250,WOKHA,WOKHA,-,-,Dhansiri,Brahmaputra,BRAHMAPUTRA,BRAHMAPUTRA,BRAMAPUTRA,Dhansiri,26.23000000,94.26083333,16-09-2022 00:00,0.5
884,884,Doyang Hep Reservoir,CWC,13,Nagaland,250,WOKHA,WOKHA,-,-,Dhansiri,Brahmaputra,BRAHMAPUTRA,BRAHMAPUTRA,BRAMAPUTRA,Dhansiri,26.23000000,94.26083333,16-09-2022 01:00,0.5
885,885,Doyang Hep Reservoir,CWC,13,Nagaland,250,WOKHA,WOKHA,-,-,Dhansiri,Brahmaputra,BRAHMAPUTRA,BRAHMAPUTRA,BRAMAPUTRA,Dhansiri,26.23000000,94.26083333,16-09-2022 02:00,0.5
886,886,Doyang Hep Reservoir,CWC,13,Nagaland,250,WOKHA,WOKHA,-,-,Dhansiri,Brahmaputra,BRAHMAPUTRA,BRAHMAPUTRA,BRAMAPUTRA,Dhansiri,26.23000000,94.26083333,16-09-2022 03:00,0.5
887,887,Doyang Hep Reservoir,CWC,13,Nagaland,250,WOKHA,WOKHA,-,-,Dhansiri,Brahmaputra,BRAHMAPUTRA,BRAHMAPUTRA,BRAMAPUTRA,Dhansiri,26.23000000,94.26083333,19-09-2022 17:00,10
888,888,Doyang Hep Reservoir,CWC,13,Nagaland,250,WOKHA,WOKHA,-,-,Dhansiri,Brahmaputra,BRAHMAPUTRA,BRAHMAPUTRA,BRAMAPUTRA,Dhansiri,26.23000000,94.26083333,19-09-2022 19:00,20
889,889,Doyang Hep Reservoir,CWC,13,Nagaland,250,WOKHA,WOKHA,-,-,Dhansiri,Brahmaputra,BRAHMAPUTRA,BRAHMAPUTRA,BRAMAPUTRA,Dhansiri,26.23000000,94.26083333,19-09-2022 22:00,37
890,890,Doyang Hep Reservoir,CWC,13,Nagaland,250,WOKHA,WOKHA,-,-,Dhansiri,Brahmaputra,BRAHMAPUTRA,BRAHMAPUTRA,BRAMAPUTRA,Dhansiri,26.23000000,94.26083333,23-09-2022 20:00,3
891,891,Doyang Hep Reservoir,CWC,13,Nagaland,250,WOKHA,WOKHA,-,-,Dhansiri,Brahmaputra,BRAHMAPUTRA,BRAHMAPUTRA,BRAMAPUTRA,Dhansiri,26.23000000,94.26083333,23-09-2022 21:00,4.5
892,892,Doyang Hep Reservoir,CWC,13,Nagaland,250,WOKHA,WOKHA,-,-,Dhansiri,Brahmaputra,BRAHMAPUTRA,BRAHMAPUTRA,BRAMAPUTRA,Dhansiri,26.23000000,94.26083333,23-09-2022 22:00,4.5
893,893,Doyang Hep Reservoir,CWC,13,Nagaland,250,WOKHA,WOKHA,-,-,Dhansiri,Brahmaputra,BRAHMAPUTRA,BRAHMAPUTRA,BRAMAPUTRA,Dhansiri,26.23000000,94.26083333,24-09-2022 00:00,4.5
894,894,Doyang Hep Reservoir,CWC,13,Nagaland,250,WOKHA,WOKHA,-,-,Dhansiri,Brahmaputra,BRAHMAPUTRA,BRAHMAPUTRA,BRAMAPUTRA,Dhansiri,26.23000000,94.26083333,24-09-2022 01:00,4.5
895,895,Doyang Hep Reservoir,CWC,13,Nagaland,250,WOKHA,WOKHA,-,-,Dhansiri,Brahmaputra,BRAHMAPUTRA,BRAHMAPUTRA,BRAMAPUTRA,Dhansiri,26.23000000,94.26083333,25-09-2022 13:00,12
896,896,Doyang Hep Reservoir,CWC,13,Nagaland,250,WOKHA,WOKHA,-,-,Dhansiri,Brahmaputra,BRAHMAPUTRA,BRAHMAPUTRA,BRAMAPUTRA,Dhansiri,26.23000000,94.26083333,25-09-2022 16:00,12
897,897,Doyang Hep Reservoir,CWC,13,Nagaland,250,WOKHA,WOKHA,-,-,Dhansiri,Brahmaputra,BRAHMAPUTRA,BRAHMAPUTRA,BRAMAPUTRA,Dhansiri,26.23000000,94.26083333,25-09-2022 19:00,12
898,898,Doyang Hep Reservoir,CWC,13,Nagaland,250,WOKHA,WOKHA,-,-,Dhansiri,Brahmaputra,BRAHMAPUTRA,BRAHMAPUTRA,BRAMAPUTRA,Dhansiri,26.23000000,94.26083333,25-09-2022 20:00,12
899,899,Doyang Hep Reservoir,CWC,13,Nagaland,250,WOKHA,WOKHA,-,-,Dhansiri,Brahmaputra,BRAHMAPUTRA,BRAHMAPUTRA,BRAMAPUTRA,Dhansiri,26.23000000,94.26083333,25-09-2022 23:00,12
900,900,Doyang Hep Reservoir,CWC,13,Nagaland,250,WOKHA,WOKHA,-,-,Dhansiri,Brahmaputra,BRAHMAPUTRA,BRAHMAPUTRA,BRAMAPUTRA,Dhansiri,26.23000000,94.26083333,26-09-2022 00:00,12
901,901,Doyang Hep Reservoir,CWC,13,Nagaland,250,WOKHA,WOKHA,-,-,Dhansiri,Brahmaputra,BRAHMAPUTRA,BRAHMAPUTRA,BRAMAPUTRA,Dhansiri,26.23000000,94.26083333,26-09-2022 01:00,12
902,902,Doyang Hep Reservoir,CWC,13,Nagaland,250,WOKHA,WOKHA,-,-,Dhansiri,Brahmaputra,BRAHMAPUTRA,BRAHMAPUTRA,BRAMAPUTRA,Dhansiri,26.23000000,94.26083333,26-09-2022 02:00,12
903,903,Doyang Hep Reservoir,CWC,13,Nagaland,250,WOKHA,WOKHA,-,-,Dhansiri,Brahmaputra,BRAHMAPUTRA,BRAHMAPUTRA,BRAMAPUTRA,Dhansiri,26.23000000,94.26083333,26-09-2022 03:00,12
904,904,Doyang Hep Reservoir,CWC,13,Nagaland,250,WOKHA,WOKHA,-,-,Dhansiri,Brahmaputra,BRAHMAPUTRA,BRAHMAPUTRA,BRAMAPUTRA,Dhansiri,26.23000000,94.26083333,27-09-2022 07:00,0.5
905,905,Doyang Hep Reservoir,CWC,13,Nagaland,250,WOKHA,WOKHA,-,-,Dhansiri,Brahmaputra,BRAHMAPUTRA,BRAHMAPUTRA,BRAMAPUTRA,Dhansiri,26.23000000,94.26083333,27-09-2022 08:00,0.5
906,906,Doyang Hep Reservoir,CWC,13,Nagaland,250,WOKHA,WOKHA,-,-,Dhansiri,Brahmaputra,BRAHMAPUTRA,BRAHMAPUTRA,BRAMAPUTRA,Dhansiri,26.23000000,94.26083333,27-09-2022 09:00,0.5
907,907,Doyang Hep Reservoir,CWC,13,Nagaland,250,WOKHA,WOKHA,-,-,Dhansiri,Brahmaputra,BRAHMAPUTRA,BRAHMAPUTRA,BRAMAPUTRA,Dhansiri,26.23000000,94.26083333,27-09-2022 10:00,0.5
908,908,Doyang Hep Reservoir,CWC,13,Nagaland,250,WOKHA,WOKHA,-,-,Dhansiri,Brahmaputra,BRAHMAPUTRA,BRAHMAPUTRA,BRAMAPUTRA,Dhansiri,26.23000000,94.26083333,27-09-2022 11:00,0.5
909,909,Doyang Hep Reservoir,CWC,13,Nagaland,250,WOKHA,WOKHA,-,-,Dhansiri,Brahmaputra,BRAHMAPUTRA,BRAHMAPUTRA,BRAMAPUTRA,Dhansiri,26.23000000,94.26083333,27-09-2022 15:00,0.5
910,910,Doyang Hep Reservoir,CWC,13,Nagaland,250,WOKHA,WOKHA,-,-,Dhansiri,Brahmaputra,BRAHMAPUTRA,BRAHMAPUTRA,BRAMAPUTRA,Dhansiri,26.23000000,94.26083333,27-09-2022 16:00,0.5
911,911,Doyang Hep Reservoir,CWC,13,Nagaland,250,WOKHA,WOKHA,-,-,Dhansiri,Brahmaputra,BRAHMAPUTRA,BRAHMAPUTRA,BRAMAPUTRA,Dhansiri,26.23000000,94.26083333,27-09-2022 17:00,0.5
912,912,Doyang Hep Reservoir,CWC,13,Nagaland,250,WOKHA,WOKHA,-,-,Dhansiri,Brahmaputra,BRAHMAPUTRA,BRAHMAPUTRA,BRAMAPUTRA,Dhansiri,26.23000000,94.26083333,27-09-2022 18:00,0.5
913,913,Doyang Hep Reservoir,CWC,13,Nagaland,250,WOKHA,WOKHA,-,-,Dhansiri,Brahmaputra,BRAHMAPUTRA,BRAHMAPUTRA,BRAMAPUTRA,Dhansiri,26.23000000,94.26083333,27-09-2022 19:00,1
914,914,Doyang Hep Reservoir,CWC,13,Nagaland,250,WOKHA,WOKHA,-,-,Dhansiri,Brahmaputra,BRAHMAPUTRA,BRAHMAPUTRA,BRAMAPUTRA,Dhansiri,26.23000000,94.26083333,27-09-2022 20:00,1
915,915,Doyang Hep Reservoir,CWC,13,Nagaland,250,WOKHA,WOKHA,-,-,Dhansiri,Brahmaputra,BRAHMAPUTRA,BRAHMAPUTRA,BRAMAPUTRA,Dhansiri,26.23000000,94.26083333,27-09-2022 21:00,1
916,916,Doyang Hep Reservoir,CWC,13,Nagaland,250,WOKHA,WOKHA,-,-,Dhansiri,Brahmaputra,BRAHMAPUTRA,BRAHMAPUTRA,BRAMAPUTRA,Dhansiri,26.23000000,94.26083333,27-09-2022 23:00,1
917,917,Doyang Hep Reservoir,CWC,13,Nagaland,250,WOKHA,WOKHA,-,-,Dhansiri,Brahmaputra,BRAHMAPUTRA,BRAHMAPUTRA,BRAMAPUTRA,Dhansiri,26.23000000,94.26083333,28-09-2022 01:00,1
918,918,Doyang Hep Reservoir,CWC,13,Nagaland,250,WOKHA,WOKHA,-,-,Dhansiri,Brahmaputra,BRAHMAPUTRA,BRAHMAPUTRA,BRAMAPUTRA,Dhansiri,26.23000000,94.26083333,28-09-2022 02:00,1
919,919,Doyang Hep Reservoir,CWC,13,Nagaland,250,WOKHA,WOKHA,-,-,Dhansiri,Brahmaputra,BRAHMAPUTRA,BRAHMAPUTRA,BRAMAPUTRA,Dhansiri,26.23000000,94.26083333,28-09-2022 03:00,1
920,920,Doyang Hep Reservoir,CWC,13,Nagaland,250,WOKHA,WOKHA,-,-,Dhansiri,Brahmaputra,BRAHMAPUTRA,BRAHMAPUTRA,BRAMAPUTRA,Dhansiri,26.23000000,94.26083333,02-10-2022 20:00,1
921,921,Doyang Hep Reservoir,CWC,13,Nagaland,250,WOKHA,WOKHA,-,-,Dhansiri,Brahmaputra,BRAHMAPUTRA,BRAHMAPUTRA,BRAMAPUTRA,Dhansiri,26.23000000,94.26083333,02-10-2022 21:00,1.5
922,922,Doyang Hep Reservoir,CWC,13,Nagaland,250,WOKHA,WOKHA,-,-,Dhansiri,Brahmaputra,BRAHMAPUTRA,BRAHMAPUTRA,BRAMAPUTRA,Dhansiri,26.23000000,94.26083333,02-10-2022 22:00,1.5
923,923,Doyang Hep Reservoir,CWC,13,Nagaland,250,WOKHA,WOKHA,-,-,Dhansiri,Brahmaputra,BRAHMAPUTRA,BRAHMAPUTRA,BRAMAPUTRA,Dhansiri,26.23000000,94.26083333,02-10-2022 23:00,1.5
924,924,Doyang Hep Reservoir,CWC,13,Nagaland,250,WOKHA,WOKHA,-,-,Dhansiri,Brahmaputra,BRAHMAPUTRA,BRAHMAPUTRA,BRAMAPUTRA,Dhansiri,26.23000000,94.26083333,03-10-2022 00:00,1.5
925,925,Doyang Hep Reservoir,CWC,13,Nagaland,250,WOKHA,WOKHA,-,-,Dhansiri,Brahmaputra,BRAHMAPUTRA,BRAHMAPUTRA,BRAMAPUTRA,Dhansiri,26.23000000,94.26083333,03-10-2022 01:00,1.5
926,926,Doyang Hep Reservoir,CWC,13,Nagaland,250,WOKHA,WOKHA,-,-,Dhansiri,Brahmaputra,BRAHMAPUTRA,BRAHMAPUTRA,BRAMAPUTRA,Dhansiri,26.23000000,94.26083333,03-10-2022 02:00,1.5
927,927,Doyang Hep Reservoir,CWC,13,Nagaland,250,WOKHA,WOKHA,-,-,Dhansiri,Brahmaputra,BRAHMAPUTRA,BRAHMAPUTRA,BRAMAPUTRA,Dhansiri,26.23000000,94.26083333,03-10-2022 03:00,1.5
928,928,Doyang Hep Reservoir,CWC,13,Nagaland,250,WOKHA,WOKHA,-,-,Dhansiri,Brahmaputra,BRAHMAPUTRA,BRAHMAPUTRA,BRAMAPUTRA,Dhansiri,26.23000000,94.26083333,04-10-2022 16:00,1.5
929,929,Doyang Hep Reservoir,CWC,13,Nagaland,250,WOKHA,WOKHA,-,-,Dhansiri,Brahmaputra,BRAHMAPUTRA,BRAHMAPUTRA,BRAMAPUTRA,Dhansiri,26.23000000,94.26083333,04-10-2022 17:00,2
930,930,Doyang Hep Reservoir,CWC,13,Nagaland,250,WOKHA,WOKHA,-,-,Dhansiri,Brahmaputra,BRAHMAPUTRA,BRAHMAPUTRA,BRAMAPUTRA,Dhansiri,26.23000000,94.26083333,04-10-2022 18:00,2
931,931,Doyang Hep Reservoir,CWC,13,Nagaland,250,WOKHA,WOKHA,-,-,Dhansiri,Brahmaputra,BRAHMAPUTRA,BRAHMAPUTRA,BRAMAPUTRA,Dhansiri,26.23000000,94.26083333,04-10-2022 19:00,2
932,932,Doyang Hep Reservoir,CWC,13,Nagaland,250,WOKHA,WOKHA,-,-,Dhansiri,Brahmaputra,BRAHMAPUTRA,BRAHMAPUTRA,BRAMAPUTRA,Dhansiri,26.23000000,94.26083333,05-10-2022 00:00,37.5
933,933,Doyang Hep Reservoir,CWC,13,Nagaland,250,WOKHA,WOKHA,-,-,Dhansiri,Brahmaputra,BRAHMAPUTRA,BRAHMAPUTRA,BRAMAPUTRA,Dhansiri,26.23000000,94.26083333,05-10-2022 01:00,37.5
934,934,Doyang Hep Reservoir,CWC,13,Nagaland,250,WOKHA,WOKHA,-,-,Dhansiri,Brahmaputra,BRAHMAPUTRA,BRAHMAPUTRA,BRAMAPUTRA,Dhansiri,26.23000000,94.26083333,05-10-2022 02:00,37.5
935,935,Doyang Hep Reservoir,CWC,13,Nagaland,250,WOKHA,WOKHA,-,-,Dhansiri,Brahmaputra,BRAHMAPUTRA,BRAHMAPUTRA,BRAMAPUTRA,Dhansiri,26.23000000,94.26083333,05-10-2022 03:00,37.5
936,936,Doyang Hep Reservoir,CWC,13,Nagaland,250,WOKHA,WOKHA,-,-,Dhansiri,Brahmaputra,BRAHMAPUTRA,BRAHMAPUTRA,BRAMAPUTRA,Dhansiri,26.23000000,94.26083333,05-10-2022 18:00,1
937,937,Doyang Hep Reservoir,CWC,13,Nagaland,250,WOKHA,WOKHA,-,-,Dhansiri,Brahmaputra,BRAHMAPUTRA,BRAHMAPUTRA,BRAMAPUTRA,Dhansiri,26.23000000,94.26083333,05-10-2022 19:00,1
938,938,Doyang Hep Reservoir,CWC,13,Nagaland,250,WOKHA,WOKHA,-,-,Dhansiri,Brahmaputra,BRAHMAPUTRA,BRAHMAPUTRA,BRAMAPUTRA,Dhansiri,26.23000000,94.26083333,05-10-2022 20:00,1
939,939,Doyang Hep Reservoir,CWC,13,Nagaland,250,WOKHA,WOKHA,-,-,Dhansiri,Brahmaputra,BRAHMAPUTRA,BRAHMAPUTRA,BRAMAPUTRA,Dhansiri,26.23000000,94.26083333,05-10-2022 21:00,1
940,940,Doyang Hep Reservoir,CWC,13,Nagaland,250,WOKHA,WOKHA,-,-,Dhansiri,Brahmaputra,BRAHMAPUTRA,BRAHMAPUTRA,BRAMAPUTRA,Dhansiri,26.23000000,94.26083333,05-10-2022 22:00,1
941,941,Doyang Hep Reservoir,CWC,13,Nagaland,250,WOKHA,WOKHA,-,-,Dhansiri,Brahmaputra,BRAHMAPUTRA,BRAHMAPUTRA,BRAMAPUTRA,Dhansiri,26.23000000,94.26083333,06-10-2022 00:00,1
942,942,Doyang Hep Reservoir,CWC,13,Nagaland,250,WOKHA,WOKHA,-,-,Dhansiri,Brahmaputra,BRAHMAPUTRA,BRAHMAPUTRA,BRAMAPUTRA,Dhansiri,26.23000000,94.26083333,06-10-2022 01:00,1
943,943,Doyang Hep Reservoir,CWC,13,Nagaland,250,WOKHA,WOKHA,-,-,Dhansiri,Brahmaputra,BRAHMAPUTRA,BRAHMAPUTRA,BRAMAPUTRA,Dhansiri,26.23000000,94.26083333,06-10-2022 02:00,1
944,944,Doyang Hep Reservoir,CWC,13,Nagaland,250,WOKHA,WOKHA,-,-,Dhansiri,Brahmaputra,BRAHMAPUTRA,BRAHMAPUTRA,BRAMAPUTRA,Dhansiri,26.23000000,94.26083333,06-10-2022 03:00,1
945,945,Doyang Hep Reservoir,CWC,13,Nagaland,250,WOKHA,WOKHA,-,-,Dhansiri,Brahmaputra,BRAHMAPUTRA,BRAHMAPUTRA,BRAMAPUTRA,Dhansiri,26.23000000,94.26083333,07-10-2022 20:00,0.5
946,946,Doyang Hep Reservoir,CWC,13,Nagaland,250,WOKHA,WOKHA,-,-,Dhansiri,Brahmaputra,BRAHMAPUTRA,BRAHMAPUTRA,BRAMAPUTRA,Dhansiri,26.23000000,94.26083333,07-10-2022 21:00,0.5
947,947,Doyang Hep Reservoir,CWC,13,Nagaland,250,WOKHA,WOKHA,-,-,Dhansiri,Brahmaputra,BRAHMAPUTRA,BRAHMAPUTRA,BRAMAPUTRA,Dhansiri,26.23000000,94.26083333,07-10-2022 23:00,1.5
948,948,Doyang Hep Reservoir,CWC,13,Nagaland,250,WOKHA,WOKHA,-,-,Dhansiri,Brahmaputra,BRAHMAPUTRA,BRAHMAPUTRA,BRAMAPUTRA,Dhansiri,26.23000000,94.26083333,08-10-2022 00:00,1.5
949,949,Doyang Hep Reservoir,CWC,13,Nagaland,250,WOKHA,WOKHA,-,-,Dhansiri,Brahmaputra,BRAHMAPUTRA,BRAHMAPUTRA,BRAMAPUTRA,Dhansiri,26.23000000,94.26083333,08-10-2022 01:00,1.5
950,950,Doyang Hep Reservoir,CWC,13,Nagaland,250,WOKHA,WOKHA,-,-,Dhansiri,Brahmaputra,BRAHMAPUTRA,BRAHMAPUTRA,BRAMAPUTRA,Dhansiri,26.23000000,94.26083333,08-10-2022 02:00,1.5
951,951,Doyang Hep Reservoir,CWC,13,Nagaland,250,WOKHA,WOKHA,-,-,Dhansiri,Brahmaputra,BRAHMAPUTRA,BRAHMAPUTRA,BRAMAPUTRA,Dhansiri,26.23000000,94.26083333,08-10-2022 03:00,1.5
952,952,Doyang Hep Reservoir,CWC,13,Nagaland,250,WOKHA,WOKHA,-,-,Dhansiri,Brahmaputra,BRAHMAPUTRA,BRAHMAPUTRA,BRAMAPUTRA,Dhansiri,26.23000000,94.26083333,08-10-2022 23:00,20
953,953,Doyang Hep Reservoir,CWC,13,Nagaland,250,WOKHA,WOKHA,-,-,Dhansiri,Brahmaputra,BRAHMAPUTRA,BRAHMAPUTRA,BRAMAPUTRA,Dhansiri,26.23000000,94.26083333,09-10-2022 00:00,20
954,954,Doyang Hep Reservoir,CWC,13,Nagaland,250,WOKHA,WOKHA,-,-,Dhansiri,Brahmaputra,BRAHMAPUTRA,BRAHMAPUTRA,BRAMAPUTRA,Dhansiri,26.23000000,94.26083333,09-10-2022 03:00,20
955,955,Doyang Hep Reservoir,CWC,13,Nagaland,250,WOKHA,WOKHA,-,-,Dhansiri,Brahmaputra,BRAHMAPUTRA,BRAHMAPUTRA,BRAMAPUTRA,Dhansiri,26.23000000,94.26083333,09-10-2022 13:00,0.5
956,956,Doyang Hep Reservoir,CWC,13,Nagaland,250,WOKHA,WOKHA,-,-,Dhansiri,Brahmaputra,BRAHMAPUTRA,BRAHMAPUTRA,BRAMAPUTRA,Dhansiri,26.23000000,94.26083333,09-10-2022 14:00,0.5
957,957,Doyang Hep Reservoir,CWC,13,Nagaland,250,WOKHA,WOKHA,-,-,Dhansiri,Brahmaputra,BRAHMAPUTRA,BRAHMAPUTRA,BRAMAPUTRA,Dhansiri,26.23000000,94.26083333,09-10-2022 17:00,0.5
958,958,Doyang Hep Reservoir,CWC,13,Nagaland,250,WOKHA,WOKHA,-,-,Dhansiri,Brahmaputra,BRAHMAPUTRA,BRAHMAPUTRA,BRAMAPUTRA,Dhansiri,26.23000000,94.26083333,09-10-2022 20:00,1
959,959,Doyang Hep Reservoir,CWC,13,Nagaland,250,WOKHA,WOKHA,-,-,Dhansiri,Brahmaputra,BRAHMAPUTRA,BRAHMAPUTRA,BRAMAPUTRA,Dhansiri,26.23000000,94.26083333,09-10-2022 21:00,1
960,960,Doyang Hep Reservoir,CWC,13,Nagaland,250,WOKHA,WOKHA,-,-,Dhansiri,Brahmaputra,BRAHMAPUTRA,BRAHMAPUTRA,BRAMAPUTRA,Dhansiri,26.23000000,94.26083333,10-10-2022 00:00,1
961,961,Doyang Hep Reservoir,CWC,13,Nagaland,250,WOKHA,WOKHA,-,-,Dhansiri,Brahmaputra,BRAHMAPUTRA,BRAHMAPUTRA,BRAMAPUTRA,Dhansiri,26.23000000,94.26083333,10-10-2022 01:00,1
962,962,Doyang Hep Reservoir,CWC,13,Nagaland,250,WOKHA,WOKHA,-,-,Dhansiri,Brahmaputra,BRAHMAPUTRA,BRAHMAPUTRA,BRAMAPUTRA,Dhansiri,26.23000000,94.26083333,10-10-2022 02:00,1
963,963,Doyang Hep Reservoir,CWC,13,Nagaland,250,WOKHA,WOKHA,-,-,Dhansiri,Brahmaputra,BRAHMAPUTRA,BRAHMAPUTRA,BRAMAPUTRA,Dhansiri,26.23000000,94.26083333,10-10-2022 03:00,1
964,964,Doyang Hep Reservoir,CWC,13,Nagaland,250,WOKHA,WOKHA,-,-,Dhansiri,Brahmaputra,BRAHMAPUTRA,BRAHMAPUTRA,BRAMAPUTRA,Dhansiri,26.23000000,94.26083333,11-10-2022 05:00,2
965,965,Doyang Hep Reservoir,CWC,13,Nagaland,250,WOKHA,WOKHA,-,-,Dhansiri,Brahmaputra,BRAHMAPUTRA,BRAHMAPUTRA,BRAMAPUTRA,Dhansiri,26.23000000,94.26083333,11-10-2022 06:00,2
966,966,Doyang Hep Reservoir,CWC,13,Nagaland,250,WOKHA,WOKHA,-,-,Dhansiri,Brahmaputra,BRAHMAPUTRA,BRAHMAPUTRA,BRAMAPUTRA,Dhansiri,26.23000000,94.26083333,11-10-2022 07:00,2
967,967,Doyang Hep Reservoir,CWC,13,Nagaland,250,WOKHA,WOKHA,-,-,Dhansiri,Brahmaputra,BRAHMAPUTRA,BRAHMAPUTRA,BRAMAPUTRA,Dhansiri,26.23000000,94.26083333,11-10-2022 08:00,2
968,968,Doyang Hep Reservoir,CWC,13,Nagaland,250,WOKHA,WOKHA,-,-,Dhansiri,Brahmaputra,BRAHMAPUTRA,BRAHMAPUTRA,BRAMAPUTRA,Dhansiri,26.23000000,94.26083333,11-10-2022 09:00,2
969,969,Doyang Hep Reservoir,CWC,13,Nagaland,250,WOKHA,WOKHA,-,-,Dhansiri,Brahmaputra,BRAHMAPUTRA,BRAHMAPUTRA,BRAMAPUTRA,Dhansiri,26.23000000,94.26083333,11-10-2022 10:00,2
970,970,Doyang Hep Reservoir,CWC,13,Nagaland,250,WOKHA,WOKHA,-,-,Dhansiri,Brahmaputra,BRAHMAPUTRA,BRAHMAPUTRA,BRAMAPUTRA,Dhansiri,26.23000000,94.26083333,11-10-2022 11:00,2
971,971,Doyang Hep Reservoir,CWC,13,Nagaland,250,WOKHA,WOKHA,-,-,Dhansiri,Brahmaputra,BRAHMAPUTRA,BRAHMAPUTRA,BRAMAPUTRA,Dhansiri,26.23000000,94.26083333,11-10-2022 12:00,2
972,972,Doyang Hep Reservoir,CWC,13,Nagaland,250,WOKHA,WOKHA,-,-,Dhansiri,Brahmaputra,BRAHMAPUTRA,BRAHMAPUTRA,BRAMAPUTRA,Dhansiri,26.23000000,94.26083333,11-10-2022 13:00,2
973,973,Doyang Hep Reservoir,CWC,13,Nagaland,250,WOKHA,WOKHA,-,-,Dhansiri,Brahmaputra,BRAHMAPUTRA,BRAHMAPUTRA,BRAMAPUTRA,Dhansiri,26.23000000,94.26083333,11-10-2022 14:00,2
974,974,Doyang Hep Reservoir,CWC,13,Nagaland,250,WOKHA,WOKHA,-,-,Dhansiri,Brahmaputra,BRAHMAPUTRA,BRAHMAPUTRA,BRAMAPUTRA,Dhansiri,26.23000000,94.26083333,11-10-2022 15:00,2
975,975,Doyang Hep Reservoir,CWC,13,Nagaland,250,WOKHA,WOKHA,-,-,Dhansiri,Brahmaputra,BRAHMAPUTRA,BRAHMAPUTRA,BRAMAPUTRA,Dhansiri,26.23000000,94.26083333,11-10-2022 16:00,2
976,976,Doyang Hep Reservoir,CWC,13,Nagaland,250,WOKHA,WOKHA,-,-,Dhansiri,Brahmaputra,BRAHMAPUTRA,BRAHMAPUTRA,BRAMAPUTRA,Dhansiri,26.23000000,94.26083333,11-10-2022 17:00,2
977,977,Doyang Hep Reservoir,CWC,13,Nagaland,250,WOKHA,WOKHA,-,-,Dhansiri,Brahmaputra,BRAHMAPUTRA,BRAHMAPUTRA,BRAMAPUTRA,Dhansiri,26.23000000,94.26083333,11-10-2022 18:00,2
978,978,Doyang Hep Reservoir,CWC,13,Nagaland,250,WOKHA,WOKHA,-,-,Dhansiri,Brahmaputra,BRAHMAPUTRA,BRAHMAPUTRA,BRAMAPUTRA,Dhansiri,26.23000000,94.26083333,11-10-2022 19:00,2
979,979,Doyang Hep Reservoir,CWC,13,Nagaland,250,WOKHA,WOKHA,-,-,Dhansiri,Brahmaputra,BRAHMAPUTRA,BRAHMAPUTRA,BRAMAPUTRA,Dhansiri,26.23000000,94.26083333,11-10-2022 20:00,2
980,980,Doyang Hep Reservoir,CWC,13,Nagaland,250,WOKHA,WOKHA,-,-,Dhansiri,Brahmaputra,BRAHMAPUTRA,BRAHMAPUTRA,BRAMAPUTRA,Dhansiri,26.23000000,94.26083333,11-10-2022 21:00,2
981,981,Doyang Hep Reservoir,CWC,13,Nagaland,250,WOKHA,WOKHA,-,-,Dhansiri,Brahmaputra,BRAHMAPUTRA,BRAHMAPUTRA,BRAMAPUTRA,Dhansiri,26.23000000,94.26083333,11-10-2022 22:00,2
982,982,Doyang Hep Reservoir,CWC,13,Nagaland,250,WOKHA,WOKHA,-,-,Dhansiri,Brahmaputra,BRAHMAPUTRA,BRAHMAPUTRA,BRAMAPUTRA,Dhansiri,26.23000000,94.26083333,11-10-2022 23:00,2
983,983,Doyang Hep Reservoir,CWC,13,Nagaland,250,WOKHA,WOKHA,-,-,Dhansiri,Brahmaputra,BRAHMAPUTRA,BRAHMAPUTRA,BRAMAPUTRA,Dhansiri,26.23000000,94.26083333,12-10-2022 00:00,2
984,984,Doyang Hep Reservoir,CWC,13,Nagaland,250,WOKHA,WOKHA,-,-,Dhansiri,Brahmaputra,BRAHMAPUTRA,BRAHMAPUTRA,BRAMAPUTRA,Dhansiri,26.23000000,94.26083333,12-10-2022 01:00,10
985,985,Doyang Hep Reservoir,CWC,13,Nagaland,250,WOKHA,WOKHA,-,-,Dhansiri,Brahmaputra,BRAHMAPUTRA,BRAHMAPUTRA,BRAMAPUTRA,Dhansiri,26.23000000,94.26083333,12-10-2022 02:00,10
986,986,Doyang Hep Reservoir,CWC,13,Nagaland,250,WOKHA,WOKHA,-,-,Dhansiri,Brahmaputra,BRAHMAPUTRA,BRAHMAPUTRA,BRAMAPUTRA,Dhansiri,26.23000000,94.26083333,12-10-2022 03:00,10
987,987,Doyang Hep Reservoir,CWC,13,Nagaland,250,WOKHA,WOKHA,-,-,Dhansiri,Brahmaputra,BRAHMAPUTRA,BRAHMAPUTRA,BRAMAPUTRA,Dhansiri,26.23000000,94.26083333,12-10-2022 10:00,0.5
988,988,Doyang Hep Reservoir,CWC,13,Nagaland,250,WOKHA,WOKHA,-,-,Dhansiri,Brahmaputra,BRAHMAPUTRA,BRAHMAPUTRA,BRAMAPUTRA,Dhansiri,26.23000000,94.26083333,12-10-2022 11:00,4
989,989,Doyang Hep Reservoir,CWC,13,Nagaland,250,WOKHA,WOKHA,-,-,Dhansiri,Brahmaputra,BRAHMAPUTRA,BRAHMAPUTRA,BRAMAPUTRA,Dhansiri,26.23000000,94.26083333,12-10-2022 12:00,4
990,990,Doyang Hep Reservoir,CWC,13,Nagaland,250,WOKHA,WOKHA,-,-,Dhansiri,Brahmaputra,BRAHMAPUTRA,BRAHMAPUTRA,BRAMAPUTRA,Dhansiri,26.23000000,94.26083333,12-10-2022 13:00,4
991,991,Doyang Hep Reservoir,CWC,13,Nagaland,250,WOKHA,WOKHA,-,-,Dhansiri,Brahmaputra,BRAHMAPUTRA,BRAHMAPUTRA,BRAMAPUTRA,Dhansiri,26.23000000,94.26083333,12-10-2022 14:00,4
992,992,Doyang Hep Reservoir,CWC,13,Nagaland,250,WOKHA,WOKHA,-,-,Dhansiri,Brahmaputra,BRAHMAPUTRA,BRAHMAPUTRA,BRAMAPUTRA,Dhansiri,26.23000000,94.26083333,12-10-2022 15:00,4
993,993,Doyang Hep Reservoir,CWC,13,Nagaland,250,WOKHA,WOKHA,-,-,Dhansiri,Brahmaputra,BRAHMAPUTRA,BRAHMAPUTRA,BRAMAPUTRA,Dhansiri,26.23000000,94.26083333,12-10-2022 16:00,4
994,994,Doyang Hep Reservoir,CWC,13,Nagaland,250,WOKHA,WOKHA,-,-,Dhansiri,Brahmaputra,BRAHMAPUTRA,BRAHMAPUTRA,BRAMAPUTRA,Dhansiri,26.23000000,94.26083333,12-10-2022 17:00,4
995,995,Doyang Hep Reservoir,CWC,13,Nagaland,250,WOKHA,WOKHA,-,-,Dhansiri,Brahmaputra,BRAHMAPUTRA,BRAHMAPUTRA,BRAMAPUTRA,Dhansiri,26.23000000,94.26083333,12-10-2022 18:00,4
996,996,Doyang Hep Reservoir,CWC,13,Nagaland,250,WOKHA,WOKHA,-,-,Dhansiri,Brahmaputra,BRAHMAPUTRA,BRAHMAPUTRA,BRAMAPUTRA,Dhansiri,26.23000000,94.26083333,12-10-2022 19:00,4
997,997,Doyang Hep Reservoir,CWC,13,Nagaland,250,WOKHA,WOKHA,-,-,Dhansiri,Brahmaputra,BRAHMAPUTRA,BRAHMAPUTRA,BRAMAPUTRA,Dhansiri,26.23000000,94.26083333,12-10-2022 20:00,4
998,998,Doyang Hep Reservoir,CWC,13,Nagaland,250,WOKHA,WOKHA,-,-,Dhansiri,Brahmaputra,BRAHMAPUTRA,BRAHMAPUTRA,BRAMAPUTRA,Dhansiri,26.23000000,94.26083333,12-10-2022 21:00,4
999,999,Doyang Hep Reservoir,CWC,13,Nagaland,250,WOKHA,WOKHA,-,-,Dhansiri,Brahmaputra,BRAHMAPUTRA,BRAHMAPUTRA,BRAMAPUTRA,Dhansiri,26.23000000,94.26083333,12-10-2022 22:00,4
1000,1000,Doyang Hep Reservoir,CWC,13,Nagaland,250,WOKHA,WOKHA,-,-,Dhansiri,Brahmaputra,BRAHMAPUTRA,BRAHMAPUTRA,BRAMAPUTRA,Dhansiri,26.23000000,94.26083333,13-10-2022 00:00,4
1001,1001,Doyang Hep Reservoir,CWC,13,Nagaland,250,WOKHA,WOKHA,-,-,Dhansiri,Brahmaputra,BRAHMAPUTRA,BRAHMAPUTRA,BRAMAPUTRA,Dhansiri,26.23000000,94.26083333,13-10-2022 01:00,4
1002,1002,Doyang Hep Reservoir,CWC,13,Nagaland,250,WOKHA,WOKHA,-,-,Dhansiri,Brahmaputra,BRAHMAPUTRA,BRAHMAPUTRA,BRAMAPUTRA,Dhansiri,26.23000000,94.26083333,13-10-2022 02:00,4
1003,1003,Doyang Hep Reservoir,CWC,13,Nagaland,250,WOKHA,WOKHA,-,-,Dhansiri,Brahmaputra,BRAHMAPUTRA,BRAHMAPUTRA,BRAMAPUTRA,Dhansiri,26.23000000,94.26083333,13-10-2022 03:00,4
1004,1004,Doyang Hep Reservoir,CWC,13,Nagaland,250,WOKHA,WOKHA,-,-,Dhansiri,Brahmaputra,BRAHMAPUTRA,BRAHMAPUTRA,BRAMAPUTRA,Dhansiri,26.23000000,94.26083333,17-10-2022 22:00,28
1005,1005,Doyang Hep Reservoir,CWC,13,Nagaland,250,WOKHA,WOKHA,-,-,Dhansiri,Brahmaputra,BRAHMAPUTRA,BRAHMAPUTRA,BRAMAPUTRA,Dhansiri,26.23000000,94.26083333,18-10-2022 00:00,29.5
1006,1006,Doyang Hep Reservoir,CWC,13,Nagaland,250,WOKHA,WOKHA,-,-,Dhansiri,Brahmaputra,BRAHMAPUTRA,BRAHMAPUTRA,BRAMAPUTRA,Dhansiri,26.23000000,94.26083333,18-10-2022 01:00,29.5
1007,1007,Doyang Hep Reservoir,CWC,13,Nagaland,250,WOKHA,WOKHA,-,-,Dhansiri,Brahmaputra,BRAHMAPUTRA,BRAHMAPUTRA,BRAMAPUTRA,Dhansiri,26.23000000,94.26083333,18-10-2022 02:00,29.5
1008,1008,Doyang Hep Reservoir,CWC,13,Nagaland,250,WOKHA,WOKHA,-,-,Dhansiri,Brahmaputra,BRAHMAPUTRA,BRAHMAPUTRA,BRAMAPUTRA,Dhansiri,26.23000000,94.26083333,18-10-2022 03:00,29.5
1009,1009,Doyang Hep Reservoir,CWC,13,Nagaland,250,WOKHA,WOKHA,-,-,Dhansiri,Brahmaputra,BRAHMAPUTRA,BRAHMAPUTRA,BRAMAPUTRA,Dhansiri,26.23000000,94.26083333,19-10-2022 04:00,0.5
1010,1010,Doyang Hep Reservoir,CWC,13,Nagaland,250,WOKHA,WOKHA,-,-,Dhansiri,Brahmaputra,BRAHMAPUTRA,BRAHMAPUTRA,BRAMAPUTRA,Dhansiri,26.23000000,94.26083333,19-10-2022 05:00,0.5
1011,1011,Doyang Hep Reservoir,CWC,13,Nagaland,250,WOKHA,WOKHA,-,-,Dhansiri,Brahmaputra,BRAHMAPUTRA,BRAHMAPUTRA,BRAMAPUTRA,Dhansiri,26.23000000,94.26083333,19-10-2022 06:00,0.5
1012,1012,Doyang Hep Reservoir,CWC,13,Nagaland,250,WOKHA,WOKHA,-,-,Dhansiri,Brahmaputra,BRAHMAPUTRA,BRAHMAPUTRA,BRAMAPUTRA,Dhansiri,26.23000000,94.26083333,19-10-2022 07:00,0.5
1013,1013,Doyang Hep Reservoir,CWC,13,Nagaland,250,WOKHA,WOKHA,-,-,Dhansiri,Brahmaputra,BRAHMAPUTRA,BRAHMAPUTRA,BRAMAPUTRA,Dhansiri,26.23000000,94.26083333,19-10-2022 08:00,0.5
1014,1014,Doyang Hep Reservoir,CWC,13,Nagaland,250,WOKHA,WOKHA,-,-,Dhansiri,Brahmaputra,BRAHMAPUTRA,BRAHMAPUTRA,BRAMAPUTRA,Dhansiri,26.23000000,94.26083333,19-10-2022 09:00,0.5
1015,1015,Doyang Hep Reservoir,CWC,13,Nagaland,250,WOKHA,WOKHA,-,-,Dhansiri,Brahmaputra,BRAHMAPUTRA,BRAHMAPUTRA,BRAMAPUTRA,Dhansiri,26.23000000,94.26083333,19-10-2022 11:00,0.5
1016,1016,Doyang Hep Reservoir,CWC,13,Nagaland,250,WOKHA,WOKHA,-,-,Dhansiri,Brahmaputra,BRAHMAPUTRA,BRAHMAPUTRA,BRAMAPUTRA,Dhansiri,26.23000000,94.26083333,19-10-2022 16:00,0.5
1017,1017,Doyang Hep Reservoir,CWC,13,Nagaland,250,WOKHA,WOKHA,-,-,Dhansiri,Brahmaputra,BRAHMAPUTRA,BRAHMAPUTRA,BRAMAPUTRA,Dhansiri,26.23000000,94.26083333,19-10-2022 17:00,0.5
1018,1018,Doyang Hep Reservoir,CWC,13,Nagaland,250,WOKHA,WOKHA,-,-,Dhansiri,Brahmaputra,BRAHMAPUTRA,BRAHMAPUTRA,BRAMAPUTRA,Dhansiri,26.23000000,94.26083333,19-10-2022 19:00,0.5
1019,1019,Doyang Hep Reservoir,CWC,13,Nagaland,250,WOKHA,WOKHA,-,-,Dhansiri,Brahmaputra,BRAHMAPUTRA,BRAHMAPUTRA,BRAMAPUTRA,Dhansiri,26.23000000,94.26083333,19-10-2022 22:00,0.5
1020,1020,Doyang Hep Reservoir,CWC,13,Nagaland,250,WOKHA,WOKHA,-,-,Dhansiri,Brahmaputra,BRAHMAPUTRA,BRAHMAPUTRA,BRAMAPUTRA,Dhansiri,26.23000000,94.26083333,19-10-2022 23:00,0.5
1021,1021,Doyang Hep Reservoir,CWC,13,Nagaland,250,WOKHA,WOKHA,-,-,Dhansiri,Brahmaputra,BRAHMAPUTRA,BRAHMAPUTRA,BRAMAPUTRA,Dhansiri,26.23000000,94.26083333,20-10-2022 00:00,0.5
1022,1022,Doyang Hep Reservoir,CWC,13,Nagaland,250,WOKHA,WOKHA,-,-,Dhansiri,Brahmaputra,BRAHMAPUTRA,BRAHMAPUTRA,BRAMAPUTRA,Dhansiri,26.23000000,94.26083333,20-10-2022 01:00,0.5
1023,1023,Doyang Hep Reservoir,CWC,13,Nagaland,250,WOKHA,WOKHA,-,-,Dhansiri,Brahmaputra,BRAHMAPUTRA,BRAHMAPUTRA,BRAMAPUTRA,Dhansiri,26.23000000,94.26083333,20-10-2022 03:00,0.5
1024,1024,Doyang Hep Reservoir,CWC,13,Nagaland,250,WOKHA,WOKHA,-,-,Dhansiri,Brahmaputra,BRAHMAPUTRA,BRAHMAPUTRA,BRAMAPUTRA,Dhansiri,26.23000000,94.26083333,24-10-2022 02:00,0.5
1025,1025,Doyang Hep Reservoir,CWC,13,Nagaland,250,WOKHA,WOKHA,-,-,Dhansiri,Brahmaputra,BRAHMAPUTRA,BRAHMAPUTRA,BRAMAPUTRA,Dhansiri,26.23000000,94.26083333,24-10-2022 04:00,0.5
1026,1026,Doyang Hep Reservoir,CWC,13,Nagaland,250,WOKHA,WOKHA,-,-,Dhansiri,Brahmaputra,BRAHMAPUTRA,BRAHMAPUTRA,BRAMAPUTRA,Dhansiri,26.23000000,94.26083333,24-10-2022 05:00,1
1027,1027,Doyang Hep Reservoir,CWC,13,Nagaland,250,WOKHA,WOKHA,-,-,Dhansiri,Brahmaputra,BRAHMAPUTRA,BRAHMAPUTRA,BRAMAPUTRA,Dhansiri,26.23000000,94.26083333,24-10-2022 06:00,1
1028,1028,Doyang Hep Reservoir,CWC,13,Nagaland,250,WOKHA,WOKHA,-,-,Dhansiri,Brahmaputra,BRAHMAPUTRA,BRAHMAPUTRA,BRAMAPUTRA,Dhansiri,26.23000000,94.26083333,24-10-2022 07:00,2
1029,1029,Doyang Hep Reservoir,CWC,13,Nagaland,250,WOKHA,WOKHA,-,-,Dhansiri,Brahmaputra,BRAHMAPUTRA,BRAHMAPUTRA,BRAMAPUTRA,Dhansiri,26.23000000,94.26083333,24-10-2022 08:00,4.5
1030,1030,Doyang Hep Reservoir,CWC,13,Nagaland,250,WOKHA,WOKHA,-,-,Dhansiri,Brahmaputra,BRAHMAPUTRA,BRAHMAPUTRA,BRAMAPUTRA,Dhansiri,26.23000000,94.26083333,24-10-2022 10:00,9
1031,1031,Doyang Hep Reservoir,CWC,13,Nagaland,250,WOKHA,WOKHA,-,-,Dhansiri,Brahmaputra,BRAHMAPUTRA,BRAHMAPUTRA,BRAMAPUTRA,Dhansiri,26.23000000,94.26083333,24-10-2022 11:00,9.5
1032,1032,Doyang Hep Reservoir,CWC,13,Nagaland,250,WOKHA,WOKHA,-,-,Dhansiri,Brahmaputra,BRAHMAPUTRA,BRAHMAPUTRA,BRAMAPUTRA,Dhansiri,26.23000000,94.26083333,24-10-2022 12:00,11.5
1033,1033,Doyang Hep Reservoir,CWC,13,Nagaland,250,WOKHA,WOKHA,-,-,Dhansiri,Brahmaputra,BRAHMAPUTRA,BRAHMAPUTRA,BRAMAPUTRA,Dhansiri,26.23000000,94.26083333,24-10-2022 17:00,16
1034,1034,Doyang Hep Reservoir,CWC,13,Nagaland,250,WOKHA,WOKHA,-,-,Dhansiri,Brahmaputra,BRAHMAPUTRA,BRAHMAPUTRA,BRAMAPUTRA,Dhansiri,26.23000000,94.26083333,24-10-2022 19:00,16
1035,1035,Doyang Hep Reservoir,CWC,13,Nagaland,250,WOKHA,WOKHA,-,-,Dhansiri,Brahmaputra,BRAHMAPUTRA,BRAHMAPUTRA,BRAMAPUTRA,Dhansiri,26.23000000,94.26083333,24-10-2022 21:00,16
1036,1036,Doyang Hep Reservoir,CWC,13,Nagaland,250,WOKHA,WOKHA,-,-,Dhansiri,Brahmaputra,BRAHMAPUTRA,BRAHMAPUTRA,BRAMAPUTRA,Dhansiri,26.23000000,94.26083333,24-10-2022 22:00,16
1037,1037,Doyang Hep Reservoir,CWC,13,Nagaland,250,WOKHA,WOKHA,-,-,Dhansiri,Brahmaputra,BRAHMAPUTRA,BRAHMAPUTRA,BRAMAPUTRA,Dhansiri,26.23000000,94.26083333,24-10-2022 23:00,16.5
1038,1038,Doyang Hep Reservoir,CWC,13,Nagaland,250,WOKHA,WOKHA,-,-,Dhansiri,Brahmaputra,BRAHMAPUTRA,BRAHMAPUTRA,BRAMAPUTRA,Dhansiri,26.23000000,94.26083333,25-10-2022 13:00,4.5
1039,1039,Doyang Hep Reservoir,CWC,13,Nagaland,250,WOKHA,WOKHA,-,-,Dhansiri,Brahmaputra,BRAHMAPUTRA,BRAHMAPUTRA,BRAMAPUTRA,Dhansiri,26.23000000,94.26083333,25-10-2022 16:00,4.5
1040,1040,Doyang Hep Reservoir,CWC,13,Nagaland,250,WOKHA,WOKHA,-,-,Dhansiri,Brahmaputra,BRAHMAPUTRA,BRAHMAPUTRA,BRAMAPUTRA,Dhansiri,26.23000000,94.26083333,25-10-2022 17:00,4.5
1041,1041,Doyang Hep Reservoir,CWC,13,Nagaland,250,WOKHA,WOKHA,-,-,Dhansiri,Brahmaputra,BRAHMAPUTRA,BRAHMAPUTRA,BRAMAPUTRA,Dhansiri,26.23000000,94.26083333,25-10-2022 18:00,4.5
1042,1042,Doyang Hep Reservoir,CWC,13,Nagaland,250,WOKHA,WOKHA,-,-,Dhansiri,Brahmaputra,BRAHMAPUTRA,BRAHMAPUTRA,BRAMAPUTRA,Dhansiri,26.23000000,94.26083333,25-10-2022 20:00,4.5
1043,1043,Doyang Hep Reservoir,CWC,13,Nagaland,250,WOKHA,WOKHA,-,-,Dhansiri,Brahmaputra,BRAHMAPUTRA,BRAHMAPUTRA,BRAMAPUTRA,Dhansiri,26.23000000,94.26083333,25-10-2022 21:00,4.5
1044,1044,Doyang Hep Reservoir,CWC,13,Nagaland,250,WOKHA,WOKHA,-,-,Dhansiri,Brahmaputra,BRAHMAPUTRA,BRAHMAPUTRA,BRAMAPUTRA,Dhansiri,26.23000000,94.26083333,25-10-2022 22:00,4.5
1045,1045,Doyang Hep Reservoir,CWC,13,Nagaland,250,WOKHA,WOKHA,-,-,Dhansiri,Brahmaputra,BRAHMAPUTRA,BRAHMAPUTRA,BRAMAPUTRA,Dhansiri,26.23000000,94.26083333,26-10-2022 00:00,4.5
1046,1046,Doyang Hep Reservoir,CWC,13,Nagaland,250,WOKHA,WOKHA,-,-,Dhansiri,Brahmaputra,BRAHMAPUTRA,BRAHMAPUTRA,BRAMAPUTRA,Dhansiri,26.23000000,94.26083333,26-10-2022 10:00,1
1047,1047,Doyang Hep Reservoir,CWC,13,Nagaland,250,WOKHA,WOKHA,-,-,Dhansiri,Brahmaputra,BRAHMAPUTRA,BRAHMAPUTRA,BRAMAPUTRA,Dhansiri,26.23000000,94.26083333,26-10-2022 12:00,2
1048,1048,Doyang Hep Reservoir,CWC,13,Nagaland,250,WOKHA,WOKHA,-,-,Dhansiri,Brahmaputra,BRAHMAPUTRA,BRAHMAPUTRA,BRAMAPUTRA,Dhansiri,26.23000000,94.26083333,26-10-2022 17:00,2
1049,1049,Doyang Hep Reservoir,CWC,13,Nagaland,250,WOKHA,WOKHA,-,-,Dhansiri,Brahmaputra,BRAHMAPUTRA,BRAHMAPUTRA,BRAMAPUTRA,Dhansiri,26.23000000,94.26083333,26-10-2022 18:00,2
1050,1050,Doyang Hep Reservoir,CWC,13,Nagaland,250,WOKHA,WOKHA,-,-,Dhansiri,Brahmaputra,BRAHMAPUTRA,BRAHMAPUTRA,BRAMAPUTRA,Dhansiri,26.23000000,94.26083333,26-10-2022 19:00,2
1051,1051,Doyang Hep Reservoir,CWC,13,Nagaland,250,WOKHA,WOKHA,-,-,Dhansiri,Brahmaputra,BRAHMAPUTRA,BRAHMAPUTRA,BRAMAPUTRA,Dhansiri,26.23000000,94.26083333,26-10-2022 22:00,2
1052,1052,Doyang Hep Reservoir,CWC,13,Nagaland,250,WOKHA,WOKHA,-,-,Dhansiri,Brahmaputra,BRAHMAPUTRA,BRAHMAPUTRA,BRAMAPUTRA,Dhansiri,26.23000000,94.26083333,26-10-2022 23:00,2
1053,1053,Doyang Hep Reservoir,CWC,13,Nagaland,250,WOKHA,WOKHA,-,-,Dhansiri,Brahmaputra,BRAHMAPUTRA,BRAHMAPUTRA,BRAMAPUTRA,Dhansiri,26.23000000,94.26083333,27-10-2022 00:00,2
1054,1054,Doyang Hep Reservoir,CWC,13,Nagaland,250,WOKHA,WOKHA,-,-,Dhansiri,Brahmaputra,BRAHMAPUTRA,BRAHMAPUTRA,BRAMAPUTRA,Dhansiri,26.23000000,94.26083333,27-10-2022 01:00,2
1055,1055,Doyang Hep Reservoir,CWC,13,Nagaland,250,WOKHA,WOKHA,-,-,Dhansiri,Brahmaputra,BRAHMAPUTRA,BRAHMAPUTRA,BRAMAPUTRA,Dhansiri,26.23000000,94.26083333,27-10-2022 02:00,2
1056,1056,Doyang Hep Reservoir,CWC,13,Nagaland,250,WOKHA,WOKHA,-,-,Dhansiri,Brahmaputra,BRAHMAPUTRA,BRAHMAPUTRA,BRAMAPUTRA,Dhansiri,26.23000000,94.26083333,27-10-2022 03:00,2
1057,1057,Doyang Hep Reservoir,CWC,13,Nagaland,250,WOKHA,WOKHA,-,-,Dhansiri,Brahmaputra,BRAHMAPUTRA,BRAHMAPUTRA,BRAMAPUTRA,Dhansiri,26.23000000,94.26083333,17-11-2022 05:00,19
1058,1058,Doyang Hep Reservoir,CWC,13,Nagaland,250,WOKHA,WOKHA,-,-,Dhansiri,Brahmaputra,BRAHMAPUTRA,BRAHMAPUTRA,BRAMAPUTRA,Dhansiri,26.23000000,94.26083333,26-12-2022 10:00,1
1059,1059,Doyang Hep Reservoir,CWC,13,Nagaland,250,WOKHA,WOKHA,-,-,Dhansiri,Brahmaputra,BRAHMAPUTRA,BRAHMAPUTRA,BRAMAPUTRA,Dhansiri,26.23000000,94.26083333,26-12-2022 11:00,1
1060,1060,Doyang Hep Reservoir,CWC,13,Nagaland,250,WOKHA,WOKHA,-,-,Dhansiri,Brahmaputra,BRAHMAPUTRA,BRAHMAPUTRA,BRAMAPUTRA,Dhansiri,26.23000000,94.26083333,26-12-2022 12:00,1
1061,1061,Doyang Hep Reservoir,CWC,13,Nagaland,250,WOKHA,WOKHA,-,-,Dhansiri,Brahmaputra,BRAHMAPUTRA,BRAHMAPUTRA,BRAMAPUTRA,Dhansiri,26.23000000,94.26083333,26-12-2022 13:00,1
1062,1062,Doyang Hep Reservoir,CWC,13,Nagaland,250,WOKHA,WOKHA,-,-,Dhansiri,Brahmaputra,BRAHMAPUTRA,BRAHMAPUTRA,BRAMAPUTRA,Dhansiri,26.23000000,94.26083333,26-12-2022 14:00,1
1063,1063,Doyang Hep Reservoir,CWC,13,Nagaland,250,WOKHA,WOKHA,-,-,Dhansiri,Brahmaputra,BRAHMAPUTRA,BRAHMAPUTRA,BRAMAPUTRA,Dhansiri,26.23000000,94.26083333,26-12-2022 15:00,1.5
1064,1064,Doyang Hep Reservoir,CWC,13,Nagaland,250,WOKHA,WOKHA,-,-,Dhansiri,Brahmaputra,BRAHMAPUTRA,BRAHMAPUTRA,BRAMAPUTRA,Dhansiri,26.23000000,94.26083333,26-12-2022 16:00,1.5
1065,1065,Doyang Hep Reservoir,CWC,13,Nagaland,250,WOKHA,WOKHA,-,-,Dhansiri,Brahmaputra,BRAHMAPUTRA,BRAHMAPUTRA,BRAMAPUTRA,Dhansiri,26.23000000,94.26083333,26-12-2022 17:00,3.5
1066,1066,Doyang Hep Reservoir,CWC,13,Nagaland,250,WOKHA,WOKHA,-,-,Dhansiri,Brahmaputra,BRAHMAPUTRA,BRAHMAPUTRA,BRAMAPUTRA,Dhansiri,26.23000000,94.26083333,26-12-2022 18:00,3.5
1067,1067,Doyang Hep Reservoir,CWC,13,Nagaland,250,WOKHA,WOKHA,-,-,Dhansiri,Brahmaputra,BRAHMAPUTRA,BRAHMAPUTRA,BRAMAPUTRA,Dhansiri,26.23000000,94.26083333,26-12-2022 19:00,3.5
1068,1068,Doyang Hep Reservoir,CWC,13,Nagaland,250,WOKHA,WOKHA,-,-,Dhansiri,Brahmaputra,BRAHMAPUTRA,BRAHMAPUTRA,BRAMAPUTRA,Dhansiri,26.23000000,94.26083333,26-12-2022 20:00,3.5
1069,1069,Doyang Hep Reservoir,CWC,13,Nagaland,250,WOKHA,WOKHA,-,-,Dhansiri,Brahmaputra,BRAHMAPUTRA,BRAHMAPUTRA,BRAMAPUTRA,Dhansiri,26.23000000,94.26083333,26-12-2022 21:00,3.5
1070,1070,Doyang Hep Reservoir,CWC,13,Nagaland,250,WOKHA,WOKHA,-,-,Dhansiri,Brahmaputra,BRAHMAPUTRA,BRAHMAPUTRA,BRAMAPUTRA,Dhansiri,26.23000000,94.26083333,08-02-2023 12:00,0.5
1071,1071,Doyang Hep Reservoir,CWC,13,Nagaland,250,WOKHA,WOKHA,-,-,Dhansiri,Brahmaputra,BRAHMAPUTRA,BRAHMAPUTRA,BRAMAPUTRA,Dhansiri,26.23000000,94.26083333,08-02-2023 13:00,0.5
1072,1072,Doyang Hep Reservoir,CWC,13,Nagaland,250,WOKHA,WOKHA,-,-,Dhansiri,Brahmaputra,BRAHMAPUTRA,BRAHMAPUTRA,BRAMAPUTRA,Dhansiri,26.23000000,94.26083333,22-02-2023 13:00,2
1073,1073,Doyang Hep Reservoir,CWC,13,Nagaland,250,WOKHA,WOKHA,-,-,Dhansiri,Brahmaputra,BRAHMAPUTRA,BRAHMAPUTRA,BRAMAPUTRA,Dhansiri,26.23000000,94.26083333,22-02-2023 18:00,0.5
1074,1074,Doyang Hep Reservoir,CWC,13,Nagaland,250,WOKHA,WOKHA,-,-,Dhansiri,Brahmaputra,BRAHMAPUTRA,BRAHMAPUTRA,BRAMAPUTRA,Dhansiri,26.23000000,94.26083333,15-03-2023 10:00,0.5
1075,1075,Doyang Hep Reservoir,CWC,13,Nagaland,250,WOKHA,WOKHA,-,-,Dhansiri,Brahmaputra,BRAHMAPUTRA,BRAHMAPUTRA,BRAMAPUTRA,Dhansiri,26.23000000,94.26083333,15-03-2023 11:00,1.5
1076,1076,Doyang Hep Reservoir,CWC,13,Nagaland,250,WOKHA,WOKHA,-,-,Dhansiri,Brahmaputra,BRAHMAPUTRA,BRAHMAPUTRA,BRAMAPUTRA,Dhansiri,26.23000000,94.26083333,19-03-2023 08:00,0.5
1077,1077,Doyang Hep Reservoir,CWC,13,Nagaland,250,WOKHA,WOKHA,-,-,Dhansiri,Brahmaputra,BRAHMAPUTRA,BRAHMAPUTRA,BRAMAPUTRA,Dhansiri,26.23000000,94.26083333,19-03-2023 09:00,0.5
1078,1078,Doyang Hep Reservoir,CWC,13,Nagaland,250,WOKHA,WOKHA,-,-,Dhansiri,Brahmaputra,BRAHMAPUTRA,BRAHMAPUTRA,BRAMAPUTRA,Dhansiri,26.23000000,94.26083333,19-03-2023 10:00,1.5
1079,1079,Doyang Hep Reservoir,CWC,13,Nagaland,250,WOKHA,WOKHA,-,-,Dhansiri,Brahmaputra,BRAHMAPUTRA,BRAHMAPUTRA,BRAMAPUTRA,Dhansiri,26.23000000,94.26083333,19-03-2023 11:00,1
1080,1080,Doyang Hep Reservoir,CWC,13,Nagaland,250,WOKHA,WOKHA,-,-,Dhansiri,Brahmaputra,BRAHMAPUTRA,BRAHMAPUTRA,BRAMAPUTRA,Dhansiri,26.23000000,94.26083333,19-03-2023 12:00,0.5
1081,1081,Doyang Hep Reservoir,CWC,13,Nagaland,250,WOKHA,WOKHA,-,-,Dhansiri,Brahmaputra,BRAHMAPUTRA,BRAHMAPUTRA,BRAMAPUTRA,Dhansiri,26.23000000,94.26083333,19-03-2023 13:00,0.5
1082,1082,Doyang Hep Reservoir,CWC,13,Nagaland,250,WOKHA,WOKHA,-,-,Dhansiri,Brahmaputra,BRAHMAPUTRA,BRAHMAPUTRA,BRAMAPUTRA,Dhansiri,26.23000000,94.26083333,19-03-2023 14:00,0.5
1083,1083,Doyang Hep Reservoir,CWC,13,Nagaland,250,WOKHA,WOKHA,-,-,Dhansiri,Brahmaputra,BRAHMAPUTRA,BRAHMAPUTRA,BRAMAPUTRA,Dhansiri,26.23000000,94.26083333,19-03-2023 21:00,0.5
1084,1084,Doyang Hep Reservoir,CWC,13,Nagaland,250,WOKHA,WOKHA,-,-,Dhansiri,Brahmaputra,BRAHMAPUTRA,BRAHMAPUTRA,BRAMAPUTRA,Dhansiri,26.23000000,94.26083333,19-03-2023 22:00,0.5
1085,1085,Doyang Hep Reservoir,CWC,13,Nagaland,250,WOKHA,WOKHA,-,-,Dhansiri,Brahmaputra,BRAHMAPUTRA,BRAHMAPUTRA,BRAMAPUTRA,Dhansiri,26.23000000,94.26083333,19-03-2023 23:00,0.5
1086,1086,Doyang Hep Reservoir,CWC,13,Nagaland,250,WOKHA,WOKHA,-,-,Dhansiri,Brahmaputra,BRAHMAPUTRA,BRAHMAPUTRA,BRAMAPUTRA,Dhansiri,26.23000000,94.26083333,20-03-2023 03:00,0.5
1087,1087,Doyang Hep Reservoir,CWC,13,Nagaland,250,WOKHA,WOKHA,-,-,Dhansiri,Brahmaputra,BRAHMAPUTRA,BRAHMAPUTRA,BRAMAPUTRA,Dhansiri,26.23000000,94.26083333,20-03-2023 05:00,0.5
1088,1088,Doyang Hep Reservoir,CWC,13,Nagaland,250,WOKHA,WOKHA,-,-,Dhansiri,Brahmaputra,BRAHMAPUTRA,BRAHMAPUTRA,BRAMAPUTRA,Dhansiri,26.23000000,94.26083333,20-03-2023 09:00,0.5
1089,1089,Doyang Hep Reservoir,CWC,13,Nagaland,250,WOKHA,WOKHA,-,-,Dhansiri,Brahmaputra,BRAHMAPUTRA,BRAHMAPUTRA,BRAMAPUTRA,Dhansiri,26.23000000,94.26083333,20-03-2023 13:00,0.5
1090,1090,Doyang Hep Reservoir,CWC,13,Nagaland,250,WOKHA,WOKHA,-,-,Dhansiri,Brahmaputra,BRAHMAPUTRA,BRAHMAPUTRA,BRAMAPUTRA,Dhansiri,26.23000000,94.26083333,20-03-2023 23:00,0.5
1091,1091,Doyang Hep Reservoir,CWC,13,Nagaland,250,WOKHA,WOKHA,-,-,Dhansiri,Brahmaputra,BRAHMAPUTRA,BRAHMAPUTRA,BRAMAPUTRA,Dhansiri,26.23000000,94.26083333,21-03-2023 11:00,0.5
1092,1092,Doyang Hep Reservoir,CWC,13,Nagaland,250,WOKHA,WOKHA,-,-,Dhansiri,Brahmaputra,BRAHMAPUTRA,BRAHMAPUTRA,BRAMAPUTRA,Dhansiri,26.23000000,94.26083333,22-03-2023 08:00,0.5
1093,1093,Doyang Hep Reservoir,CWC,13,Nagaland,250,WOKHA,WOKHA,-,-,Dhansiri,Brahmaputra,BRAHMAPUTRA,BRAHMAPUTRA,BRAMAPUTRA,Dhansiri,26.23000000,94.26083333,23-03-2023 13:00,0.5
1094,1094,Doyang Hep Reservoir,CWC,13,Nagaland,250,WOKHA,WOKHA,-,-,Dhansiri,Brahmaputra,BRAHMAPUTRA,BRAHMAPUTRA,BRAMAPUTRA,Dhansiri,26.23000000,94.26083333,25-03-2023 13:00,0.5
1095,1095,Doyang Hep Reservoir,CWC,13,Nagaland,250,WOKHA,WOKHA,-,-,Dhansiri,Brahmaputra,BRAHMAPUTRA,BRAHMAPUTRA,BRAMAPUTRA,Dhansiri,26.23000000,94.26083333,28-03-2023 00:00,0.5
1096,1096,Doyang Hep Reservoir,CWC,13,Nagaland,250,WOKHA,WOKHA,-,-,Dhansiri,Brahmaputra,BRAHMAPUTRA,BRAHMAPUTRA,BRAMAPUTRA,Dhansiri,26.23000000,94.26083333,29-03-2023 22:00,0.5
1097,1097,Doyang Hep Reservoir,CWC,13,Nagaland,250,WOKHA,WOKHA,-,-,Dhansiri,Brahmaputra,BRAHMAPUTRA,BRAHMAPUTRA,BRAMAPUTRA,Dhansiri,26.23000000,94.26083333,01-04-2023 08:00,0.5
1098,1098,Doyang Hep Reservoir,CWC,13,Nagaland,250,WOKHA,WOKHA,-,-,Dhansiri,Brahmaputra,BRAHMAPUTRA,BRAHMAPUTRA,BRAMAPUTRA,Dhansiri,26.23000000,94.26083333,04-04-2023 15:00,0.5
1099,1099,Doyang Hep Reservoir,CWC,13,Nagaland,250,WOKHA,WOKHA,-,-,Dhansiri,Brahmaputra,BRAHMAPUTRA,BRAHMAPUTRA,BRAMAPUTRA,Dhansiri,26.23000000,94.26083333,08-04-2023 22:00,0.5
1100,1100,Doyang Hep Reservoir,CWC,13,Nagaland,250,WOKHA,WOKHA,-,-,Dhansiri,Brahmaputra,BRAHMAPUTRA,BRAHMAPUTRA,BRAMAPUTRA,Dhansiri,26.23000000,94.26083333,17-04-2023 17:00,0.5
1101,1101,Doyang Hep Reservoir,CWC,13,Nagaland,250,WOKHA,WOKHA,-,-,Dhansiri,Brahmaputra,BRAHMAPUTRA,BRAHMAPUTRA,BRAMAPUTRA,Dhansiri,26.23000000,94.26083333,17-04-2023 18:00,0.5
1102,1102,Doyang Hep Reservoir,CWC,13,Nagaland,250,WOKHA,WOKHA,-,-,Dhansiri,Brahmaputra,BRAHMAPUTRA,BRAHMAPUTRA,BRAMAPUTRA,Dhansiri,26.23000000,94.26083333,17-04-2023 19:00,0.5
1103,1103,Doyang Hep Reservoir,CWC,13,Nagaland,250,WOKHA,WOKHA,-,-,Dhansiri,Brahmaputra,BRAHMAPUTRA,BRAHMAPUTRA,BRAMAPUTRA,Dhansiri,26.23000000,94.26083333,17-04-2023 20:00,1.5
1104,1104,Doyang Hep Reservoir,CWC,13,Nagaland,250,WOKHA,WOKHA,-,-,Dhansiri,Brahmaputra,BRAHMAPUTRA,BRAHMAPUTRA,BRAMAPUTRA,Dhansiri,26.23000000,94.26083333,17-04-2023 21:00,1.5
1105,1105,Doyang Hep Reservoir,CWC,13,Nagaland,250,WOKHA,WOKHA,-,-,Dhansiri,Brahmaputra,BRAHMAPUTRA,BRAHMAPUTRA,BRAMAPUTRA,Dhansiri,26.23000000,94.26083333,17-04-2023 22:00,1
1106,1106,Doyang Hep Reservoir,CWC,13,Nagaland,250,WOKHA,WOKHA,-,-,Dhansiri,Brahmaputra,BRAHMAPUTRA,BRAHMAPUTRA,BRAMAPUTRA,Dhansiri,26.23000000,94.26083333,17-04-2023 23:00,1
1107,1107,Doyang Hep Reservoir,CWC,13,Nagaland,250,WOKHA,WOKHA,-,-,Dhansiri,Brahmaputra,BRAHMAPUTRA,BRAHMAPUTRA,BRAMAPUTRA,Dhansiri,26.23000000,94.26083333,18-04-2023 00:00,0.5
1108,1108,Doyang Hep Reservoir,CWC,13,Nagaland,250,WOKHA,WOKHA,-,-,Dhansiri,Brahmaputra,BRAHMAPUTRA,BRAHMAPUTRA,BRAMAPUTRA,Dhansiri,26.23000000,94.26083333,18-04-2023 01:00,0.5
1109,1109,Doyang Hep Reservoir,CWC,13,Nagaland,250,WOKHA,WOKHA,-,-,Dhansiri,Brahmaputra,BRAHMAPUTRA,BRAHMAPUTRA,BRAMAPUTRA,Dhansiri,26.23000000,94.26083333,18-04-2023 02:00,0.5
1110,1110,Doyang Hep Reservoir,CWC,13,Nagaland,250,WOKHA,WOKHA,-,-,Dhansiri,Brahmaputra,BRAHMAPUTRA,BRAHMAPUTRA,BRAMAPUTRA,Dhansiri,26.23000000,94.26083333,18-04-2023 03:00,0.5
1111,1111,Doyang Hep Reservoir,CWC,13,Nagaland,250,WOKHA,WOKHA,-,-,Dhansiri,Brahmaputra,BRAHMAPUTRA,BRAHMAPUTRA,BRAMAPUTRA,Dhansiri,26.23000000,94.26083333,18-04-2023 05:00,0.5
1112,1112,Doyang Hep Reservoir,CWC,13,Nagaland,250,WOKHA,WOKHA,-,-,Dhansiri,Brahmaputra,BRAHMAPUTRA,BRAHMAPUTRA,BRAMAPUTRA,Dhansiri,26.23000000,94.26083333,18-04-2023 07:00,0.5
1113,1113,Doyang Hep Reservoir,CWC,13,Nagaland,250,WOKHA,WOKHA,-,-,Dhansiri,Brahmaputra,BRAHMAPUTRA,BRAHMAPUTRA,BRAMAPUTRA,Dhansiri,26.23000000,94.26083333,18-04-2023 08:00,0.5
1114,1114,Doyang Hep Reservoir,CWC,13,Nagaland,250,WOKHA,WOKHA,-,-,Dhansiri,Brahmaputra,BRAHMAPUTRA,BRAHMAPUTRA,BRAMAPUTRA,Dhansiri,26.23000000,94.26083333,18-04-2023 11:00,0.5
1115,1115,Doyang Hep Reservoir,CWC,13,Nagaland,250,WOKHA,WOKHA,-,-,Dhansiri,Brahmaputra,BRAHMAPUTRA,BRAHMAPUTRA,BRAMAPUTRA,Dhansiri,26.23000000,94.26083333,27-05-2023 09:00,0.5
1116,1116,Doyang Hep Reservoir,CWC,13,Nagaland,250,WOKHA,WOKHA,-,-,Dhansiri,Brahmaputra,BRAHMAPUTRA,BRAHMAPUTRA,BRAMAPUTRA,Dhansiri,26.23000000,94.26083333,07-06-2023 10:00,1.5
1117,1117,Doyang Hep Reservoir,CWC,13,Nagaland,250,WOKHA,WOKHA,-,-,Dhansiri,Brahmaputra,BRAHMAPUTRA,BRAHMAPUTRA,BRAMAPUTRA,Dhansiri,26.23000000,94.26083333,13-06-2023 12:00,0.5
1118,1118,Doyang Hep Reservoir,CWC,13,Nagaland,250,WOKHA,WOKHA,-,-,Dhansiri,Brahmaputra,BRAHMAPUTRA,BRAHMAPUTRA,BRAMAPUTRA,Dhansiri,26.23000000,94.26083333,19-06-2023 12:00,0.5
1119,1119,Doyang Hep Reservoir,CWC,13,Nagaland,250,WOKHA,WOKHA,-,-,Dhansiri,Brahmaputra,BRAHMAPUTRA,BRAHMAPUTRA,BRAMAPUTRA,Dhansiri,26.23000000,94.26083333,20-06-2023 10:00,0.5
1120,1120,Doyang Hep Reservoir,CWC,13,Nagaland,250,WOKHA,WOKHA,-,-,Dhansiri,Brahmaputra,BRAHMAPUTRA,BRAHMAPUTRA,BRAMAPUTRA,Dhansiri,26.23000000,94.26083333,21-06-2023 10:00,0.5
1121,1121,Doyang Hep Reservoir,CWC,13,Nagaland,250,WOKHA,WOKHA,-,-,Dhansiri,Brahmaputra,BRAHMAPUTRA,BRAHMAPUTRA,BRAMAPUTRA,Dhansiri,26.23000000,94.26083333,22-06-2023 13:00,0.5
1122,1122,Doyang Hep Reservoir,CWC,13,Nagaland,250,WOKHA,WOKHA,-,-,Dhansiri,Brahmaputra,BRAHMAPUTRA,BRAHMAPUTRA,BRAMAPUTRA,Dhansiri,26.23000000,94.26083333,24-06-2023 04:00,0.5
1123,1123,Doyang Hep Reservoir,CWC,13,Nagaland,250,WOKHA,WOKHA,-,-,Dhansiri,Brahmaputra,BRAHMAPUTRA,BRAHMAPUTRA,BRAMAPUTRA,Dhansiri,26.23000000,94.26083333,27-06-2023 16:00,0.5
1124,1124,Doyang Hep Reservoir,CWC,13,Nagaland,250,WOKHA,WOKHA,-,-,Dhansiri,Brahmaputra,BRAHMAPUTRA,BRAHMAPUTRA,BRAMAPUTRA,Dhansiri,26.23000000,94.26083333,15-07-2023 16:00,0.5
1125,1125,Doyang Hep Reservoir,CWC,13,Nagaland,250,WOKHA,WOKHA,-,-,Dhansiri,Brahmaputra,BRAHMAPUTRA,BRAHMAPUTRA,BRAMAPUTRA,Dhansiri,26.23000000,94.26083333,02-08-2023 02:00,3.5
1126,1126,Doyang Hep Reservoir,CWC,13,Nagaland,250,WOKHA,WOKHA,-,-,Dhansiri,Brahmaputra,BRAHMAPUTRA,BRAHMAPUTRA,BRAMAPUTRA,Dhansiri,26.23000000,94.26083333,06-08-2023 11:00,8.5
1127,1127,Doyang Hep Reservoir,CWC,13,Nagaland,250,WOKHA,WOKHA,-,-,Dhansiri,Brahmaputra,BRAHMAPUTRA,BRAHMAPUTRA,BRAMAPUTRA,Dhansiri,26.23000000,94.26083333,06-08-2023 12:00,2.5
1128,1128,Doyang Hep Reservoir,CWC,13,Nagaland,250,WOKHA,WOKHA,-,-,Dhansiri,Brahmaputra,BRAHMAPUTRA,BRAHMAPUTRA,BRAMAPUTRA,Dhansiri,26.23000000,94.26083333,06-08-2023 14:00,3
1129,1129,Doyang Hep Reservoir,CWC,13,Nagaland,250,WOKHA,WOKHA,-,-,Dhansiri,Brahmaputra,BRAHMAPUTRA,BRAHMAPUTRA,BRAMAPUTRA,Dhansiri,26.23000000,94.26083333,06-08-2023 15:00,2.5
1130,1130,Doyang Hep Reservoir,CWC,13,Nagaland,250,WOKHA,WOKHA,-,-,Dhansiri,Brahmaputra,BRAHMAPUTRA,BRAHMAPUTRA,BRAMAPUTRA,Dhansiri,26.23000000,94.26083333,06-08-2023 18:00,7
1131,1131,Doyang Hep Reservoir,CWC,13,Nagaland,250,WOKHA,WOKHA,-,-,Dhansiri,Brahmaputra,BRAHMAPUTRA,BRAHMAPUTRA,BRAMAPUTRA,Dhansiri,26.23000000,94.26083333,06-08-2023 19:00,10.5
1132,1132,Doyang Hep Reservoir,CWC,13,Nagaland,250,WOKHA,WOKHA,-,-,Dhansiri,Brahmaputra,BRAHMAPUTRA,BRAHMAPUTRA,BRAMAPUTRA,Dhansiri,26.23000000,94.26083333,06-08-2023 20:00,1.5
1133,1133,Doyang Hep Reservoir,CWC,13,Nagaland,250,WOKHA,WOKHA,-,-,Dhansiri,Brahmaputra,BRAHMAPUTRA,BRAHMAPUTRA,BRAMAPUTRA,Dhansiri,26.23000000,94.26083333,06-08-2023 22:00,1
1134,1134,Doyang Hep Reservoir,CWC,13,Nagaland,250,WOKHA,WOKHA,-,-,Dhansiri,Brahmaputra,BRAHMAPUTRA,BRAHMAPUTRA,BRAMAPUTRA,Dhansiri,26.23000000,94.26083333,06-08-2023 23:00,0.5
1135,1135,Doyang Hep Reservoir,CWC,13,Nagaland,250,WOKHA,WOKHA,-,-,Dhansiri,Brahmaputra,BRAHMAPUTRA,BRAHMAPUTRA,BRAMAPUTRA,Dhansiri,26.23000000,94.26083333,07-08-2023 08:00,0.5
1136,1136,Doyang Hep Reservoir,CWC,13,Nagaland,250,WOKHA,WOKHA,-,-,Dhansiri,Brahmaputra,BRAHMAPUTRA,BRAHMAPUTRA,BRAMAPUTRA,Dhansiri,26.23000000,94.26083333,07-08-2023 14:00,12.5
1137,1137,Doyang Hep Reservoir,CWC,13,Nagaland,250,WOKHA,WOKHA,-,-,Dhansiri,Brahmaputra,BRAHMAPUTRA,BRAHMAPUTRA,BRAMAPUTRA,Dhansiri,26.23000000,94.26083333,07-08-2023 15:00,5
1138,1138,Doyang Hep Reservoir,CWC,13,Nagaland,250,WOKHA,WOKHA,-,-,Dhansiri,Brahmaputra,BRAHMAPUTRA,BRAHMAPUTRA,BRAMAPUTRA,Dhansiri,26.23000000,94.26083333,07-08-2023 16:00,3.5
1139,1139,Doyang Hep Reservoir,CWC,13,Nagaland,250,WOKHA,WOKHA,-,-,Dhansiri,Brahmaputra,BRAHMAPUTRA,BRAHMAPUTRA,BRAMAPUTRA,Dhansiri,26.23000000,94.26083333,07-08-2023 17:00,1
1140,1140,Doyang Hep Reservoir,CWC,13,Nagaland,250,WOKHA,WOKHA,-,-,Dhansiri,Brahmaputra,BRAHMAPUTRA,BRAHMAPUTRA,BRAMAPUTRA,Dhansiri,26.23000000,94.26083333,07-08-2023 18:00,1.5
1141,1141,Doyang Hep Reservoir,CWC,13,Nagaland,250,WOKHA,WOKHA,-,-,Dhansiri,Brahmaputra,BRAHMAPUTRA,BRAHMAPUTRA,BRAMAPUTRA,Dhansiri,26.23000000,94.26083333,09-08-2023 17:00,0.5
1142,1142,Doyang Hep Reservoir,CWC,13,Nagaland,250,WOKHA,WOKHA,-,-,Dhansiri,Brahmaputra,BRAHMAPUTRA,BRAHMAPUTRA,BRAMAPUTRA,Dhansiri,26.23000000,94.26083333,09-08-2023 20:00,1
1143,1143,Doyang Hep Reservoir,CWC,13,Nagaland,250,WOKHA,WOKHA,-,-,Dhansiri,Brahmaputra,BRAHMAPUTRA,BRAHMAPUTRA,BRAMAPUTRA,Dhansiri,26.23000000,94.26083333,09-08-2023 21:00,7
1144,1144,Doyang Hep Reservoir,CWC,13,Nagaland,250,WOKHA,WOKHA,-,-,Dhansiri,Brahmaputra,BRAHMAPUTRA,BRAHMAPUTRA,BRAMAPUTRA,Dhansiri,26.23000000,94.26083333,12-08-2023 14:00,1
1145,1145,Doyang Hep Reservoir,CWC,13,Nagaland,250,WOKHA,WOKHA,-,-,Dhansiri,Brahmaputra,BRAHMAPUTRA,BRAHMAPUTRA,BRAMAPUTRA,Dhansiri,26.23000000,94.26083333,12-08-2023 15:00,1
1146,1146,Doyang Hep Reservoir,CWC,13,Nagaland,250,WOKHA,WOKHA,-,-,Dhansiri,Brahmaputra,BRAHMAPUTRA,BRAHMAPUTRA,BRAMAPUTRA,Dhansiri,26.23000000,94.26083333,12-08-2023 16:00,1.5
1147,1147,Doyang Hep Reservoir,CWC,13,Nagaland,250,WOKHA,WOKHA,-,-,Dhansiri,Brahmaputra,BRAHMAPUTRA,BRAHMAPUTRA,BRAMAPUTRA,Dhansiri,26.23000000,94.26083333,12-08-2023 17:00,1
1148,1148,Doyang Hep Reservoir,CWC,13,Nagaland,250,WOKHA,WOKHA,-,-,Dhansiri,Brahmaputra,BRAHMAPUTRA,BRAHMAPUTRA,BRAMAPUTRA,Dhansiri,26.23000000,94.26083333,12-08-2023 18:00,0.5
1149,1149,Doyang Hep Reservoir,CWC,13,Nagaland,250,WOKHA,WOKHA,-,-,Dhansiri,Brahmaputra,BRAHMAPUTRA,BRAHMAPUTRA,BRAMAPUTRA,Dhansiri,26.23000000,94.26083333,12-08-2023 23:00,0.5
1150,1150,Doyang Hep Reservoir,CWC,13,Nagaland,250,WOKHA,WOKHA,-,-,Dhansiri,Brahmaputra,BRAHMAPUTRA,BRAHMAPUTRA,BRAMAPUTRA,Dhansiri,26.23000000,94.26083333,13-08-2023 10:00,1
1151,1151,Doyang Hep Reservoir,CWC,13,Nagaland,250,WOKHA,WOKHA,-,-,Dhansiri,Brahmaputra,BRAHMAPUTRA,BRAHMAPUTRA,BRAMAPUTRA,Dhansiri,26.23000000,94.26083333,13-08-2023 14:00,1
1152,1152,Doyang Hep Reservoir,CWC,13,Nagaland,250,WOKHA,WOKHA,-,-,Dhansiri,Brahmaputra,BRAHMAPUTRA,BRAHMAPUTRA,BRAMAPUTRA,Dhansiri,26.23000000,94.26083333,14-08-2023 16:00,1.5
1153,1153,Doyang Hep Reservoir,CWC,13,Nagaland,250,WOKHA,WOKHA,-,-,Dhansiri,Brahmaputra,BRAHMAPUTRA,BRAHMAPUTRA,BRAMAPUTRA,Dhansiri,26.23000000,94.26083333,14-08-2023 17:00,0.5
1154,1154,Doyang Hep Reservoir,CWC,13,Nagaland,250,WOKHA,WOKHA,-,-,Dhansiri,Brahmaputra,BRAHMAPUTRA,BRAHMAPUTRA,BRAMAPUTRA,Dhansiri,26.23000000,94.26083333,16-08-2023 02:00,1
1155,1155,Doyang Hep Reservoir,CWC,13,Nagaland,250,WOKHA,WOKHA,-,-,Dhansiri,Brahmaputra,BRAHMAPUTRA,BRAHMAPUTRA,BRAMAPUTRA,Dhansiri,26.23000000,94.26083333,16-08-2023 03:00,3
1156,1156,Doyang Hep Reservoir,CWC,13,Nagaland,250,WOKHA,WOKHA,-,-,Dhansiri,Brahmaputra,BRAHMAPUTRA,BRAHMAPUTRA,BRAMAPUTRA,Dhansiri,26.23000000,94.26083333,16-08-2023 04:00,0.5
1157,1157,Doyang Hep Reservoir,CWC,13,Nagaland,250,WOKHA,WOKHA,-,-,Dhansiri,Brahmaputra,BRAHMAPUTRA,BRAHMAPUTRA,BRAMAPUTRA,Dhansiri,26.23000000,94.26083333,17-08-2023 11:00,1
1158,1158,Doyang Hep Reservoir,CWC,13,Nagaland,250,WOKHA,WOKHA,-,-,Dhansiri,Brahmaputra,BRAHMAPUTRA,BRAHMAPUTRA,BRAMAPUTRA,Dhansiri,26.23000000,94.26083333,17-08-2023 12:00,0.5
1159,1159,Doyang Hep Reservoir,CWC,13,Nagaland,250,WOKHA,WOKHA,-,-,Dhansiri,Brahmaputra,BRAHMAPUTRA,BRAHMAPUTRA,BRAMAPUTRA,Dhansiri,26.23000000,94.26083333,19-08-2023 00:00,8.5
1160,1160,Doyang Hep Reservoir,CWC,13,Nagaland,250,WOKHA,WOKHA,-,-,Dhansiri,Brahmaputra,BRAHMAPUTRA,BRAHMAPUTRA,BRAMAPUTRA,Dhansiri,26.23000000,94.26083333,19-08-2023 01:00,3
1161,1161,Doyang Hep Reservoir,CWC,13,Nagaland,250,WOKHA,WOKHA,-,-,Dhansiri,Brahmaputra,BRAHMAPUTRA,BRAHMAPUTRA,BRAMAPUTRA,Dhansiri,26.23000000,94.26083333,19-08-2023 02:00,0.5
1162,1162,Doyang Hep Reservoir,CWC,13,Nagaland,250,WOKHA,WOKHA,-,-,Dhansiri,Brahmaputra,BRAHMAPUTRA,BRAHMAPUTRA,BRAMAPUTRA,Dhansiri,26.23000000,94.26083333,19-08-2023 03:00,0.5
1163,1163,Doyang Hep Reservoir,CWC,13,Nagaland,250,WOKHA,WOKHA,-,-,Dhansiri,Brahmaputra,BRAHMAPUTRA,BRAHMAPUTRA,BRAMAPUTRA,Dhansiri,26.23000000,94.26083333,20-08-2023 01:00,0.5
1164,1164,Doyang Hep Reservoir,CWC,13,Nagaland,250,WOKHA,WOKHA,-,-,Dhansiri,Brahmaputra,BRAHMAPUTRA,BRAHMAPUTRA,BRAMAPUTRA,Dhansiri,26.23000000,94.26083333,20-08-2023 20:00,3.5
1165,1165,Doyang Hep Reservoir,CWC,13,Nagaland,250,WOKHA,WOKHA,-,-,Dhansiri,Brahmaputra,BRAHMAPUTRA,BRAHMAPUTRA,BRAMAPUTRA,Dhansiri,26.23000000,94.26083333,22-08-2023 00:00,1
1166,1166,Doyang Hep Reservoir,CWC,13,Nagaland,250,WOKHA,WOKHA,-,-,Dhansiri,Brahmaputra,BRAHMAPUTRA,BRAHMAPUTRA,BRAMAPUTRA,Dhansiri,26.23000000,94.26083333,22-08-2023 01:00,4.5
1167,1167,Doyang Hep Reservoir,CWC,13,Nagaland,250,WOKHA,WOKHA,-,-,Dhansiri,Brahmaputra,BRAHMAPUTRA,BRAHMAPUTRA,BRAMAPUTRA,Dhansiri,26.23000000,94.26083333,22-08-2023 02:00,1
1168,1168,Doyang Hep Reservoir,CWC,13,Nagaland,250,WOKHA,WOKHA,-,-,Dhansiri,Brahmaputra,BRAHMAPUTRA,BRAHMAPUTRA,BRAMAPUTRA,Dhansiri,26.23000000,94.26083333,24-08-2023 10:00,1
1169,1169,Doyang Hep Reservoir,CWC,13,Nagaland,250,WOKHA,WOKHA,-,-,Dhansiri,Brahmaputra,BRAHMAPUTRA,BRAHMAPUTRA,BRAMAPUTRA,Dhansiri,26.23000000,94.26083333,24-08-2023 18:00,3
1170,1170,Doyang Hep Reservoir,CWC,13,Nagaland,250,WOKHA,WOKHA,-,-,Dhansiri,Brahmaputra,BRAHMAPUTRA,BRAHMAPUTRA,BRAMAPUTRA,Dhansiri,26.23000000,94.26083333,24-08-2023 19:00,9
1171,1171,Doyang Hep Reservoir,CWC,13,Nagaland,250,WOKHA,WOKHA,-,-,Dhansiri,Brahmaputra,BRAHMAPUTRA,BRAHMAPUTRA,BRAMAPUTRA,Dhansiri,26.23000000,94.26083333,24-08-2023 23:00,2
1172,1172,Doyang Hep Reservoir,CWC,13,Nagaland,250,WOKHA,WOKHA,-,-,Dhansiri,Brahmaputra,BRAHMAPUTRA,BRAHMAPUTRA,BRAMAPUTRA,Dhansiri,26.23000000,94.26083333,25-08-2023 00:00,13
1173,1173,Doyang Hep Reservoir,CWC,13,Nagaland,250,WOKHA,WOKHA,-,-,Dhansiri,Brahmaputra,BRAHMAPUTRA,BRAHMAPUTRA,BRAMAPUTRA,Dhansiri,26.23000000,94.26083333,25-08-2023 01:00,1
1174,1174,Doyang Hep Reservoir,CWC,13,Nagaland,250,WOKHA,WOKHA,-,-,Dhansiri,Brahmaputra,BRAHMAPUTRA,BRAHMAPUTRA,BRAMAPUTRA,Dhansiri,26.23000000,94.26083333,25-08-2023 10:00,0.5
1175,1175,Doyang Hep Reservoir,CWC,13,Nagaland,250,WOKHA,WOKHA,-,-,Dhansiri,Brahmaputra,BRAHMAPUTRA,BRAHMAPUTRA,BRAMAPUTRA,Dhansiri,26.23000000,94.26083333,25-08-2023 14:00,2.5
1176,1176,Doyang Hep Reservoir,CWC,13,Nagaland,250,WOKHA,WOKHA,-,-,Dhansiri,Brahmaputra,BRAHMAPUTRA,BRAHMAPUTRA,BRAMAPUTRA,Dhansiri,26.23000000,94.26083333,25-08-2023 15:00,4
1177,1177,Doyang Hep Reservoir,CWC,13,Nagaland,250,WOKHA,WOKHA,-,-,Dhansiri,Brahmaputra,BRAHMAPUTRA,BRAHMAPUTRA,BRAMAPUTRA,Dhansiri,26.23000000,94.26083333,25-08-2023 16:00,1
1178,1178,Doyang Hep Reservoir,CWC,13,Nagaland,250,WOKHA,WOKHA,-,-,Dhansiri,Brahmaputra,BRAHMAPUTRA,BRAHMAPUTRA,BRAMAPUTRA,Dhansiri,26.23000000,94.26083333,25-08-2023 19:00,2
1179,1179,Doyang Hep Reservoir,CWC,13,Nagaland,250,WOKHA,WOKHA,-,-,Dhansiri,Brahmaputra,BRAHMAPUTRA,BRAHMAPUTRA,BRAMAPUTRA,Dhansiri,26.23000000,94.26083333,25-08-2023 20:00,1
1180,1180,Doyang Hep Reservoir,CWC,13,Nagaland,250,WOKHA,WOKHA,-,-,Dhansiri,Brahmaputra,BRAHMAPUTRA,BRAHMAPUTRA,BRAMAPUTRA,Dhansiri,26.23000000,94.26083333,26-08-2023 07:00,0.5
1181,1181,Doyang Hep Reservoir,CWC,13,Nagaland,250,WOKHA,WOKHA,-,-,Dhansiri,Brahmaputra,BRAHMAPUTRA,BRAHMAPUTRA,BRAMAPUTRA,Dhansiri,26.23000000,94.26083333,28-08-2023 04:00,1
1182,1182,Doyang Hep Reservoir,CWC,13,Nagaland,250,WOKHA,WOKHA,-,-,Dhansiri,Brahmaputra,BRAHMAPUTRA,BRAHMAPUTRA,BRAMAPUTRA,Dhansiri,26.23000000,94.26083333,28-08-2023 05:00,1
1183,1183,Doyang Hep Reservoir,CWC,13,Nagaland,250,WOKHA,WOKHA,-,-,Dhansiri,Brahmaputra,BRAHMAPUTRA,BRAHMAPUTRA,BRAMAPUTRA,Dhansiri,26.23000000,94.26083333,23-09-2023 13:00,2
1184,1184,Doyang Hep Reservoir,CWC,13,Nagaland,250,WOKHA,WOKHA,-,-,Dhansiri,Brahmaputra,BRAHMAPUTRA,BRAHMAPUTRA,BRAMAPUTRA,Dhansiri,26.23000000,94.26083333,24-09-2023 17:00,0.5
1185,1185,Doyang Hep Reservoir,CWC,13,Nagaland,250,WOKHA,WOKHA,-,-,Dhansiri,Brahmaputra,BRAHMAPUTRA,BRAHMAPUTRA,BRAMAPUTRA,Dhansiri,26.23000000,94.26083333,25-09-2023 08:00,7
1186,1186,Doyang Hep Reservoir,CWC,13,Nagaland,250,WOKHA,WOKHA,-,-,Dhansiri,Brahmaputra,BRAHMAPUTRA,BRAHMAPUTRA,BRAMAPUTRA,Dhansiri,26.23000000,94.26083333,30-09-2023 12:00,2
1187,1187,Doyang Hep Reservoir,CWC,13,Nagaland,250,WOKHA,WOKHA,-,-,Dhansiri,Brahmaputra,BRAHMAPUTRA,BRAHMAPUTRA,BRAMAPUTRA,Dhansiri,26.23000000,94.26083333,30-09-2023 23:00,2
1188,1188,Doyang Hep Reservoir,CWC,13,Nagaland,250,WOKHA,WOKHA,-,-,Dhansiri,Brahmaputra,BRAHMAPUTRA,BRAHMAPUTRA,BRAMAPUTRA,Dhansiri,26.23000000,94.26083333,01-10-2023 00:00,2
1189,1189,Doyang Hep Reservoir,CWC,13,Nagaland,250,WOKHA,WOKHA,-,-,Dhansiri,Brahmaputra,BRAHMAPUTRA,BRAHMAPUTRA,BRAMAPUTRA,Dhansiri,26.23000000,94.26083333,01-10-2023 01:00,2
1190,1190,Doyang Hep Reservoir,CWC,13,Nagaland,250,WOKHA,WOKHA,-,-,Dhansiri,Brahmaputra,BRAHMAPUTRA,BRAHMAPUTRA,BRAMAPUTRA,Dhansiri,26.23000000,94.26083333,01-10-2023 02:00,2
1191,1191,Doyang Hep Reservoir,CWC,13,Nagaland,250,WOKHA,WOKHA,-,-,Dhansiri,Brahmaputra,BRAHMAPUTRA,BRAHMAPUTRA,BRAMAPUTRA,Dhansiri,26.23000000,94.26083333,02-10-2023 16:00,31.5
1192,1192,Doyang Hep Reservoir,CWC,13,Nagaland,250,WOKHA,WOKHA,-,-,Dhansiri,Brahmaputra,BRAHMAPUTRA,BRAHMAPUTRA,BRAMAPUTRA,Dhansiri,26.23000000,94.26083333,02-10-2023 17:00,0.5
1193,1193,Doyang Hep Reservoir,CWC,13,Nagaland,250,WOKHA,WOKHA,-,-,Dhansiri,Brahmaputra,BRAHMAPUTRA,BRAHMAPUTRA,BRAMAPUTRA,Dhansiri,26.23000000,94.26083333,04-10-2023 14:00,0.5
1194,1194,Doyang Hep Reservoir,CWC,13,Nagaland,250,WOKHA,WOKHA,-,-,Dhansiri,Brahmaputra,BRAHMAPUTRA,BRAHMAPUTRA,BRAMAPUTRA,Dhansiri,26.23000000,94.26083333,05-10-2023 09:00,0.5
1195,1195,Doyang Hep Reservoir,CWC,13,Nagaland,250,WOKHA,WOKHA,-,-,Dhansiri,Brahmaputra,BRAHMAPUTRA,BRAHMAPUTRA,BRAMAPUTRA,Dhansiri,26.23000000,94.26083333,06-10-2023 00:00,0.5
1196,1196,Doyang Hep Reservoir,CWC,13,Nagaland,250,WOKHA,WOKHA,-,-,Dhansiri,Brahmaputra,BRAHMAPUTRA,BRAHMAPUTRA,BRAMAPUTRA,Dhansiri,26.23000000,94.26083333,06-10-2023 02:00,1
1197,1197,Doyang Hep Reservoir,CWC,13,Nagaland,250,WOKHA,WOKHA,-,-,Dhansiri,Brahmaputra,BRAHMAPUTRA,BRAHMAPUTRA,BRAMAPUTRA,Dhansiri,26.23000000,94.26083333,06-10-2023 03:00,1
1198,1198,Doyang Hep Reservoir,CWC,13,Nagaland,250,WOKHA,WOKHA,-,-,Dhansiri,Brahmaputra,BRAHMAPUTRA,BRAHMAPUTRA,BRAMAPUTRA,Dhansiri,26.23000000,94.26083333,06-10-2023 04:00,1
1199,1199,Doyang Hep Reservoir,CWC,13,Nagaland,250,WOKHA,WOKHA,-,-,Dhansiri,Brahmaputra,BRAHMAPUTRA,BRAHMAPUTRA,BRAMAPUTRA,Dhansiri,26.23000000,94.26083333,06-10-2023 05:00,0.5
1200,1200,Doyang Hep Reservoir,CWC,13,Nagaland,250,WOKHA,WOKHA,-,-,Dhansiri,Brahmaputra,BRAHMAPUTRA,BRAHMAPUTRA,BRAMAPUTRA,Dhansiri,26.23000000,94.26083333,07-10-2023 02:00,0.5
1201,1201,Doyang Hep Reservoir,CWC,13,Nagaland,250,WOKHA,WOKHA,-,-,Dhansiri,Brahmaputra,BRAHMAPUTRA,BRAHMAPUTRA,BRAMAPUTRA,Dhansiri,26.23000000,94.26083333,07-10-2023 03:00,0.5
1202,1202,Doyang Hep Reservoir,CWC,13,Nagaland,250,WOKHA,WOKHA,-,-,Dhansiri,Brahmaputra,BRAHMAPUTRA,BRAHMAPUTRA,BRAMAPUTRA,Dhansiri,26.23000000,94.26083333,07-10-2023 16:00,1.5
1203,1203,Doyang Hep Reservoir,CWC,13,Nagaland,250,WOKHA,WOKHA,-,-,Dhansiri,Brahmaputra,BRAHMAPUTRA,BRAHMAPUTRA,BRAMAPUTRA,Dhansiri,26.23000000,94.26083333,10-10-2023 10:00,6.5
1204,1204,Doyang Hep Reservoir,CWC,13,Nagaland,250,WOKHA,WOKHA,-,-,Dhansiri,Brahmaputra,BRAHMAPUTRA,BRAHMAPUTRA,BRAMAPUTRA,Dhansiri,26.23000000,94.26083333,10-10-2023 11:00,6.5
1205,1205,Doyang Hep Reservoir,CWC,13,Nagaland,250,WOKHA,WOKHA,-,-,Dhansiri,Brahmaputra,BRAHMAPUTRA,BRAHMAPUTRA,BRAMAPUTRA,Dhansiri,26.23000000,94.26083333,10-10-2023 12:00,6.5
1206,1206,Doyang Hep Reservoir,CWC,13,Nagaland,250,WOKHA,WOKHA,-,-,Dhansiri,Brahmaputra,BRAHMAPUTRA,BRAHMAPUTRA,BRAMAPUTRA,Dhansiri,26.23000000,94.26083333,10-10-2023 13:00,6.5
1207,1207,Doyang Hep Reservoir,CWC,13,Nagaland,250,WOKHA,WOKHA,-,-,Dhansiri,Brahmaputra,BRAHMAPUTRA,BRAHMAPUTRA,BRAMAPUTRA,Dhansiri,26.23000000,94.26083333,10-10-2023 15:00,6.5
1208,1208,Doyang Hep Reservoir,CWC,13,Nagaland,250,WOKHA,WOKHA,-,-,Dhansiri,Brahmaputra,BRAHMAPUTRA,BRAHMAPUTRA,BRAMAPUTRA,Dhansiri,26.23000000,94.26083333,10-10-2023 16:00,6.5
1209,1209,Doyang Hep Reservoir,CWC,13,Nagaland,250,WOKHA,WOKHA,-,-,Dhansiri,Brahmaputra,BRAHMAPUTRA,BRAHMAPUTRA,BRAMAPUTRA,Dhansiri,26.23000000,94.26083333,10-10-2023 17:00,6.5
1210,1210,Doyang Hep Reservoir,CWC,13,Nagaland,250,WOKHA,WOKHA,-,-,Dhansiri,Brahmaputra,BRAHMAPUTRA,BRAHMAPUTRA,BRAMAPUTRA,Dhansiri,26.23000000,94.26083333,10-10-2023 18:00,6.5
1211,1211,Doyang Hep Reservoir,CWC,13,Nagaland,250,WOKHA,WOKHA,-,-,Dhansiri,Brahmaputra,BRAHMAPUTRA,BRAHMAPUTRA,BRAMAPUTRA,Dhansiri,26.23000000,94.26083333,10-10-2023 21:00,6.5
1212,1212,Doyang Hep Reservoir,CWC,13,Nagaland,250,WOKHA,WOKHA,-,-,Dhansiri,Brahmaputra,BRAHMAPUTRA,BRAHMAPUTRA,BRAMAPUTRA,Dhansiri,26.23000000,94.26083333,10-10-2023 23:00,6.5
1213,1213,Doyang Hep Reservoir,CWC,13,Nagaland,250,WOKHA,WOKHA,-,-,Dhansiri,Brahmaputra,BRAHMAPUTRA,BRAHMAPUTRA,BRAMAPUTRA,Dhansiri,26.23000000,94.26083333,11-10-2023 02:00,6.5
1214,1214,Doyang Hep Reservoir,CWC,13,Nagaland,250,WOKHA,WOKHA,-,-,Dhansiri,Brahmaputra,BRAHMAPUTRA,BRAHMAPUTRA,BRAMAPUTRA,Dhansiri,26.23000000,94.26083333,11-10-2023 20:00,0.5
1215,1215,Doyang Hep Reservoir,CWC,13,Nagaland,250,WOKHA,WOKHA,-,-,Dhansiri,Brahmaputra,BRAHMAPUTRA,BRAHMAPUTRA,BRAMAPUTRA,Dhansiri,26.23000000,94.26083333,11-10-2023 22:00,0.5
1216,1216,Doyang Hep Reservoir,CWC,13,Nagaland,250,WOKHA,WOKHA,-,-,Dhansiri,Brahmaputra,BRAHMAPUTRA,BRAHMAPUTRA,BRAMAPUTRA,Dhansiri,26.23000000,94.26083333,11-10-2023 23:00,0.5
1217,1217,Doyang Hep Reservoir,CWC,13,Nagaland,250,WOKHA,WOKHA,-,-,Dhansiri,Brahmaputra,BRAHMAPUTRA,BRAHMAPUTRA,BRAMAPUTRA,Dhansiri,26.23000000,94.26083333,25-10-2023 11:00,0.5
1218,1218,Doyang Hep Reservoir,CWC,13,Nagaland,250,WOKHA,WOKHA,-,-,Dhansiri,Brahmaputra,BRAHMAPUTRA,BRAHMAPUTRA,BRAMAPUTRA,Dhansiri,26.23000000,94.26083333,26-10-2023 00:00,0.5
1219,1219,Doyang Hep Reservoir,CWC,13,Nagaland,250,WOKHA,WOKHA,-,-,Dhansiri,Brahmaputra,BRAHMAPUTRA,BRAHMAPUTRA,BRAMAPUTRA,Dhansiri,26.23000000,94.26083333,26-10-2023 06:00,1
1220,1220,Doyang Hep Reservoir,CWC,13,Nagaland,250,WOKHA,WOKHA,-,-,Dhansiri,Brahmaputra,BRAHMAPUTRA,BRAHMAPUTRA,BRAMAPUTRA,Dhansiri,26.23000000,94.26083333,05-11-2023 03:00,6
1221,1221,Doyang Hep Reservoir,CWC,13,Nagaland,250,WOKHA,WOKHA,-,-,Dhansiri,Brahmaputra,BRAHMAPUTRA,BRAHMAPUTRA,BRAMAPUTRA,Dhansiri,26.23000000,94.26083333,17-11-2023 01:00,2
1222,1222,Doyang Hep Reservoir,CWC,13,Nagaland,250,WOKHA,WOKHA,-,-,Dhansiri,Brahmaputra,BRAHMAPUTRA,BRAHMAPUTRA,BRAMAPUTRA,Dhansiri,26.23000000,94.26083333,17-11-2023 02:00,3
1223,1223,Doyang Hep Reservoir,CWC,13,Nagaland,250,WOKHA,WOKHA,-,-,Dhansiri,Brahmaputra,BRAHMAPUTRA,BRAHMAPUTRA,BRAMAPUTRA,Dhansiri,26.23000000,94.26083333,17-11-2023 04:00,0.5
1224,1224,Doyang Hep Reservoir,CWC,13,Nagaland,250,WOKHA,WOKHA,-,-,Dhansiri,Brahmaputra,BRAHMAPUTRA,BRAHMAPUTRA,BRAMAPUTRA,Dhansiri,26.23000000,94.26083333,17-11-2023 07:00,2.5
1225,1225,Doyang Hep Reservoir,CWC,13,Nagaland,250,WOKHA,WOKHA,-,-,Dhansiri,Brahmaputra,BRAHMAPUTRA,BRAHMAPUTRA,BRAMAPUTRA,Dhansiri,26.23000000,94.26083333,17-11-2023 08:00,3.5
1226,1226,Doyang Hep Reservoir,CWC,13,Nagaland,250,WOKHA,WOKHA,-,-,Dhansiri,Brahmaputra,BRAHMAPUTRA,BRAHMAPUTRA,BRAMAPUTRA,Dhansiri,26.23000000,94.26083333,17-11-2023 09:00,4
1227,1227,Doyang Hep Reservoir,CWC,13,Nagaland,250,WOKHA,WOKHA,-,-,Dhansiri,Brahmaputra,BRAHMAPUTRA,BRAHMAPUTRA,BRAMAPUTRA,Dhansiri,26.23000000,94.26083333,17-11-2023 10:00,0.5
1228,1228,Doyang Hep Reservoir,CWC,13,Nagaland,250,WOKHA,WOKHA,-,-,Dhansiri,Brahmaputra,BRAHMAPUTRA,BRAHMAPUTRA,BRAMAPUTRA,Dhansiri,26.23000000,94.26083333,17-11-2023 11:00,5.5
1229,1229,Doyang Hep Reservoir,CWC,13,Nagaland,250,WOKHA,WOKHA,-,-,Dhansiri,Brahmaputra,BRAHMAPUTRA,BRAHMAPUTRA,BRAMAPUTRA,Dhansiri,26.23000000,94.26083333,17-11-2023 12:00,1
1230,1230,Doyang Hep Reservoir,CWC,13,Nagaland,250,WOKHA,WOKHA,-,-,Dhansiri,Brahmaputra,BRAHMAPUTRA,BRAHMAPUTRA,BRAMAPUTRA,Dhansiri,26.23000000,94.26083333,17-11-2023 13:00,1.5
1231,1231,Doyang Hep Reservoir,CWC,13,Nagaland,250,WOKHA,WOKHA,-,-,Dhansiri,Brahmaputra,BRAHMAPUTRA,BRAHMAPUTRA,BRAMAPUTRA,Dhansiri,26.23000000,94.26083333,07-12-2023 05:00,0.5
1232,1232,Doyang Hep Reservoir,CWC,13,Nagaland,250,WOKHA,WOKHA,-,-,Dhansiri,Brahmaputra,BRAHMAPUTRA,BRAHMAPUTRA,BRAMAPUTRA,Dhansiri,26.23000000,94.26083333,07-12-2023 06:00,1
1233,1233,Doyang Hep Reservoir,CWC,13,Nagaland,250,WOKHA,WOKHA,-,-,Dhansiri,Brahmaputra,BRAHMAPUTRA,BRAHMAPUTRA,BRAMAPUTRA,Dhansiri,26.23000000,94.26083333,07-12-2023 07:00,0.5
1234,1234,Doyang Hep Reservoir,CWC,13,Nagaland,250,WOKHA,WOKHA,-,-,Dhansiri,Brahmaputra,BRAHMAPUTRA,BRAHMAPUTRA,BRAMAPUTRA,Dhansiri,26.23000000,94.26083333,07-12-2023 08:00,0.5
1235,1235,Doyang Hep Reservoir,CWC,13,Nagaland,250,WOKHA,WOKHA,-,-,Dhansiri,Brahmaputra,BRAHMAPUTRA,BRAHMAPUTRA,BRAMAPUTRA,Dhansiri,26.23000000,94.26083333,07-12-2023 10:00,0.5
1236,1236,Doyang Hep Reservoir,CWC,13,Nagaland,250,WOKHA,WOKHA,-,-,Dhansiri,Brahmaputra,BRAHMAPUTRA,BRAHMAPUTRA,BRAMAPUTRA,Dhansiri,26.23000000,94.26083333,07-12-2023 11:00,0.5
1237,1237,Doyang Hep Reservoir,CWC,13,Nagaland,250,WOKHA,WOKHA,-,-,Dhansiri,Brahmaputra,BRAHMAPUTRA,BRAHMAPUTRA,BRAMAPUTRA,Dhansiri,26.23000000,94.26083333,08-12-2023 02:00,3.5
1238,1238,Doyang Hep Reservoir,CWC,13,Nagaland,250,WOKHA,WOKHA,-,-,Dhansiri,Brahmaputra,BRAHMAPUTRA,BRAHMAPUTRA,BRAMAPUTRA,Dhansiri,26.23000000,94.26083333,08-12-2023 03:00,1.5
1239,1239,Doyang Hep Reservoir,CWC,13,Nagaland,250,WOKHA,WOKHA,-,-,Dhansiri,Brahmaputra,BRAHMAPUTRA,BRAHMAPUTRA,BRAMAPUTRA,Dhansiri,26.23000000,94.26083333,08-12-2023 04:00,1.5
1240,1240,Doyang Hep Reservoir,CWC,13,Nagaland,250,WOKHA,WOKHA,-,-,Dhansiri,Brahmaputra,BRAHMAPUTRA,BRAHMAPUTRA,BRAMAPUTRA,Dhansiri,26.23000000,94.26083333,08-12-2023 05:00,2.5
1241,1241,Doyang Hep Reservoir,CWC,13,Nagaland,250,WOKHA,WOKHA,-,-,Dhansiri,Brahmaputra,BRAHMAPUTRA,BRAHMAPUTRA,BRAMAPUTRA,Dhansiri,26.23000000,94.26083333,08-12-2023 06:00,1.5
1242,1242,Doyang Hep Reservoir,CWC,13,Nagaland,250,WOKHA,WOKHA,-,-,Dhansiri,Brahmaputra,BRAHMAPUTRA,BRAHMAPUTRA,BRAMAPUTRA,Dhansiri,26.23000000,94.26083333,08-12-2023 08:00,6
1243,1243,Doyang Hep Reservoir,CWC,13,Nagaland,250,WOKHA,WOKHA,-,-,Dhansiri,Brahmaputra,BRAHMAPUTRA,BRAHMAPUTRA,BRAMAPUTRA,Dhansiri,26.23000000,94.26083333,08-12-2023 09:00,6
1244,1244,Doyang Hep Reservoir,CWC,13,Nagaland,250,WOKHA,WOKHA,-,-,Dhansiri,Brahmaputra,BRAHMAPUTRA,BRAHMAPUTRA,BRAMAPUTRA,Dhansiri,26.23000000,94.26083333,08-12-2023 13:00,6
1245,1245,Doyang Hep Reservoir,CWC,13,Nagaland,250,WOKHA,WOKHA,-,-,Dhansiri,Brahmaputra,BRAHMAPUTRA,BRAHMAPUTRA,BRAMAPUTRA,Dhansiri,26.23000000,94.26083333,08-12-2023 15:00,6
1246,1246,Doyang Hep Reservoir,CWC,13,Nagaland,250,WOKHA,WOKHA,-,-,Dhansiri,Brahmaputra,BRAHMAPUTRA,BRAHMAPUTRA,BRAMAPUTRA,Dhansiri,26.23000000,94.26083333,25-01-2024 21:00,0.5
1247,1247,Doyang Hep Reservoir,CWC,13,Nagaland,250,WOKHA,WOKHA,-,-,Dhansiri,Brahmaputra,BRAHMAPUTRA,BRAHMAPUTRA,BRAMAPUTRA,Dhansiri,26.23000000,94.26083333,26-01-2024 00:00,0.5
1248,1248,Doyang Hep Reservoir,CWC,13,Nagaland,250,WOKHA,WOKHA,-,-,Dhansiri,Brahmaputra,BRAHMAPUTRA,BRAHMAPUTRA,BRAMAPUTRA,Dhansiri,26.23000000,94.26083333,26-01-2024 01:00,0.5
1249,1249,Doyang Hep Reservoir,CWC,13,Nagaland,250,WOKHA,WOKHA,-,-,Dhansiri,Brahmaputra,BRAHMAPUTRA,BRAHMAPUTRA,BRAMAPUTRA,Dhansiri,26.23000000,94.26083333,31-01-2024 15:00,1
1250,1250,Doyang Hep Reservoir,CWC,13,Nagaland,250,WOKHA,WOKHA,-,-,Dhansiri,Brahmaputra,BRAHMAPUTRA,BRAHMAPUTRA,BRAMAPUTRA,Dhansiri,26.23000000,94.26083333,31-01-2024 16:00,1
1251,1251,Doyang Hep Reservoir,CWC,13,Nagaland,250,WOKHA,WOKHA,-,-,Dhansiri,Brahmaputra,BRAHMAPUTRA,BRAHMAPUTRA,BRAMAPUTRA,Dhansiri,26.23000000,94.26083333,02-02-2024 12:00,0.5
1252,1252,Doyang Hep Reservoir,CWC,13,Nagaland,250,WOKHA,WOKHA,-,-,Dhansiri,Brahmaputra,BRAHMAPUTRA,BRAHMAPUTRA,BRAMAPUTRA,Dhansiri,26.23000000,94.26083333,02-02-2024 13:00,3.5
1253,1253,Doyang Hep Reservoir,CWC,13,Nagaland,250,WOKHA,WOKHA,-,-,Dhansiri,Brahmaputra,BRAHMAPUTRA,BRAHMAPUTRA,BRAMAPUTRA,Dhansiri,26.23000000,94.26083333,02-02-2024 17:00,4
1254,1254,Doyang Hep Reservoir,CWC,13,Nagaland,250,WOKHA,WOKHA,-,-,Dhansiri,Brahmaputra,BRAHMAPUTRA,BRAHMAPUTRA,BRAMAPUTRA,Dhansiri,26.23000000,94.26083333,02-02-2024 20:00,4.5
1255,1255,Doyang Hep Reservoir,CWC,13,Nagaland,250,WOKHA,WOKHA,-,-,Dhansiri,Brahmaputra,BRAHMAPUTRA,BRAHMAPUTRA,BRAMAPUTRA,Dhansiri,26.23000000,94.26083333,02-02-2024 21:00,0.5
1256,1256,Doyang Hep Reservoir,CWC,13,Nagaland,250,WOKHA,WOKHA,-,-,Dhansiri,Brahmaputra,BRAHMAPUTRA,BRAHMAPUTRA,BRAMAPUTRA,Dhansiri,26.23000000,94.26083333,08-02-2024 01:00,0.5
1257,1257,Doyang Hep Reservoir,CWC,13,Nagaland,250,WOKHA,WOKHA,-,-,Dhansiri,Brahmaputra,BRAHMAPUTRA,BRAHMAPUTRA,BRAMAPUTRA,Dhansiri,26.23000000,94.26083333,08-02-2024 02:00,0.5
1258,1258,Doyang Hep Reservoir,CWC,13,Nagaland,250,WOKHA,WOKHA,-,-,Dhansiri,Brahmaputra,BRAHMAPUTRA,BRAHMAPUTRA,BRAMAPUTRA,Dhansiri,26.23000000,94.26083333,18-02-2024 00:00,1
1259,1259,Doyang Hep Reservoir,CWC,13,Nagaland,250,WOKHA,WOKHA,-,-,Dhansiri,Brahmaputra,BRAHMAPUTRA,BRAHMAPUTRA,BRAMAPUTRA,Dhansiri,26.23000000,94.26083333,18-02-2024 02:00,1
1260,1260,Doyang Hep Reservoir,CWC,13,Nagaland,250,WOKHA,WOKHA,-,-,Dhansiri,Brahmaputra,BRAHMAPUTRA,BRAHMAPUTRA,BRAMAPUTRA,Dhansiri,26.23000000,94.26083333,21-02-2024 09:00,1
1261,1261,Doyang Hep Reservoir,CWC,13,Nagaland,250,WOKHA,WOKHA,-,-,Dhansiri,Brahmaputra,BRAHMAPUTRA,BRAHMAPUTRA,BRAMAPUTRA,Dhansiri,26.23000000,94.26083333,21-02-2024 10:00,1
1262,1262,Doyang Hep Reservoir,CWC,13,Nagaland,250,WOKHA,WOKHA,-,-,Dhansiri,Brahmaputra,BRAHMAPUTRA,BRAHMAPUTRA,BRAMAPUTRA,Dhansiri,26.23000000,94.26083333,21-02-2024 11:00,2
1263,1263,Doyang Hep Reservoir,CWC,13,Nagaland,250,WOKHA,WOKHA,-,-,Dhansiri,Brahmaputra,BRAHMAPUTRA,BRAHMAPUTRA,BRAMAPUTRA,Dhansiri,26.23000000,94.26083333,21-02-2024 12:00,0.5
1264,1264,Doyang Hep Reservoir,CWC,13,Nagaland,250,WOKHA,WOKHA,-,-,Dhansiri,Brahmaputra,BRAHMAPUTRA,BRAHMAPUTRA,BRAMAPUTRA,Dhansiri,26.23000000,94.26083333,22-02-2024 05:00,0.5
1265,1265,Doyang Hep Reservoir,CWC,13,Nagaland,250,WOKHA,WOKHA,-,-,Dhansiri,Brahmaputra,BRAHMAPUTRA,BRAHMAPUTRA,BRAMAPUTRA,Dhansiri,26.23000000,94.26083333,22-02-2024 06:00,0.5
1266,1266,Doyang Hep Reservoir,CWC,13,Nagaland,250,WOKHA,WOKHA,-,-,Dhansiri,Brahmaputra,BRAHMAPUTRA,BRAHMAPUTRA,BRAMAPUTRA,Dhansiri,26.23000000,94.26083333,22-02-2024 07:00,3.5
1267,1267,Doyang Hep Reservoir,CWC,13,Nagaland,250,WOKHA,WOKHA,-,-,Dhansiri,Brahmaputra,BRAHMAPUTRA,BRAHMAPUTRA,BRAMAPUTRA,Dhansiri,26.23000000,94.26083333,22-02-2024 08:00,5
1268,1268,Doyang Hep Reservoir,CWC,13,Nagaland,250,WOKHA,WOKHA,-,-,Dhansiri,Brahmaputra,BRAHMAPUTRA,BRAHMAPUTRA,BRAMAPUTRA,Dhansiri,26.23000000,94.26083333,22-02-2024 09:00,1.5
1269,1269,Doyang Hep Reservoir,CWC,13,Nagaland,250,WOKHA,WOKHA,-,-,Dhansiri,Brahmaputra,BRAHMAPUTRA,BRAHMAPUTRA,BRAMAPUTRA,Dhansiri,26.23000000,94.26083333,22-02-2024 10:00,1
1270,1270,Doyang Hep Reservoir,CWC,13,Nagaland,250,WOKHA,WOKHA,-,-,Dhansiri,Brahmaputra,BRAHMAPUTRA,BRAHMAPUTRA,BRAMAPUTRA,Dhansiri,26.23000000,94.26083333,22-02-2024 11:00,0.5
1271,1271,Doyang Hep Reservoir,CWC,13,Nagaland,250,WOKHA,WOKHA,-,-,Dhansiri,Brahmaputra,BRAHMAPUTRA,BRAHMAPUTRA,BRAMAPUTRA,Dhansiri,26.23000000,94.26083333,23-02-2024 08:00,0.5
1272,1272,Doyang Hep Reservoir,CWC,13,Nagaland,250,WOKHA,WOKHA,-,-,Dhansiri,Brahmaputra,BRAHMAPUTRA,BRAHMAPUTRA,BRAMAPUTRA,Dhansiri,26.23000000,94.26083333,23-02-2024 10:00,0.5
1273,1273,Doyang Hep Reservoir,CWC,13,Nagaland,250,WOKHA,WOKHA,-,-,Dhansiri,Brahmaputra,BRAHMAPUTRA,BRAHMAPUTRA,BRAMAPUTRA,Dhansiri,26.23000000,94.26083333,23-02-2024 11:00,0.5
1274,1274,Doyang Hep Reservoir,CWC,13,Nagaland,250,WOKHA,WOKHA,-,-,Dhansiri,Brahmaputra,BRAHMAPUTRA,BRAHMAPUTRA,BRAMAPUTRA,Dhansiri,26.23000000,94.26083333,23-02-2024 12:00,0.5
1275,1275,Doyang Hep Reservoir,CWC,13,Nagaland,250,WOKHA,WOKHA,-,-,Dhansiri,Brahmaputra,BRAHMAPUTRA,BRAHMAPUTRA,BRAMAPUTRA,Dhansiri,26.23000000,94.26083333,25-02-2024 09:00,0.5
1276,1276,Doyang Hep Reservoir,CWC,13,Nagaland,250,WOKHA,WOKHA,-,-,Dhansiri,Brahmaputra,BRAHMAPUTRA,BRAHMAPUTRA,BRAMAPUTRA,Dhansiri,26.23000000,94.26083333,28-02-2024 16:00,0.5
1277,1277,Doyang Hep Reservoir,CWC,13,Nagaland,250,WOKHA,WOKHA,-,-,Dhansiri,Brahmaputra,BRAHMAPUTRA,BRAHMAPUTRA,BRAMAPUTRA,Dhansiri,26.23000000,94.26083333,28-02-2024 17:00,0.5
1278,1278,Doyang Hep Reservoir,CWC,13,Nagaland,250,WOKHA,WOKHA,-,-,Dhansiri,Brahmaputra,BRAHMAPUTRA,BRAHMAPUTRA,BRAMAPUTRA,Dhansiri,26.23000000,94.26083333,29-02-2024 00:00,0.5
1279,1279,Doyang Hep Reservoir,CWC,13,Nagaland,250,WOKHA,WOKHA,-,-,Dhansiri,Brahmaputra,BRAHMAPUTRA,BRAHMAPUTRA,BRAMAPUTRA,Dhansiri,26.23000000,94.26083333,29-02-2024 01:00,0.5
1280,1280,Doyang Hep Reservoir,CWC,13,Nagaland,250,WOKHA,WOKHA,-,-,Dhansiri,Brahmaputra,BRAHMAPUTRA,BRAHMAPUTRA,BRAMAPUTRA,Dhansiri,26.23000000,94.26083333,29-02-2024 02:00,0.5
1281,1281,Doyang Hep Reservoir,CWC,13,Nagaland,250,WOKHA,WOKHA,-,-,Dhansiri,Brahmaputra,BRAHMAPUTRA,BRAHMAPUTRA,BRAMAPUTRA,Dhansiri,26.23000000,94.26083333,03-03-2024 12:00,48
1282,1282,Doyang Hep Reservoir,CWC,13,Nagaland,250,WOKHA,WOKHA,-,-,Dhansiri,Brahmaputra,BRAHMAPUTRA,BRAHMAPUTRA,BRAMAPUTRA,Dhansiri,26.23000000,94.26083333,03-03-2024 20:00,191
1283,1283,Doyang Hep Reservoir,CWC,13,Nagaland,250,WOKHA,WOKHA,-,-,Dhansiri,Brahmaputra,BRAHMAPUTRA,BRAHMAPUTRA,BRAMAPUTRA,Dhansiri,26.23000000,94.26083333,08-01-2025 01:00,6
1284,1284,Doyang Hep Reservoir,CWC,13,Nagaland,250,WOKHA,WOKHA,-,-,Dhansiri,Brahmaputra,BRAHMAPUTRA,BRAHMAPUTRA,BRAMAPUTRA,Dhansiri,26.23000000,94.26083333,08-01-2025 02:00,6
1285,1285,Doyang Hep Reservoir,CWC,13,Nagaland,250,WOKHA,WOKHA,-,-,Dhansiri,Brahmaputra,BRAHMAPUTRA,BRAHMAPUTRA,BRAMAPUTRA,Dhansiri,26.23000000,94.26083333,28-01-2025 09:00,114.5
1286,1286,Doyang Hep Reservoir,CWC,13,Nagaland,250,WOKHA,WOKHA,-,-,Dhansiri,Brahmaputra,BRAHMAPUTRA,BRAHMAPUTRA,BRAMAPUTRA,Dhansiri,26.23000000,94.26083333,18-02-2025 01:00,0.5
1287,1287,Doyang Hep Reservoir,CWC,13,Nagaland,250,WOKHA,WOKHA,-,-,Dhansiri,Brahmaputra,BRAHMAPUTRA,BRAHMAPUTRA,BRAMAPUTRA,Dhansiri,26.23000000,94.26083333,18-02-2025 02:00,1
1288,1288,Doyang Hep Reservoir,CWC,13,Nagaland,250,WOKHA,WOKHA,-,-,Dhansiri,Brahmaputra,BRAHMAPUTRA,BRAHMAPUTRA,BRAMAPUTRA,Dhansiri,26.23000000,94.26083333,18-02-2025 04:00,0.5
1289,1289,Doyang Hep Reservoir,CWC,13,Nagaland,250,WOKHA,WOKHA,-,-,Dhansiri,Brahmaputra,BRAHMAPUTRA,BRAHMAPUTRA,BRAMAPUTRA,Dhansiri,26.23000000,94.26083333,18-02-2025 05:00,0.5
1290,1290,Doyang Hep Reservoir,CWC,13,Nagaland,250,WOKHA,WOKHA,-,-,Dhansiri,Brahmaputra,BRAHMAPUTRA,BRAHMAPUTRA,BRAMAPUTRA,Dhansiri,26.23000000,94.26083333,18-02-2025 06:00,1
1291,1291,Doyang Hep Reservoir,CWC,13,Nagaland,250,WOKHA,WOKHA,-,-,Dhansiri,Brahmaputra,BRAHMAPUTRA,BRAHMAPUTRA,BRAMAPUTRA,Dhansiri,26.23000000,94.26083333,18-02-2025 07:00,1
1292,1292,Doyang Hep Reservoir,CWC,13,Nagaland,250,WOKHA,WOKHA,-,-,Dhansiri,Brahmaputra,BRAHMAPUTRA,BRAHMAPUTRA,BRAMAPUTRA,Dhansiri,26.23000000,94.26083333,22-02-2025 04:00,0.5
1293,1293,Doyang Hep Reservoir,CWC,13,Nagaland,250,WOKHA,WOKHA,-,-,Dhansiri,Brahmaputra,BRAHMAPUTRA,BRAHMAPUTRA,BRAMAPUTRA,Dhansiri,26.23000000,94.26083333,24-02-2025 00:00,0.5
1294,1294,Doyang Hep Reservoir,CWC,13,Nagaland,250,WOKHA,WOKHA,-,-,Dhansiri,Brahmaputra,BRAHMAPUTRA,BRAHMAPUTRA,BRAMAPUTRA,Dhansiri,26.23000000,94.26083333,24-02-2025 01:00,0.5
1295,1295,Doyang Hep Reservoir,CWC,13,Nagaland,250,WOKHA,WOKHA,-,-,Dhansiri,Brahmaputra,BRAHMAPUTRA,BRAHMAPUTRA,BRAMAPUTRA,Dhansiri,26.23000000,94.26083333,24-02-2025 02:00,0.5
1296,1296,Doyang Hep Reservoir,CWC,13,Nagaland,250,WOKHA,WOKHA,-,-,Dhansiri,Brahmaputra,BRAHMAPUTRA,BRAHMAPUTRA,BRAMAPUTRA,Dhansiri,26.23000000,94.26083333,24-02-2025 06:00,0.5
1297,1297,Doyang Hep Reservoir,CWC,13,Nagaland,250,WOKHA,WOKHA,-,-,Dhansiri,Brahmaputra,BRAHMAPUTRA,BRAHMAPUTRA,BRAMAPUTRA,Dhansiri,26.23000000,94.26083333,24-02-2025 07:00,0.5
1298,1298,Doyang Hep Reservoir,CWC,13,Nagaland,250,WOKHA,WOKHA,-,-,Dhansiri,Brahmaputra,BRAHMAPUTRA,BRAHMAPUTRA,BRAMAPUTRA,Dhansiri,26.23000000,94.26083333,24-02-2025 08:00,0.5
1299,1299,Doyang Hep Reservoir,CWC,13,Nagaland,250,WOKHA,WOKHA,-,-,Dhansiri,Brahmaputra,BRAHMAPUTRA,BRAHMAPUTRA,BRAMAPUTRA,Dhansiri,26.23000000,94.26083333,15-03-2025 01:00,0.5
1300,1300,Doyang Hep Reservoir,CWC,13,Nagaland,250,WOKHA,WOKHA,-,-,Dhansiri,Brahmaputra,BRAHMAPUTRA,BRAHMAPUTRA,BRAMAPUTRA,Dhansiri,26.23000000,94.26083333,15-03-2025 04:00,0.5
1301,1301,Doyang Hep Reservoir,CWC,13,Nagaland,250,WOKHA,WOKHA,-,-,Dhansiri,Brahmaputra,BRAHMAPUTRA,BRAHMAPUTRA,BRAMAPUTRA,Dhansiri,26.23000000,94.26083333,16-03-2025 01:00,0.5
1302,1302,Doyang Hep Reservoir,CWC,13,Nagaland,250,WOKHA,WOKHA,-,-,Dhansiri,Brahmaputra,BRAHMAPUTRA,BRAHMAPUTRA,BRAMAPUTRA,Dhansiri,26.23000000,94.26083333,17-03-2025 00:00,0.5
1303,1303,Doyang Hep Reservoir,CWC,13,Nagaland,250,WOKHA,WOKHA,-,-,Dhansiri,Brahmaputra,BRAHMAPUTRA,BRAHMAPUTRA,BRAMAPUTRA,Dhansiri,26.23000000,94.26083333,17-03-2025 01:00,0.5
1304,1304,Doyang Hep Reservoir,CWC,13,Nagaland,250,WOKHA,WOKHA,-,-,Dhansiri,Brahmaputra,BRAHMAPUTRA,BRAHMAPUTRA,BRAMAPUTRA,Dhansiri,26.23000000,94.26083333,23-03-2025 04:00,0.5
1305,1305,Doyang Hep Reservoir,CWC,13,Nagaland,250,WOKHA,WOKHA,-,-,Dhansiri,Brahmaputra,BRAHMAPUTRA,BRAHMAPUTRA,BRAMAPUTRA,Dhansiri,26.23000000,94.26083333,27-03-2025 08:00,0.5
1306,1306,Doyang Hep Reservoir,CWC,13,Nagaland,250,WOKHA,WOKHA,-,-,Dhansiri,Brahmaputra,BRAHMAPUTRA,BRAHMAPUTRA,BRAMAPUTRA,Dhansiri,26.23000000,94.26083333,02-05-2025 01:00,168.5
1307,1307,Doyang Hep Reservoir,CWC,13,Nagaland,250,WOKHA,WOKHA,-,-,Dhansiri,Brahmaputra,BRAHMAPUTRA,BRAHMAPUTRA,BRAMAPUTRA,Dhansiri,26.23000000,94.26083333,02-05-2025 06:00,0.5
1308,1308,Doyang Hep Reservoir,CWC,13,Nagaland,250,WOKHA,WOKHA,-,-,Dhansiri,Brahmaputra,BRAHMAPUTRA,BRAHMAPUTRA,BRAMAPUTRA,Dhansiri,26.23000000,94.26083333,07-05-2025 03:00,0.5
1309,1309,Doyang Hep Reservoir,CWC,13,Nagaland,250,WOKHA,WOKHA,-,-,Dhansiri,Brahmaputra,BRAHMAPUTRA,BRAHMAPUTRA,BRAMAPUTRA,Dhansiri,26.23000000,94.26083333,07-05-2025 05:00,0.5
1310,1310,Doyang Hep Reservoir,CWC,13,Nagaland,250,WOKHA,WOKHA,-,-,Dhansiri,Brahmaputra,BRAHMAPUTRA,BRAHMAPUTRA,BRAMAPUTRA,Dhansiri,26.23000000,94.26083333,07-05-2025 08:00,0.5
1311,1311,Doyang Hep Reservoir,CWC,13,Nagaland,250,WOKHA,WOKHA,-,-,Dhansiri,Brahmaputra,BRAHMAPUTRA,BRAHMAPUTRA,BRAMAPUTRA,Dhansiri,26.23000000,94.26083333,08-05-2025 05:00,0.5
1312,1312,Doyang Hep Reservoir,CWC,13,Nagaland,250,WOKHA,WOKHA,-,-,Dhansiri,Brahmaputra,BRAHMAPUTRA,BRAHMAPUTRA,BRAMAPUTRA,Dhansiri,26.23000000,94.26083333,08-05-2025 07:00,0.5
1313,1313,Doyang Hep Reservoir,CWC,13,Nagaland,250,WOKHA,WOKHA,-,-,Dhansiri,Brahmaputra,BRAHMAPUTRA,BRAHMAPUTRA,BRAMAPUTRA,Dhansiri,26.23000000,94.26083333,09-05-2025 03:00,0.5
1314,1314,Doyang Hep Reservoir,CWC,13,Nagaland,250,WOKHA,WOKHA,-,-,Dhansiri,Brahmaputra,BRAHMAPUTRA,BRAHMAPUTRA,BRAMAPUTRA,Dhansiri,26.23000000,94.26083333,09-05-2025 05:00,0.5
1315,1315,Doyang Hep Reservoir,CWC,13,Nagaland,250,WOKHA,WOKHA,-,-,Dhansiri,Brahmaputra,BRAHMAPUTRA,BRAHMAPUTRA,BRAMAPUTRA,Dhansiri,26.23000000,94.26083333,09-05-2025 08:00,0.5
1316,1316,Doyang Hep Reservoir,CWC,13,Nagaland,250,WOKHA,WOKHA,-,-,Dhansiri,Brahmaputra,BRAHMAPUTRA,BRAHMAPUTRA,BRAMAPUTRA,Dhansiri,26.23000000,94.26083333,10-05-2025 06:00,0.5
1317,1317,Doyang Hep Reservoir,CWC,13,Nagaland,250,WOKHA,WOKHA,-,-,Dhansiri,Brahmaputra,BRAHMAPUTRA,BRAHMAPUTRA,BRAMAPUTRA,Dhansiri,26.23000000,94.26083333,10-05-2025 08:00,0.5
1318,1318,Doyang Hep Reservoir,CWC,13,Nagaland,250,WOKHA,WOKHA,-,-,Dhansiri,Brahmaputra,BRAHMAPUTRA,BRAHMAPUTRA,BRAMAPUTRA,Dhansiri,26.23000000,94.26083333,14-05-2025 01:00,0.5
1319,1319,Doyang Hep Reservoir,CWC,13,Nagaland,250,WOKHA,WOKHA,-,-,Dhansiri,Brahmaputra,BRAHMAPUTRA,BRAHMAPUTRA,BRAMAPUTRA,Dhansiri,26.23000000,94.26083333,16-05-2025 09:00,0.5
1320,1320,Doyang Hep Reservoir,CWC,13,Nagaland,250,WOKHA,WOKHA,-,-,Dhansiri,Brahmaputra,BRAHMAPUTRA,BRAHMAPUTRA,BRAMAPUTRA,Dhansiri,26.23000000,94.26083333,17-05-2025 02:00,0.5
1321,1321,Doyang Hep Reservoir,CWC,13,Nagaland,250,WOKHA,WOKHA,-,-,Dhansiri,Brahmaputra,BRAHMAPUTRA,BRAHMAPUTRA,BRAMAPUTRA,Dhansiri,26.23000000,94.26083333,30-07-2025 02:00,1.5
1322,1322,Doyang Hep Reservoir,CWC,13,Nagaland,250,WOKHA,WOKHA,-,-,Dhansiri,Brahmaputra,BRAHMAPUTRA,BRAHMAPUTRA,BRAMAPUTRA,Dhansiri,26.23000000,94.26083333,04-09-2025 03:00,0.5
1323,1323,Doyang Hep Reservoir,CWC,13,Nagaland,250,WOKHA,WOKHA,-,-,Dhansiri,Brahmaputra,BRAHMAPUTRA,BRAHMAPUTRA,BRAMAPUTRA,Dhansiri,26.23000000,94.26083333,04-09-2025 09:00,0.5
1324,1324,Doyang Hep Reservoir,CWC,13,Nagaland,250,WOKHA,WOKHA,-,-,Dhansiri,Brahmaputra,BRAHMAPUTRA,BRAHMAPUTRA,BRAMAPUTRA,Dhansiri,26.23000000,94.26083333,04-09-2025 10:00,1.5
1325,1325,Doyang Hep Reservoir,CWC,13,Nagaland,250,WOKHA,WOKHA,-,-,Dhansiri,Brahmaputra,BRAHMAPUTRA,BRAHMAPUTRA,BRAMAPUTRA,Dhansiri,26.23000000,94.26083333,05-09-2025 03:00,0.5
1326,1326,Doyang Hep Reservoir,CWC,13,Nagaland,250,WOKHA,WOKHA,-,-,Dhansiri,Brahmaputra,BRAHMAPUTRA,BRAHMAPUTRA,BRAMAPUTRA,Dhansiri,26.23000000,94.26083333,17-09-2025 04:00,0.5
1327,1327,Doyang Hep Reservoir,CWC,13,Nagaland,250,WOKHA,WOKHA,-,-,Dhansiri,Brahmaputra,BRAHMAPUTRA,BRAHMAPUTRA,BRAMAPUTRA,Dhansiri,26.23000000,94.26083333,18-09-2025 07:00,0.5
1328,1328,Doyang Hep Reservoir,CWC,13,Nagaland,250,WOKHA,WOKHA,-,-,Dhansiri,Brahmaputra,BRAHMAPUTRA,BRAHMAPUTRA,BRAMAPUTRA,Dhansiri,26.23000000,94.26083333,22-09-2025 08:00,0.5
1329,1329,Doyang Hep Reservoir,CWC,13,Nagaland,250,WOKHA,WOKHA,-,-,Dhansiri,Brahmaputra,BRAHMAPUTRA,BRAHMAPUTRA,BRAMAPUTRA,Dhansiri,26.23000000,94.26083333,08-11-2025 05:00,1.5
1330,1330,Doyang Hep Reservoir,CWC,13,Nagaland,250,WOKHA,WOKHA,-,-,Dhansiri,Brahmaputra,BRAHMAPUTRA,BRAHMAPUTRA,BRAMAPUTRA,Dhansiri,26.23000000,94.26083333,08-11-2025 06:00,44.5
1331,1331,Doyang Hep Reservoir,CWC,13,Nagaland,250,WOKHA,WOKHA,-,-,Dhansiri,Brahmaputra,BRAHMAPUTRA,BRAHMAPUTRA,BRAMAPUTRA,Dhansiri,26.23000000,94.26083333,08-11-2025 08:00,3.5
1332,1332,Doyang Hep Reservoir,CWC,13,Nagaland,250,WOKHA,WOKHA,-,-,Dhansiri,Brahmaputra,BRAHMAPUTRA,BRAHMAPUTRA,BRAMAPUTRA,Dhansiri,26.23000000,94.26083333,10-11-2025 02:00,8.5
1333,1333,Doyang Hep Reservoir,CWC,13,Nagaland,250,WOKHA,WOKHA,-,-,Dhansiri,Brahmaputra,BRAHMAPUTRA,BRAHMAPUTRA,BRAMAPUTRA,Dhansiri,26.23000000,94.26083333,10-11-2025 03:00,147.5
1334,1334,Doyang Hep Reservoir,CWC,13,Nagaland,250,WOKHA,WOKHA,-,-,Dhansiri,Brahmaputra,BRAHMAPUTRA,BRAHMAPUTRA,BRAMAPUTRA,Dhansiri,26.23000000,94.26083333,10-11-2025 04:00,332
1335,1335,Doyang Hep Reservoir,CWC,13,Nagaland,250,WOKHA,WOKHA,-,-,Dhansiri,Brahmaputra,BRAHMAPUTRA,BRAHMAPUTRA,BRAMAPUTRA,Dhansiri,26.23000000,94.26083333,10-11-2025 05:00,71
1336,1336,Doyang Hep Reservoir,CWC,13,Nagaland,250,WOKHA,WOKHA,-,-,Dhansiri,Brahmaputra,BRAHMAPUTRA,BRAHMAPUTRA,BRAMAPUTRA,Dhansiri,26.23000000,94.26083333,18-11-2025 04:00,4.5
1337,1337,Doyang Hep Reservoir,CWC,13,Nagaland,250,WOKHA,WOKHA,-,-,Dhansiri,Brahmaputra,BRAHMAPUTRA,BRAHMAPUTRA,BRAMAPUTRA,Dhansiri,26.23000000,94.26083333,18-11-2025 05:00,85.5
1338,1338,Doyang Hep Reservoir,CWC,13,Nagaland,250,WOKHA,WOKHA,-,-,Dhansiri,Brahmaputra,BRAHMAPUTRA,BRAHMAPUTRA,BRAMAPUTRA,Dhansiri,26.23000000,94.26083333,20-11-2025 08:00,251.5
1339,1339,Doyang Hep Reservoir,CWC,13,Nagaland,250,WOKHA,WOKHA,-,-,Dhansiri,Brahmaputra,BRAHMAPUTRA,BRAHMAPUTRA,BRAMAPUTRA,Dhansiri,26.23000000,94.26083333,21-11-2025 04:00,23
1340,1340,Doyang Hep Reservoir,CWC,13,Nagaland,250,WOKHA,WOKHA,-,-,Dhansiri,Brahmaputra,BRAHMAPUTRA,BRAHMAPUTRA,BRAMAPUTRA,Dhansiri,26.23000000,94.26083333,22-11-2025 03:00,7
1341,1341,Doyang Hep Reservoir,CWC,13,Nagaland,250,WOKHA,WOKHA,-,-,Dhansiri,Brahmaputra,BRAHMAPUTRA,BRAHMAPUTRA,BRAMAPUTRA,Dhansiri,26.23000000,94.26083333,22-11-2025 04:00,97.5
1342,1342,Doyang Hep Reservoir,CWC,13,Nagaland,250,WOKHA,WOKHA,-,-,Dhansiri,Brahmaputra,BRAHMAPUTRA,BRAHMAPUTRA,BRAMAPUTRA,Dhansiri,26.23000000,94.26083333,22-11-2025 05:00,141
1343,1343,Doyang Hep Reservoir,CWC,13,Nagaland,250,WOKHA,WOKHA,-,-,Dhansiri,Brahmaputra,BRAHMAPUTRA,BRAHMAPUTRA,BRAMAPUTRA,Dhansiri,26.23000000,94.26083333,22-11-2025 06:00,49.5
1344,1344,Doyang Hep Reservoir,CWC,13,Nagaland,250,WOKHA,WOKHA,-,-,Dhansiri,Brahmaputra,BRAHMAPUTRA,BRAHMAPUTRA,BRAMAPUTRA,Dhansiri,26.23000000,94.26083333,22-11-2025 07:00,186
1345,1345,Doyang Hep Reservoir,CWC,13,Nagaland,250,WOKHA,WOKHA,-,-,Dhansiri,Brahmaputra,BRAHMAPUTRA,BRAHMAPUTRA,BRAMAPUTRA,Dhansiri,26.23000000,94.26083333,01-12-2025 07:00,30.5
1346,1346,Doyang Hep Reservoir,CWC,13,Nagaland,250,WOKHA,WOKHA,-,-,Dhansiri,Brahmaputra,BRAHMAPUTRA,BRAHMAPUTRA,BRAMAPUTRA,Dhansiri,26.23000000,94.26083333,01-12-2025 08:00,18.5
1347,1347,Doyang Hep Reservoir,CWC,13,Nagaland,250,WOKHA,WOKHA,-,-,Dhansiri,Brahmaputra,BRAHMAPUTRA,BRAHMAPUTRA,BRAMAPUTRA,Dhansiri,26.23000000,94.26083333,02-12-2025 02:00,198.5
1348,1348,Doyang Hep Reservoir,CWC,13,Nagaland,250,WOKHA,WOKHA,-,-,Dhansiri,Brahmaputra,BRAHMAPUTRA,BRAHMAPUTRA,BRAMAPUTRA,Dhansiri,26.23000000,94.26083333,02-12-2025 03:00,10.5
1349,1349,Doyang Hep Reservoir,CWC,13,Nagaland,250,WOKHA,WOKHA,-,-,Dhansiri,Brahmaputra,BRAHMAPUTRA,BRAHMAPUTRA,BRAMAPUTRA,Dhansiri,26.23000000,94.26083333,02-12-2025 05:00,1
1350,1350,Doyang Hep Reservoir,CWC,13,Nagaland,250,WOKHA,WOKHA,-,-,Dhansiri,Brahmaputra,BRAHMAPUTRA,BRAHMAPUTRA,BRAMAPUTRA,Dhansiri,26.23000000,94.26083333,02-12-2025 07:00,10
1351,1351,Doyang Hep Reservoir,CWC,13,Nagaland,250,WOKHA,WOKHA,-,-,Dhansiri,Brahmaputra,BRAHMAPUTRA,BRAHMAPUTRA,BRAMAPUTRA,Dhansiri,26.23000000,94.26083333,02-12-2025 08:00,70.5
1352,1352,Doyang Hep Reservoir,CWC,13,Nagaland,250,WOKHA,WOKHA,-,-,Dhansiri,Brahmaputra,BRAHMAPUTRA,BRAHMAPUTRA,BRAMAPUTRA,Dhansiri,26.23000000,94.26083333,05-12-2025 04:00,479.5
1353,1353,Doyang Hep Reservoir,CWC,13,Nagaland,250,WOKHA,WOKHA,-,-,Dhansiri,Brahmaputra,BRAHMAPUTRA,BRAHMAPUTRA,BRAMAPUTRA,Dhansiri,26.23000000,94.26083333,05-12-2025 05:00,53
1354,1354,Doyang Hep Reservoir,CWC,13,Nagaland,250,WOKHA,WOKHA,-,-,Dhansiri,Brahmaputra,BRAHMAPUTRA,BRAHMAPUTRA,BRAMAPUTRA,Dhansiri,26.23000000,94.26083333,05-12-2025 08:00,5
1355,1355,Doyang Hep Reservoir,CWC,13,Nagaland,250,WOKHA,WOKHA,-,-,Dhansiri,Brahmaputra,BRAHMAPUTRA,BRAHMAPUTRA,BRAMAPUTRA,Dhansiri,26.23000000,94.26083333,06-12-2025 07:00,409.5
1356,1356,Doyang Hep Reservoir,CWC,13,Nagaland,250,WOKHA,WOKHA,-,-,Dhansiri,Brahmaputra,BRAHMAPUTRA,BRAHMAPUTRA,BRAMAPUTRA,Dhansiri,26.23000000,94.26083333,06-12-2025 08:00,60.5
1357,1357,Doyang Hep Reservoir,CWC,13,Nagaland,250,WOKHA,WOKHA,-,-,Dhansiri,Brahmaputra,BRAHMAPUTRA,BRAHMAPUTRA,BRAMAPUTRA,Dhansiri,26.23000000,94.26083333,08-12-2025 01:00,15
1358,1358,Doyang Hep Reservoir,CWC,13,Nagaland,250,WOKHA,WOKHA,-,-,Dhansiri,Brahmaputra,BRAHMAPUTRA,BRAHMAPUTRA,BRAMAPUTRA,Dhansiri,26.23000000,94.26083333,16-12-2025 01:00,368.5
1359,1359,Doyang Hep Reservoir,CWC,13,Nagaland,250,WOKHA,WOKHA,-,-,Dhansiri,Brahmaputra,BRAHMAPUTRA,BRAHMAPUTRA,BRAMAPUTRA,Dhansiri,26.23000000,94.26083333,16-12-2025 02:00,202
1360,1360,Doyang Hep Reservoir,CWC,13,Nagaland,250,WOKHA,WOKHA,-,-,Dhansiri,Brahmaputra,BRAHMAPUTRA,BRAHMAPUTRA,BRAMAPUTRA,Dhansiri,26.23000000,94.26083333,17-12-2025 01:00,2
1361,1361,Doyang Hep Reservoir,CWC,13,Nagaland,250,WOKHA,WOKHA,-,-,Dhansiri,Brahmaputra,BRAHMAPUTRA,BRAHMAPUTRA,BRAMAPUTRA,Dhansiri,26.23000000,94.26083333,17-12-2025 07:00,64.5
1362,1362,Doyang Hep Reservoir,CWC,13,Nagaland,250,WOKHA,WOKHA,-,-,Dhansiri,Brahmaputra,BRAHMAPUTRA,BRAHMAPUTRA,BRAMAPUTRA,Dhansiri,26.23000000,94.26083333,19-12-2025 09:00,1
1363,1363,Doyang Hep Reservoir,CWC,13,Nagaland,250,WOKHA,WOKHA,-,-,Dhansiri,Brahmaputra,BRAHMAPUTRA,BRAHMAPUTRA,BRAMAPUTRA,Dhansiri,26.23000000,94.26083333,20-12-2025 03:00,14.5
1364,1364,Doyang Hep Reservoir,CWC,13,Nagaland,250,WOKHA,WOKHA,-,-,Dhansiri,Brahmaputra,BRAHMAPUTRA,BRAHMAPUTRA,BRAMAPUTRA,Dhansiri,26.23000000,94.26083333,20-12-2025 04:00,20
1365,1365,Doyang Hep Reservoir,CWC,13,Nagaland,250,WOKHA,WOKHA,-,-,Dhansiri,Brahmaputra,BRAHMAPUTRA,BRAHMAPUTRA,BRAMAPUTRA,Dhansiri,26.23000000,94.26083333,20-12-2025 05:00,7
1366,1366,Doyang Hep Reservoir,CWC,13,Nagaland,250,WOKHA,WOKHA,-,-,Dhansiri,Brahmaputra,BRAHMAPUTRA,BRAHMAPUTRA,BRAMAPUTRA,Dhansiri,26.23000000,94.26083333,20-12-2025 06:00,4
1367,1367,Doyang Hep Reservoir,CWC,13,Nagaland,250,WOKHA,WOKHA,-,-,Dhansiri,Brahmaputra,BRAHMAPUTRA,BRAHMAPUTRA,BRAMAPUTRA,Dhansiri,26.23000000,94.26083333,20-12-2025 07:00,1
1368,1368,Doyang Hep Reservoir,CWC,13,Nagaland,250,WOKHA,WOKHA,-,-,Dhansiri,Brahmaputra,BRAHMAPUTRA,BRAHMAPUTRA,BRAMAPUTRA,Dhansiri,26.23000000,94.26083333,20-12-2025 08:00,221
